[0.152s] DEBUG:colcon:Command line arguments: ['/usr/bin/colcon', 'build']
[0.152s] DEBUG:colcon:Parsed command line arguments: Namespace(log_base=None, log_level=None, verb_name='build', build_base='build', install_base='install', merge_install=False, symlink_install=False, test_result_base=None, continue_on_error=False, executor='parallel', parallel_workers=32, event_handlers=None, ignore_user_meta=False, metas=['./colcon.meta'], base_paths=['.'], packages_ignore=None, packages_ignore_regex=None, paths=None, packages_up_to=None, packages_up_to_regex=None, packages_above=None, packages_above_and_dependencies=None, packages_above_depth=None, packages_select_by_dep=None, packages_skip_by_dep=None, packages_skip_up_to=None, packages_select_build_failed=False, packages_skip_build_finished=False, packages_select_test_failures=False, packages_skip_test_passed=False, packages_select=None, packages_skip=None, packages_select_regex=None, packages_skip_regex=None, packages_start=None, packages_end=None, allow_overriding=[], cmake_args=None, cmake_target=None, cmake_target_skip_unavailable=False, cmake_clean_cache=False, cmake_clean_first=False, cmake_force_configure=False, ament_cmake_args=None, catkin_cmake_args=None, catkin_skip_building_tests=False, mixin_files=None, mixin=None, verb_parser=<colcon_mixin.mixin.mixin_argument.MixinArgumentDecorator object at 0x757df43dd040>, verb_extension=<colcon_core.verb.build.BuildVerb object at 0x757df43dcce0>, main=<bound method BuildVerb.main of <colcon_core.verb.build.BuildVerb object at 0x757df43dcce0>>, mixin_verb=('build',))
[0.193s] Level 1:colcon.colcon_core.package_discovery:discover_packages(colcon_meta) check parameters
[0.193s] Level 1:colcon.colcon_core.package_discovery:discover_packages(recursive) check parameters
[0.193s] Level 1:colcon.colcon_core.package_discovery:discover_packages(ignore) check parameters
[0.193s] Level 1:colcon.colcon_core.package_discovery:discover_packages(path) check parameters
[0.193s] Level 1:colcon.colcon_core.package_discovery:discover_packages(colcon_meta) discover
[0.193s] Level 1:colcon.colcon_core.package_discovery:discover_packages(recursive) discover
[0.193s] INFO:colcon.colcon_core.package_discovery:Crawling recursively for packages in '/home/liam-bouffard/Desktop/rob599_mobile_robotics/Homework_4/pioneer_ws'
[0.193s] Level 1:colcon.colcon_core.package_identification:_identify(.) by extensions ['ignore', 'ignore_ament_install']
[0.193s] Level 1:colcon.colcon_core.package_identification:_identify(.) by extension 'ignore'
[0.193s] Level 1:colcon.colcon_core.package_identification:_identify(.) by extension 'ignore_ament_install'
[0.193s] Level 1:colcon.colcon_core.package_identification:_identify(.) by extensions ['colcon_pkg']
[0.193s] Level 1:colcon.colcon_core.package_identification:_identify(.) by extension 'colcon_pkg'
[0.193s] Level 1:colcon.colcon_core.package_identification:_identify(.) by extensions ['colcon_meta']
[0.193s] Level 1:colcon.colcon_core.package_identification:_identify(.) by extension 'colcon_meta'
[0.193s] Level 1:colcon.colcon_core.package_identification:_identify(.) by extensions ['ros']
[0.193s] Level 1:colcon.colcon_core.package_identification:_identify(.) by extension 'ros'
[0.218s] Level 1:colcon.colcon_core.package_identification:_identify(.) by extensions ['cmake', 'python']
[0.218s] Level 1:colcon.colcon_core.package_identification:_identify(.) by extension 'cmake'
[0.218s] Level 1:colcon.colcon_core.package_identification:_identify(.) by extension 'python'
[0.218s] Level 1:colcon.colcon_core.package_identification:_identify(.) by extensions ['python_setup_py']
[0.218s] Level 1:colcon.colcon_core.package_identification:_identify(.) by extension 'python_setup_py'
[0.218s] Level 1:colcon.colcon_core.package_identification:_identify(build) by extensions ['ignore', 'ignore_ament_install']
[0.219s] Level 1:colcon.colcon_core.package_identification:_identify(build) by extension 'ignore'
[0.219s] Level 1:colcon.colcon_core.package_identification:_identify(build) ignored
[0.219s] Level 1:colcon.colcon_core.package_identification:_identify(install) by extensions ['ignore', 'ignore_ament_install']
[0.219s] Level 1:colcon.colcon_core.package_identification:_identify(install) by extension 'ignore'
[0.219s] Level 1:colcon.colcon_core.package_identification:_identify(install) ignored
[0.219s] Level 1:colcon.colcon_core.package_identification:_identify(log) by extensions ['ignore', 'ignore_ament_install']
[0.219s] Level 1:colcon.colcon_core.package_identification:_identify(log) by extension 'ignore'
[0.219s] Level 1:colcon.colcon_core.package_identification:_identify(log) ignored
[0.219s] Level 1:colcon.colcon_core.package_identification:_identify(src) by extensions ['ignore', 'ignore_ament_install']
[0.219s] Level 1:colcon.colcon_core.package_identification:_identify(src) by extension 'ignore'
[0.219s] Level 1:colcon.colcon_core.package_identification:_identify(src) by extension 'ignore_ament_install'
[0.219s] Level 1:colcon.colcon_core.package_identification:_identify(src) by extensions ['colcon_pkg']
[0.219s] Level 1:colcon.colcon_core.package_identification:_identify(src) by extension 'colcon_pkg'
[0.219s] Level 1:colcon.colcon_core.package_identification:_identify(src) by extensions ['colcon_meta']
[0.219s] Level 1:colcon.colcon_core.package_identification:_identify(src) by extension 'colcon_meta'
[0.219s] Level 1:colcon.colcon_core.package_identification:_identify(src) by extensions ['ros']
[0.219s] Level 1:colcon.colcon_core.package_identification:_identify(src) by extension 'ros'
[0.219s] Level 1:colcon.colcon_core.package_identification:_identify(src) by extensions ['cmake', 'python']
[0.219s] Level 1:colcon.colcon_core.package_identification:_identify(src) by extension 'cmake'
[0.219s] Level 1:colcon.colcon_core.package_identification:_identify(src) by extension 'python'
[0.219s] Level 1:colcon.colcon_core.package_identification:_identify(src) by extensions ['python_setup_py']
[0.219s] Level 1:colcon.colcon_core.package_identification:_identify(src) by extension 'python_setup_py'
[0.219s] Level 1:colcon.colcon_core.package_identification:_identify(src/Stage) by extensions ['ignore', 'ignore_ament_install']
[0.220s] Level 1:colcon.colcon_core.package_identification:_identify(src/Stage) by extension 'ignore'
[0.220s] Level 1:colcon.colcon_core.package_identification:_identify(src/Stage) by extension 'ignore_ament_install'
[0.220s] Level 1:colcon.colcon_core.package_identification:_identify(src/Stage) by extensions ['colcon_pkg']
[0.220s] Level 1:colcon.colcon_core.package_identification:_identify(src/Stage) by extension 'colcon_pkg'
[0.220s] Level 1:colcon.colcon_core.package_identification:_identify(src/Stage) by extensions ['colcon_meta']
[0.220s] Level 1:colcon.colcon_core.package_identification:_identify(src/Stage) by extension 'colcon_meta'
[0.220s] Level 1:colcon.colcon_core.package_identification:_identify(src/Stage) by extensions ['ros']
[0.220s] Level 1:colcon.colcon_core.package_identification:_identify(src/Stage) by extension 'ros'
[0.222s] DEBUG:colcon.colcon_core.package_identification:Package 'src/Stage' with type 'ros.catkin' and name 'stage'
[0.223s] Level 1:colcon.colcon_core.package_identification:_identify(src/goal_target) by extensions ['ignore', 'ignore_ament_install']
[0.223s] Level 1:colcon.colcon_core.package_identification:_identify(src/goal_target) by extension 'ignore'
[0.223s] Level 1:colcon.colcon_core.package_identification:_identify(src/goal_target) by extension 'ignore_ament_install'
[0.223s] Level 1:colcon.colcon_core.package_identification:_identify(src/goal_target) by extensions ['colcon_pkg']
[0.223s] Level 1:colcon.colcon_core.package_identification:_identify(src/goal_target) by extension 'colcon_pkg'
[0.223s] Level 1:colcon.colcon_core.package_identification:_identify(src/goal_target) by extensions ['colcon_meta']
[0.223s] Level 1:colcon.colcon_core.package_identification:_identify(src/goal_target) by extension 'colcon_meta'
[0.223s] Level 1:colcon.colcon_core.package_identification:_identify(src/goal_target) by extensions ['ros']
[0.223s] Level 1:colcon.colcon_core.package_identification:_identify(src/goal_target) by extension 'ros'
[0.223s] DEBUG:colcon.colcon_core.package_identification:Package 'src/goal_target' with type 'ros.ament_cmake' and name 'goal_target'
[0.223s] Level 1:colcon.colcon_core.package_identification:_identify(src/pioneer) by extensions ['ignore', 'ignore_ament_install']
[0.223s] Level 1:colcon.colcon_core.package_identification:_identify(src/pioneer) by extension 'ignore'
[0.224s] Level 1:colcon.colcon_core.package_identification:_identify(src/pioneer) by extension 'ignore_ament_install'
[0.224s] Level 1:colcon.colcon_core.package_identification:_identify(src/pioneer) by extensions ['colcon_pkg']
[0.224s] Level 1:colcon.colcon_core.package_identification:_identify(src/pioneer) by extension 'colcon_pkg'
[0.224s] Level 1:colcon.colcon_core.package_identification:_identify(src/pioneer) by extensions ['colcon_meta']
[0.224s] Level 1:colcon.colcon_core.package_identification:_identify(src/pioneer) by extension 'colcon_meta'
[0.224s] Level 1:colcon.colcon_core.package_identification:_identify(src/pioneer) by extensions ['ros']
[0.224s] Level 1:colcon.colcon_core.package_identification:_identify(src/pioneer) by extension 'ros'
[0.224s] DEBUG:colcon.colcon_core.package_identification:Package 'src/pioneer' with type 'ros.ament_python' and name 'pioneer'
[0.224s] Level 1:colcon.colcon_core.package_identification:_identify(src/pioneer_interfaces) by extensions ['ignore', 'ignore_ament_install']
[0.224s] Level 1:colcon.colcon_core.package_identification:_identify(src/pioneer_interfaces) by extension 'ignore'
[0.224s] Level 1:colcon.colcon_core.package_identification:_identify(src/pioneer_interfaces) by extension 'ignore_ament_install'
[0.225s] Level 1:colcon.colcon_core.package_identification:_identify(src/pioneer_interfaces) by extensions ['colcon_pkg']
[0.225s] Level 1:colcon.colcon_core.package_identification:_identify(src/pioneer_interfaces) by extension 'colcon_pkg'
[0.225s] Level 1:colcon.colcon_core.package_identification:_identify(src/pioneer_interfaces) by extensions ['colcon_meta']
[0.225s] Level 1:colcon.colcon_core.package_identification:_identify(src/pioneer_interfaces) by extension 'colcon_meta'
[0.225s] Level 1:colcon.colcon_core.package_identification:_identify(src/pioneer_interfaces) by extensions ['ros']
[0.225s] Level 1:colcon.colcon_core.package_identification:_identify(src/pioneer_interfaces) by extension 'ros'
[0.225s] DEBUG:colcon.colcon_core.package_identification:Package 'src/pioneer_interfaces' with type 'ros.ament_cmake' and name 'pioneer_interfaces'
[0.225s] Level 1:colcon.colcon_core.package_identification:_identify(src/stage_ros2) by extensions ['ignore', 'ignore_ament_install']
[0.225s] Level 1:colcon.colcon_core.package_identification:_identify(src/stage_ros2) by extension 'ignore'
[0.225s] Level 1:colcon.colcon_core.package_identification:_identify(src/stage_ros2) by extension 'ignore_ament_install'
[0.225s] Level 1:colcon.colcon_core.package_identification:_identify(src/stage_ros2) by extensions ['colcon_pkg']
[0.225s] Level 1:colcon.colcon_core.package_identification:_identify(src/stage_ros2) by extension 'colcon_pkg'
[0.225s] Level 1:colcon.colcon_core.package_identification:_identify(src/stage_ros2) by extensions ['colcon_meta']
[0.225s] Level 1:colcon.colcon_core.package_identification:_identify(src/stage_ros2) by extension 'colcon_meta'
[0.225s] Level 1:colcon.colcon_core.package_identification:_identify(src/stage_ros2) by extensions ['ros']
[0.226s] Level 1:colcon.colcon_core.package_identification:_identify(src/stage_ros2) by extension 'ros'
[0.226s] DEBUG:colcon.colcon_core.package_identification:Package 'src/stage_ros2' with type 'ros.ament_cmake' and name 'stage_ros2'
[0.226s] Level 1:colcon.colcon_core.package_discovery:discover_packages(recursive) using defaults
[0.226s] Level 1:colcon.colcon_core.package_discovery:discover_packages(ignore) discover
[0.226s] Level 1:colcon.colcon_core.package_discovery:discover_packages(ignore) using defaults
[0.226s] Level 1:colcon.colcon_core.package_discovery:discover_packages(path) discover
[0.226s] Level 1:colcon.colcon_core.package_discovery:discover_packages(path) using defaults
[0.245s] Level 1:colcon.colcon_core.package_discovery:discover_packages(prefix_path) check parameters
[0.245s] Level 1:colcon.colcon_core.package_discovery:discover_packages(prefix_path) discover
[0.248s] DEBUG:colcon.colcon_installed_package_information.package_discovery:Found 5 installed packages in /home/liam-bouffard/Desktop/rob599_mobile_robotics/Homework_4/pioneer_ws/install
[0.248s] DEBUG:colcon.colcon_installed_package_information.package_discovery:Found 6 installed packages in /home/liam-bouffard/Desktop/rob599_mobile_robotics/Homework_3/pioneer_ws/install
[0.250s] DEBUG:colcon.colcon_installed_package_information.package_discovery:Found 408 installed packages in /opt/ros/kilted
[0.250s] Level 1:colcon.colcon_core.package_discovery:discover_packages(prefix_path) using defaults
[0.294s] Level 5:colcon.colcon_core.verb:set package 'goal_target' build argument 'cmake_args' from command line to 'None'
[0.294s] Level 5:colcon.colcon_core.verb:set package 'goal_target' build argument 'cmake_target' from command line to 'None'
[0.294s] Level 5:colcon.colcon_core.verb:set package 'goal_target' build argument 'cmake_target_skip_unavailable' from command line to 'False'
[0.294s] Level 5:colcon.colcon_core.verb:set package 'goal_target' build argument 'cmake_clean_cache' from command line to 'False'
[0.294s] Level 5:colcon.colcon_core.verb:set package 'goal_target' build argument 'cmake_clean_first' from command line to 'False'
[0.294s] Level 5:colcon.colcon_core.verb:set package 'goal_target' build argument 'cmake_force_configure' from command line to 'False'
[0.294s] Level 5:colcon.colcon_core.verb:set package 'goal_target' build argument 'ament_cmake_args' from command line to 'None'
[0.294s] Level 5:colcon.colcon_core.verb:set package 'goal_target' build argument 'catkin_cmake_args' from command line to 'None'
[0.294s] Level 5:colcon.colcon_core.verb:set package 'goal_target' build argument 'catkin_skip_building_tests' from command line to 'False'
[0.294s] DEBUG:colcon.colcon_core.verb:Building package 'goal_target' with the following arguments: {'ament_cmake_args': None, 'build_base': '/home/liam-bouffard/Desktop/rob599_mobile_robotics/Homework_4/pioneer_ws/build/goal_target', 'catkin_cmake_args': None, 'catkin_skip_building_tests': False, 'cmake_args': None, 'cmake_clean_cache': False, 'cmake_clean_first': False, 'cmake_force_configure': False, 'cmake_target': None, 'cmake_target_skip_unavailable': False, 'install_base': '/home/liam-bouffard/Desktop/rob599_mobile_robotics/Homework_4/pioneer_ws/install/goal_target', 'merge_install': False, 'path': '/home/liam-bouffard/Desktop/rob599_mobile_robotics/Homework_4/pioneer_ws/src/goal_target', 'symlink_install': False, 'test_result_base': None}
[0.294s] Level 5:colcon.colcon_core.verb:set package 'pioneer_interfaces' build argument 'cmake_args' from command line to 'None'
[0.294s] Level 5:colcon.colcon_core.verb:set package 'pioneer_interfaces' build argument 'cmake_target' from command line to 'None'
[0.294s] Level 5:colcon.colcon_core.verb:set package 'pioneer_interfaces' build argument 'cmake_target_skip_unavailable' from command line to 'False'
[0.294s] Level 5:colcon.colcon_core.verb:set package 'pioneer_interfaces' build argument 'cmake_clean_cache' from command line to 'False'
[0.294s] Level 5:colcon.colcon_core.verb:set package 'pioneer_interfaces' build argument 'cmake_clean_first' from command line to 'False'
[0.294s] Level 5:colcon.colcon_core.verb:set package 'pioneer_interfaces' build argument 'cmake_force_configure' from command line to 'False'
[0.294s] Level 5:colcon.colcon_core.verb:set package 'pioneer_interfaces' build argument 'ament_cmake_args' from command line to 'None'
[0.294s] Level 5:colcon.colcon_core.verb:set package 'pioneer_interfaces' build argument 'catkin_cmake_args' from command line to 'None'
[0.294s] Level 5:colcon.colcon_core.verb:set package 'pioneer_interfaces' build argument 'catkin_skip_building_tests' from command line to 'False'
[0.294s] DEBUG:colcon.colcon_core.verb:Building package 'pioneer_interfaces' with the following arguments: {'ament_cmake_args': None, 'build_base': '/home/liam-bouffard/Desktop/rob599_mobile_robotics/Homework_4/pioneer_ws/build/pioneer_interfaces', 'catkin_cmake_args': None, 'catkin_skip_building_tests': False, 'cmake_args': None, 'cmake_clean_cache': False, 'cmake_clean_first': False, 'cmake_force_configure': False, 'cmake_target': None, 'cmake_target_skip_unavailable': False, 'install_base': '/home/liam-bouffard/Desktop/rob599_mobile_robotics/Homework_4/pioneer_ws/install/pioneer_interfaces', 'merge_install': False, 'path': '/home/liam-bouffard/Desktop/rob599_mobile_robotics/Homework_4/pioneer_ws/src/pioneer_interfaces', 'symlink_install': False, 'test_result_base': None}
[0.294s] Level 5:colcon.colcon_core.verb:set package 'stage' build argument 'cmake_args' from command line to 'None'
[0.295s] Level 5:colcon.colcon_core.verb:set package 'stage' build argument 'cmake_target' from command line to 'None'
[0.295s] Level 5:colcon.colcon_core.verb:set package 'stage' build argument 'cmake_target_skip_unavailable' from command line to 'False'
[0.295s] Level 5:colcon.colcon_core.verb:set package 'stage' build argument 'cmake_clean_cache' from command line to 'False'
[0.295s] Level 5:colcon.colcon_core.verb:set package 'stage' build argument 'cmake_clean_first' from command line to 'False'
[0.295s] Level 5:colcon.colcon_core.verb:set package 'stage' build argument 'cmake_force_configure' from command line to 'False'
[0.295s] Level 5:colcon.colcon_core.verb:set package 'stage' build argument 'ament_cmake_args' from command line to 'None'
[0.295s] Level 5:colcon.colcon_core.verb:set package 'stage' build argument 'catkin_cmake_args' from command line to 'None'
[0.295s] Level 5:colcon.colcon_core.verb:set package 'stage' build argument 'catkin_skip_building_tests' from command line to 'False'
[0.295s] DEBUG:colcon.colcon_core.verb:Building package 'stage' with the following arguments: {'ament_cmake_args': None, 'build_base': '/home/liam-bouffard/Desktop/rob599_mobile_robotics/Homework_4/pioneer_ws/build/stage', 'catkin_cmake_args': None, 'catkin_skip_building_tests': False, 'cmake_args': None, 'cmake_clean_cache': False, 'cmake_clean_first': False, 'cmake_force_configure': False, 'cmake_target': None, 'cmake_target_skip_unavailable': False, 'install_base': '/home/liam-bouffard/Desktop/rob599_mobile_robotics/Homework_4/pioneer_ws/install/stage', 'merge_install': False, 'path': '/home/liam-bouffard/Desktop/rob599_mobile_robotics/Homework_4/pioneer_ws/src/Stage', 'symlink_install': False, 'test_result_base': None}
[0.295s] Level 5:colcon.colcon_core.verb:set package 'pioneer' build argument 'cmake_args' from command line to 'None'
[0.295s] Level 5:colcon.colcon_core.verb:set package 'pioneer' build argument 'cmake_target' from command line to 'None'
[0.295s] Level 5:colcon.colcon_core.verb:set package 'pioneer' build argument 'cmake_target_skip_unavailable' from command line to 'False'
[0.295s] Level 5:colcon.colcon_core.verb:set package 'pioneer' build argument 'cmake_clean_cache' from command line to 'False'
[0.295s] Level 5:colcon.colcon_core.verb:set package 'pioneer' build argument 'cmake_clean_first' from command line to 'False'
[0.295s] Level 5:colcon.colcon_core.verb:set package 'pioneer' build argument 'cmake_force_configure' from command line to 'False'
[0.295s] Level 5:colcon.colcon_core.verb:set package 'pioneer' build argument 'ament_cmake_args' from command line to 'None'
[0.295s] Level 5:colcon.colcon_core.verb:set package 'pioneer' build argument 'catkin_cmake_args' from command line to 'None'
[0.295s] Level 5:colcon.colcon_core.verb:set package 'pioneer' build argument 'catkin_skip_building_tests' from command line to 'False'
[0.295s] DEBUG:colcon.colcon_core.verb:Building package 'pioneer' with the following arguments: {'ament_cmake_args': None, 'build_base': '/home/liam-bouffard/Desktop/rob599_mobile_robotics/Homework_4/pioneer_ws/build/pioneer', 'catkin_cmake_args': None, 'catkin_skip_building_tests': False, 'cmake_args': None, 'cmake_clean_cache': False, 'cmake_clean_first': False, 'cmake_force_configure': False, 'cmake_target': None, 'cmake_target_skip_unavailable': False, 'install_base': '/home/liam-bouffard/Desktop/rob599_mobile_robotics/Homework_4/pioneer_ws/install/pioneer', 'merge_install': False, 'path': '/home/liam-bouffard/Desktop/rob599_mobile_robotics/Homework_4/pioneer_ws/src/pioneer', 'symlink_install': False, 'test_result_base': None}
[0.295s] Level 5:colcon.colcon_core.verb:set package 'stage_ros2' build argument 'cmake_args' from command line to 'None'
[0.295s] Level 5:colcon.colcon_core.verb:set package 'stage_ros2' build argument 'cmake_target' from command line to 'None'
[0.295s] Level 5:colcon.colcon_core.verb:set package 'stage_ros2' build argument 'cmake_target_skip_unavailable' from command line to 'False'
[0.295s] Level 5:colcon.colcon_core.verb:set package 'stage_ros2' build argument 'cmake_clean_cache' from command line to 'False'
[0.295s] Level 5:colcon.colcon_core.verb:set package 'stage_ros2' build argument 'cmake_clean_first' from command line to 'False'
[0.295s] Level 5:colcon.colcon_core.verb:set package 'stage_ros2' build argument 'cmake_force_configure' from command line to 'False'
[0.295s] Level 5:colcon.colcon_core.verb:set package 'stage_ros2' build argument 'ament_cmake_args' from command line to 'None'
[0.295s] Level 5:colcon.colcon_core.verb:set package 'stage_ros2' build argument 'catkin_cmake_args' from command line to 'None'
[0.295s] Level 5:colcon.colcon_core.verb:set package 'stage_ros2' build argument 'catkin_skip_building_tests' from command line to 'False'
[0.295s] DEBUG:colcon.colcon_core.verb:Building package 'stage_ros2' with the following arguments: {'ament_cmake_args': None, 'build_base': '/home/liam-bouffard/Desktop/rob599_mobile_robotics/Homework_4/pioneer_ws/build/stage_ros2', 'catkin_cmake_args': None, 'catkin_skip_building_tests': False, 'cmake_args': None, 'cmake_clean_cache': False, 'cmake_clean_first': False, 'cmake_force_configure': False, 'cmake_target': None, 'cmake_target_skip_unavailable': False, 'install_base': '/home/liam-bouffard/Desktop/rob599_mobile_robotics/Homework_4/pioneer_ws/install/stage_ros2', 'merge_install': False, 'path': '/home/liam-bouffard/Desktop/rob599_mobile_robotics/Homework_4/pioneer_ws/src/stage_ros2', 'symlink_install': False, 'test_result_base': None}
[0.295s] INFO:colcon.colcon_core.executor:Executing jobs using 'parallel' executor
[0.296s] DEBUG:colcon.colcon_parallel_executor.executor.parallel:run_until_complete
[0.296s] INFO:colcon.colcon_ros.task.ament_cmake.build:Building ROS package in '/home/liam-bouffard/Desktop/rob599_mobile_robotics/Homework_4/pioneer_ws/src/goal_target' with build type 'ament_cmake'
[0.296s] INFO:colcon.colcon_cmake.task.cmake.build:Building CMake package in '/home/liam-bouffard/Desktop/rob599_mobile_robotics/Homework_4/pioneer_ws/src/goal_target'
[0.299s] INFO:colcon.colcon_core.plugin_system:Skipping extension 'colcon_core.shell.bat': Not used on non-Windows systems
[0.299s] INFO:colcon.colcon_core.shell:Skip shell extension 'powershell' for command environment: Not usable outside of PowerShell
[0.299s] DEBUG:colcon.colcon_core.shell:Skip shell extension 'dsv' for command environment
[0.303s] INFO:colcon.colcon_ros.task.ament_cmake.build:Building ROS package in '/home/liam-bouffard/Desktop/rob599_mobile_robotics/Homework_4/pioneer_ws/src/pioneer_interfaces' with build type 'ament_cmake'
[0.303s] INFO:colcon.colcon_cmake.task.cmake.build:Building CMake package in '/home/liam-bouffard/Desktop/rob599_mobile_robotics/Homework_4/pioneer_ws/src/pioneer_interfaces'
[0.303s] INFO:colcon.colcon_core.shell:Skip shell extension 'powershell' for command environment: Not usable outside of PowerShell
[0.303s] DEBUG:colcon.colcon_core.shell:Skip shell extension 'dsv' for command environment
[0.307s] INFO:colcon.colcon_ros.task.catkin.build:Building ROS package in '/home/liam-bouffard/Desktop/rob599_mobile_robotics/Homework_4/pioneer_ws/src/Stage' with build type 'catkin'
[0.307s] INFO:colcon.colcon_cmake.task.cmake.build:Building CMake package in '/home/liam-bouffard/Desktop/rob599_mobile_robotics/Homework_4/pioneer_ws/src/Stage'
[0.307s] INFO:colcon.colcon_core.shell:Skip shell extension 'powershell' for command environment: Not usable outside of PowerShell
[0.307s] DEBUG:colcon.colcon_core.shell:Skip shell extension 'dsv' for command environment
[0.312s] DEBUG:colcon.colcon_core.event_handler.log_command:Invoking command in '/home/liam-bouffard/Desktop/rob599_mobile_robotics/Homework_4/pioneer_ws/build/goal_target': CMAKE_PREFIX_PATH=/home/liam-bouffard/Desktop/rob599_mobile_robotics/Homework_4/pioneer_ws/install/stage_ros2:/home/liam-bouffard/Desktop/rob599_mobile_robotics/Homework_4/pioneer_ws/install/pioneer:/home/liam-bouffard/Desktop/rob599_mobile_robotics/Homework_3/pioneer_ws/install/start_robot:/home/liam-bouffard/Desktop/rob599_mobile_robotics/Homework_3/pioneer_ws/install/pioneer:/home/liam-bouffard/Desktop/rob599_mobile_robotics/Homework_3/pioneer_ws/install/pioneer_interfaces:/home/liam-bouffard/Desktop/rob599_mobile_robotics/Homework_3/pioneer_ws/install/goal_target:/opt/ros/kilted:/home/liam-bouffard/Desktop/rob599_mobile_robotics/Homework_4/pioneer_ws/install/stage:/home/liam-bouffard/Desktop/rob599_mobile_robotics/Homework_4/pioneer_ws/install/pioneer_interfaces:/home/liam-bouffard/Desktop/rob599_mobile_robotics/Homework_4/pioneer_ws/install/goal_target:/home/liam-bouffard/Desktop/rob599_mobile_robotics/Homework_3/pioneer_ws/install/stage_ros2:/home/liam-bouffard/Desktop/rob599_mobile_robotics/Homework_3/pioneer_ws/install/stage:/opt/ros/kilted/opt/gz_sim_vendor:/opt/ros/kilted/opt/gz_sensors_vendor:/opt/ros/kilted/opt/gz_physics_vendor:/opt/ros/kilted/opt/sdformat_vendor:/opt/ros/kilted/opt/gz_gui_vendor:/opt/ros/kilted/opt/gz_transport_vendor:/opt/ros/kilted/opt/gz_rendering_vendor:/opt/ros/kilted/opt/gz_plugin_vendor:/opt/ros/kilted/opt/gz_fuel_tools_vendor:/opt/ros/kilted/opt/gz_msgs_vendor:/opt/ros/kilted/opt/gz_common_vendor:/opt/ros/kilted/opt/gz_math_vendor:/opt/ros/kilted/opt/gz_utils_vendor:/opt/ros/kilted/opt/gz_tools_vendor:/opt/ros/kilted/opt/gz_ogre_next_vendor:/opt/ros/kilted/opt/gz_dartsim_vendor:/opt/ros/kilted/opt/gz_cmake_vendor DEBUGINFOD_URLS=https://debuginfod.ubuntu.com /usr/bin/cmake /home/liam-bouffard/Desktop/rob599_mobile_robotics/Homework_4/pioneer_ws/src/goal_target -DCMAKE_INSTALL_PREFIX=/home/liam-bouffard/Desktop/rob599_mobile_robotics/Homework_4/pioneer_ws/install/goal_target
[0.314s] DEBUG:colcon.colcon_core.event_handler.log_command:Invoking command in '/home/liam-bouffard/Desktop/rob599_mobile_robotics/Homework_4/pioneer_ws/build/pioneer_interfaces': CMAKE_PREFIX_PATH=/home/liam-bouffard/Desktop/rob599_mobile_robotics/Homework_4/pioneer_ws/install/stage_ros2:/home/liam-bouffard/Desktop/rob599_mobile_robotics/Homework_4/pioneer_ws/install/pioneer:/home/liam-bouffard/Desktop/rob599_mobile_robotics/Homework_3/pioneer_ws/install/start_robot:/home/liam-bouffard/Desktop/rob599_mobile_robotics/Homework_3/pioneer_ws/install/pioneer:/home/liam-bouffard/Desktop/rob599_mobile_robotics/Homework_3/pioneer_ws/install/pioneer_interfaces:/home/liam-bouffard/Desktop/rob599_mobile_robotics/Homework_3/pioneer_ws/install/goal_target:/opt/ros/kilted:/home/liam-bouffard/Desktop/rob599_mobile_robotics/Homework_4/pioneer_ws/install/stage:/home/liam-bouffard/Desktop/rob599_mobile_robotics/Homework_4/pioneer_ws/install/pioneer_interfaces:/home/liam-bouffard/Desktop/rob599_mobile_robotics/Homework_4/pioneer_ws/install/goal_target:/home/liam-bouffard/Desktop/rob599_mobile_robotics/Homework_3/pioneer_ws/install/stage_ros2:/home/liam-bouffard/Desktop/rob599_mobile_robotics/Homework_3/pioneer_ws/install/stage:/opt/ros/kilted/opt/gz_sim_vendor:/opt/ros/kilted/opt/gz_sensors_vendor:/opt/ros/kilted/opt/gz_physics_vendor:/opt/ros/kilted/opt/sdformat_vendor:/opt/ros/kilted/opt/gz_gui_vendor:/opt/ros/kilted/opt/gz_transport_vendor:/opt/ros/kilted/opt/gz_rendering_vendor:/opt/ros/kilted/opt/gz_plugin_vendor:/opt/ros/kilted/opt/gz_fuel_tools_vendor:/opt/ros/kilted/opt/gz_msgs_vendor:/opt/ros/kilted/opt/gz_common_vendor:/opt/ros/kilted/opt/gz_math_vendor:/opt/ros/kilted/opt/gz_utils_vendor:/opt/ros/kilted/opt/gz_tools_vendor:/opt/ros/kilted/opt/gz_ogre_next_vendor:/opt/ros/kilted/opt/gz_dartsim_vendor:/opt/ros/kilted/opt/gz_cmake_vendor DEBUGINFOD_URLS=https://debuginfod.ubuntu.com /usr/bin/cmake /home/liam-bouffard/Desktop/rob599_mobile_robotics/Homework_4/pioneer_ws/src/pioneer_interfaces -DCMAKE_INSTALL_PREFIX=/home/liam-bouffard/Desktop/rob599_mobile_robotics/Homework_4/pioneer_ws/install/pioneer_interfaces
[0.318s] DEBUG:colcon.colcon_core.event_handler.log_command:Invoking command in '/home/liam-bouffard/Desktop/rob599_mobile_robotics/Homework_4/pioneer_ws/build/stage': DEBUGINFOD_URLS=https://debuginfod.ubuntu.com /usr/bin/cmake --build /home/liam-bouffard/Desktop/rob599_mobile_robotics/Homework_4/pioneer_ws/build/stage -- -j32 -l32
[0.460s] DEBUG:colcon.colcon_core.event_handler.log_command:Invoked command in '/home/liam-bouffard/Desktop/rob599_mobile_robotics/Homework_4/pioneer_ws/build/stage' returned '0': DEBUGINFOD_URLS=https://debuginfod.ubuntu.com /usr/bin/cmake --build /home/liam-bouffard/Desktop/rob599_mobile_robotics/Homework_4/pioneer_ws/build/stage -- -j32 -l32
[0.469s] DEBUG:colcon.colcon_core.event_handler.log_command:Invoking command in '/home/liam-bouffard/Desktop/rob599_mobile_robotics/Homework_4/pioneer_ws/build/stage': DEBUGINFOD_URLS=https://debuginfod.ubuntu.com /usr/bin/cmake --install /home/liam-bouffard/Desktop/rob599_mobile_robotics/Homework_4/pioneer_ws/build/stage
[0.488s] DEBUG:colcon.colcon_core.event_handler.log_command:Invoked command in '/home/liam-bouffard/Desktop/rob599_mobile_robotics/Homework_4/pioneer_ws/build/stage' returned '0': DEBUGINFOD_URLS=https://debuginfod.ubuntu.com /usr/bin/cmake --install /home/liam-bouffard/Desktop/rob599_mobile_robotics/Homework_4/pioneer_ws/build/stage
[0.488s] Level 1:colcon.colcon_core.shell:create_environment_hook('stage', 'ros_package_path')
[0.489s] INFO:colcon.colcon_core.shell:Creating environment hook '/home/liam-bouffard/Desktop/rob599_mobile_robotics/Homework_4/pioneer_ws/install/stage/share/stage/hook/ros_package_path.ps1'
[0.489s] INFO:colcon.colcon_core.shell:Creating environment descriptor '/home/liam-bouffard/Desktop/rob599_mobile_robotics/Homework_4/pioneer_ws/install/stage/share/stage/hook/ros_package_path.dsv'
[0.490s] INFO:colcon.colcon_core.shell:Creating environment hook '/home/liam-bouffard/Desktop/rob599_mobile_robotics/Homework_4/pioneer_ws/install/stage/share/stage/hook/ros_package_path.sh'
[0.491s] Level 1:colcon.colcon_core.shell:create_environment_hook('stage', 'pkg_config_path')
[0.491s] INFO:colcon.colcon_core.shell:Creating environment hook '/home/liam-bouffard/Desktop/rob599_mobile_robotics/Homework_4/pioneer_ws/install/stage/share/stage/hook/pkg_config_path.ps1'
[0.491s] INFO:colcon.colcon_core.shell:Creating environment descriptor '/home/liam-bouffard/Desktop/rob599_mobile_robotics/Homework_4/pioneer_ws/install/stage/share/stage/hook/pkg_config_path.dsv'
[0.492s] INFO:colcon.colcon_core.shell:Creating environment hook '/home/liam-bouffard/Desktop/rob599_mobile_robotics/Homework_4/pioneer_ws/install/stage/share/stage/hook/pkg_config_path.sh'
[0.496s] Level 1:colcon.colcon_core.shell:create_environment_hook('stage', 'pkg_config_path_multiarch')
[0.496s] INFO:colcon.colcon_core.shell:Creating environment hook '/home/liam-bouffard/Desktop/rob599_mobile_robotics/Homework_4/pioneer_ws/install/stage/share/stage/hook/pkg_config_path_multiarch.ps1'
[0.496s] INFO:colcon.colcon_core.shell:Creating environment descriptor '/home/liam-bouffard/Desktop/rob599_mobile_robotics/Homework_4/pioneer_ws/install/stage/share/stage/hook/pkg_config_path_multiarch.dsv'
[0.497s] INFO:colcon.colcon_core.shell:Creating environment hook '/home/liam-bouffard/Desktop/rob599_mobile_robotics/Homework_4/pioneer_ws/install/stage/share/stage/hook/pkg_config_path_multiarch.sh'
[0.497s] Level 1:colcon.colcon_core.environment:create_environment_scripts_only(stage)
[0.500s] Level 1:colcon.colcon_core.environment:checking '/home/liam-bouffard/Desktop/rob599_mobile_robotics/Homework_4/pioneer_ws/install/stage' for CMake module files
[0.501s] Level 1:colcon.colcon_core.environment:checking '/home/liam-bouffard/Desktop/rob599_mobile_robotics/Homework_4/pioneer_ws/install/stage' for CMake config files
[0.501s] Level 1:colcon.colcon_core.shell:create_environment_hook('stage', 'cmake_prefix_path')
[0.501s] INFO:colcon.colcon_core.shell:Creating environment hook '/home/liam-bouffard/Desktop/rob599_mobile_robotics/Homework_4/pioneer_ws/install/stage/share/stage/hook/cmake_prefix_path.ps1'
[0.501s] INFO:colcon.colcon_core.shell:Creating environment descriptor '/home/liam-bouffard/Desktop/rob599_mobile_robotics/Homework_4/pioneer_ws/install/stage/share/stage/hook/cmake_prefix_path.dsv'
[0.501s] INFO:colcon.colcon_core.shell:Creating environment hook '/home/liam-bouffard/Desktop/rob599_mobile_robotics/Homework_4/pioneer_ws/install/stage/share/stage/hook/cmake_prefix_path.sh'
[0.502s] Level 1:colcon.colcon_core.environment:checking '/home/liam-bouffard/Desktop/rob599_mobile_robotics/Homework_4/pioneer_ws/install/stage/lib'
[0.502s] Level 1:colcon.colcon_core.shell:create_environment_hook('stage', 'ld_library_path_lib')
[0.502s] INFO:colcon.colcon_core.shell:Creating environment hook '/home/liam-bouffard/Desktop/rob599_mobile_robotics/Homework_4/pioneer_ws/install/stage/share/stage/hook/ld_library_path_lib.ps1'
[0.502s] INFO:colcon.colcon_core.shell:Creating environment descriptor '/home/liam-bouffard/Desktop/rob599_mobile_robotics/Homework_4/pioneer_ws/install/stage/share/stage/hook/ld_library_path_lib.dsv'
[0.502s] INFO:colcon.colcon_core.shell:Creating environment hook '/home/liam-bouffard/Desktop/rob599_mobile_robotics/Homework_4/pioneer_ws/install/stage/share/stage/hook/ld_library_path_lib.sh'
[0.503s] Level 1:colcon.colcon_core.environment:checking '/home/liam-bouffard/Desktop/rob599_mobile_robotics/Homework_4/pioneer_ws/install/stage/bin'
[0.503s] Level 1:colcon.colcon_core.shell:create_environment_hook('stage', 'path')
[0.503s] INFO:colcon.colcon_core.shell:Creating environment hook '/home/liam-bouffard/Desktop/rob599_mobile_robotics/Homework_4/pioneer_ws/install/stage/share/stage/hook/path.ps1'
[0.503s] INFO:colcon.colcon_core.shell:Creating environment descriptor '/home/liam-bouffard/Desktop/rob599_mobile_robotics/Homework_4/pioneer_ws/install/stage/share/stage/hook/path.dsv'
[0.503s] INFO:colcon.colcon_core.shell:Creating environment hook '/home/liam-bouffard/Desktop/rob599_mobile_robotics/Homework_4/pioneer_ws/install/stage/share/stage/hook/path.sh'
[0.504s] Level 1:colcon.colcon_core.environment:checking '/home/liam-bouffard/Desktop/rob599_mobile_robotics/Homework_4/pioneer_ws/install/stage/lib/pkgconfig/stage.pc'
[0.504s] Level 1:colcon.colcon_core.shell:create_environment_hook('stage', 'pkg_config')
[0.504s] INFO:colcon.colcon_core.shell:Creating environment hook '/home/liam-bouffard/Desktop/rob599_mobile_robotics/Homework_4/pioneer_ws/install/stage/share/stage/hook/pkg_config.ps1'
[0.504s] INFO:colcon.colcon_core.shell:Creating environment descriptor '/home/liam-bouffard/Desktop/rob599_mobile_robotics/Homework_4/pioneer_ws/install/stage/share/stage/hook/pkg_config.dsv'
[0.504s] INFO:colcon.colcon_core.shell:Creating environment hook '/home/liam-bouffard/Desktop/rob599_mobile_robotics/Homework_4/pioneer_ws/install/stage/share/stage/hook/pkg_config.sh'
[0.504s] Level 1:colcon.colcon_core.environment:checking '/home/liam-bouffard/Desktop/rob599_mobile_robotics/Homework_4/pioneer_ws/install/stage/lib/python3.12/site-packages'
[0.505s] Level 1:colcon.colcon_core.environment:checking '/home/liam-bouffard/Desktop/rob599_mobile_robotics/Homework_4/pioneer_ws/install/stage/bin'
[0.505s] Level 1:colcon.colcon_core.shell:create_environment_hook('stage', 'pythonscriptspath')
[0.505s] INFO:colcon.colcon_core.shell:Creating environment hook '/home/liam-bouffard/Desktop/rob599_mobile_robotics/Homework_4/pioneer_ws/install/stage/share/stage/hook/pythonscriptspath.ps1'
[0.505s] INFO:colcon.colcon_core.shell:Creating environment descriptor '/home/liam-bouffard/Desktop/rob599_mobile_robotics/Homework_4/pioneer_ws/install/stage/share/stage/hook/pythonscriptspath.dsv'
[0.505s] INFO:colcon.colcon_core.shell:Creating environment hook '/home/liam-bouffard/Desktop/rob599_mobile_robotics/Homework_4/pioneer_ws/install/stage/share/stage/hook/pythonscriptspath.sh'
[0.506s] INFO:colcon.colcon_core.shell:Creating package script '/home/liam-bouffard/Desktop/rob599_mobile_robotics/Homework_4/pioneer_ws/install/stage/share/stage/package.ps1'
[0.507s] INFO:colcon.colcon_core.shell:Creating package descriptor '/home/liam-bouffard/Desktop/rob599_mobile_robotics/Homework_4/pioneer_ws/install/stage/share/stage/package.dsv'
[0.508s] INFO:colcon.colcon_core.shell:Creating package script '/home/liam-bouffard/Desktop/rob599_mobile_robotics/Homework_4/pioneer_ws/install/stage/share/stage/package.sh'
[0.509s] INFO:colcon.colcon_core.shell:Creating package script '/home/liam-bouffard/Desktop/rob599_mobile_robotics/Homework_4/pioneer_ws/install/stage/share/stage/package.bash'
[0.510s] INFO:colcon.colcon_core.shell:Creating package script '/home/liam-bouffard/Desktop/rob599_mobile_robotics/Homework_4/pioneer_ws/install/stage/share/stage/package.zsh'
[0.511s] Level 1:colcon.colcon_core.environment:create_file_with_runtime_dependencies(/home/liam-bouffard/Desktop/rob599_mobile_robotics/Homework_4/pioneer_ws/install/stage/share/colcon-core/packages/stage)
[0.511s] INFO:colcon.colcon_ros.task.ament_cmake.build:Building ROS package in '/home/liam-bouffard/Desktop/rob599_mobile_robotics/Homework_4/pioneer_ws/src/stage_ros2' with build type 'ament_cmake'
[0.511s] INFO:colcon.colcon_cmake.task.cmake.build:Building CMake package in '/home/liam-bouffard/Desktop/rob599_mobile_robotics/Homework_4/pioneer_ws/src/stage_ros2'
[0.511s] INFO:colcon.colcon_core.shell:Skip shell extension 'powershell' for command environment: Not usable outside of PowerShell
[0.511s] DEBUG:colcon.colcon_core.shell:Skip shell extension 'dsv' for command environment
[0.523s] DEBUG:colcon.colcon_core.event_handler.log_command:Invoking command in '/home/liam-bouffard/Desktop/rob599_mobile_robotics/Homework_4/pioneer_ws/build/stage_ros2': CMAKE_PREFIX_PATH=/home/liam-bouffard/Desktop/rob599_mobile_robotics/Homework_4/pioneer_ws/install/pioneer:/home/liam-bouffard/Desktop/rob599_mobile_robotics/Homework_3/pioneer_ws/install/start_robot:/home/liam-bouffard/Desktop/rob599_mobile_robotics/Homework_3/pioneer_ws/install/pioneer:/home/liam-bouffard/Desktop/rob599_mobile_robotics/Homework_3/pioneer_ws/install/pioneer_interfaces:/home/liam-bouffard/Desktop/rob599_mobile_robotics/Homework_3/pioneer_ws/install/goal_target:/opt/ros/kilted:/home/liam-bouffard/Desktop/rob599_mobile_robotics/Homework_4/pioneer_ws/install/stage:/home/liam-bouffard/Desktop/rob599_mobile_robotics/Homework_4/pioneer_ws/install/stage_ros2:/home/liam-bouffard/Desktop/rob599_mobile_robotics/Homework_4/pioneer_ws/install/pioneer_interfaces:/home/liam-bouffard/Desktop/rob599_mobile_robotics/Homework_4/pioneer_ws/install/goal_target:/home/liam-bouffard/Desktop/rob599_mobile_robotics/Homework_3/pioneer_ws/install/stage_ros2:/home/liam-bouffard/Desktop/rob599_mobile_robotics/Homework_3/pioneer_ws/install/stage:/opt/ros/kilted/opt/gz_sim_vendor:/opt/ros/kilted/opt/gz_sensors_vendor:/opt/ros/kilted/opt/gz_physics_vendor:/opt/ros/kilted/opt/sdformat_vendor:/opt/ros/kilted/opt/gz_gui_vendor:/opt/ros/kilted/opt/gz_transport_vendor:/opt/ros/kilted/opt/gz_rendering_vendor:/opt/ros/kilted/opt/gz_plugin_vendor:/opt/ros/kilted/opt/gz_fuel_tools_vendor:/opt/ros/kilted/opt/gz_msgs_vendor:/opt/ros/kilted/opt/gz_common_vendor:/opt/ros/kilted/opt/gz_math_vendor:/opt/ros/kilted/opt/gz_utils_vendor:/opt/ros/kilted/opt/gz_tools_vendor:/opt/ros/kilted/opt/gz_ogre_next_vendor:/opt/ros/kilted/opt/gz_dartsim_vendor:/opt/ros/kilted/opt/gz_cmake_vendor DEBUGINFOD_URLS=https://debuginfod.ubuntu.com LD_LIBRARY_PATH=/home/liam-bouffard/Desktop/rob599_mobile_robotics/Homework_4/pioneer_ws/install/stage/lib:/home/liam-bouffard/Desktop/rob599_mobile_robotics/Homework_4/pioneer_ws/install/stage_ros2/lib:/home/liam-bouffard/Desktop/rob599_mobile_robotics/Homework_4/pioneer_ws/install/pioneer_interfaces/lib:/home/liam-bouffard/Desktop/rob599_mobile_robotics/Homework_4/pioneer_ws/install/goal_target/lib:/home/liam-bouffard/Desktop/rob599_mobile_robotics/Homework_3/pioneer_ws/install/stage_ros2/lib:/home/liam-bouffard/Desktop/rob599_mobile_robotics/Homework_3/pioneer_ws/install/stage/lib:/home/liam-bouffard/Desktop/rob599_mobile_robotics/Homework_3/pioneer_ws/install/pioneer_interfaces/lib:/home/liam-bouffard/Desktop/rob599_mobile_robotics/Homework_3/pioneer_ws/install/goal_target/lib:/opt/ros/kilted/opt/zenoh_cpp_vendor/lib:/opt/ros/kilted/opt/gz_sim_vendor/lib:/opt/ros/kilted/opt/gz_sensors_vendor/lib:/opt/ros/kilted/opt/gz_physics_vendor/lib:/opt/ros/kilted/opt/sdformat_vendor/lib:/opt/ros/kilted/opt/gz_gui_vendor/lib:/opt/ros/kilted/opt/gz_transport_vendor/lib:/opt/ros/kilted/opt/gz_rendering_vendor/lib:/opt/ros/kilted/opt/gz_plugin_vendor/lib:/opt/ros/kilted/opt/gz_fuel_tools_vendor/lib:/opt/ros/kilted/opt/gz_msgs_vendor/lib:/opt/ros/kilted/opt/gz_common_vendor/lib:/opt/ros/kilted/opt/gz_math_vendor/lib:/opt/ros/kilted/opt/gz_utils_vendor/lib:/opt/ros/kilted/opt/rviz_ogre_vendor/lib:/opt/ros/kilted/lib/x86_64-linux-gnu:/opt/ros/kilted/opt/gz_tools_vendor/lib:/opt/ros/kilted/opt/gz_ogre_next_vendor/lib:/opt/ros/kilted/opt/gz_dartsim_vendor/lib:/opt/ros/kilted/opt/gz_cmake_vendor/lib:/opt/ros/kilted/lib /usr/bin/cmake --build /home/liam-bouffard/Desktop/rob599_mobile_robotics/Homework_4/pioneer_ws/build/stage_ros2 -- -j32 -l32
[0.637s] DEBUG:colcon.colcon_core.event_handler.log_command:Invoked command in '/home/liam-bouffard/Desktop/rob599_mobile_robotics/Homework_4/pioneer_ws/build/stage_ros2' returned '0': CMAKE_PREFIX_PATH=/home/liam-bouffard/Desktop/rob599_mobile_robotics/Homework_4/pioneer_ws/install/pioneer:/home/liam-bouffard/Desktop/rob599_mobile_robotics/Homework_3/pioneer_ws/install/start_robot:/home/liam-bouffard/Desktop/rob599_mobile_robotics/Homework_3/pioneer_ws/install/pioneer:/home/liam-bouffard/Desktop/rob599_mobile_robotics/Homework_3/pioneer_ws/install/pioneer_interfaces:/home/liam-bouffard/Desktop/rob599_mobile_robotics/Homework_3/pioneer_ws/install/goal_target:/opt/ros/kilted:/home/liam-bouffard/Desktop/rob599_mobile_robotics/Homework_4/pioneer_ws/install/stage:/home/liam-bouffard/Desktop/rob599_mobile_robotics/Homework_4/pioneer_ws/install/stage_ros2:/home/liam-bouffard/Desktop/rob599_mobile_robotics/Homework_4/pioneer_ws/install/pioneer_interfaces:/home/liam-bouffard/Desktop/rob599_mobile_robotics/Homework_4/pioneer_ws/install/goal_target:/home/liam-bouffard/Desktop/rob599_mobile_robotics/Homework_3/pioneer_ws/install/stage_ros2:/home/liam-bouffard/Desktop/rob599_mobile_robotics/Homework_3/pioneer_ws/install/stage:/opt/ros/kilted/opt/gz_sim_vendor:/opt/ros/kilted/opt/gz_sensors_vendor:/opt/ros/kilted/opt/gz_physics_vendor:/opt/ros/kilted/opt/sdformat_vendor:/opt/ros/kilted/opt/gz_gui_vendor:/opt/ros/kilted/opt/gz_transport_vendor:/opt/ros/kilted/opt/gz_rendering_vendor:/opt/ros/kilted/opt/gz_plugin_vendor:/opt/ros/kilted/opt/gz_fuel_tools_vendor:/opt/ros/kilted/opt/gz_msgs_vendor:/opt/ros/kilted/opt/gz_common_vendor:/opt/ros/kilted/opt/gz_math_vendor:/opt/ros/kilted/opt/gz_utils_vendor:/opt/ros/kilted/opt/gz_tools_vendor:/opt/ros/kilted/opt/gz_ogre_next_vendor:/opt/ros/kilted/opt/gz_dartsim_vendor:/opt/ros/kilted/opt/gz_cmake_vendor DEBUGINFOD_URLS=https://debuginfod.ubuntu.com LD_LIBRARY_PATH=/home/liam-bouffard/Desktop/rob599_mobile_robotics/Homework_4/pioneer_ws/install/stage/lib:/home/liam-bouffard/Desktop/rob599_mobile_robotics/Homework_4/pioneer_ws/install/stage_ros2/lib:/home/liam-bouffard/Desktop/rob599_mobile_robotics/Homework_4/pioneer_ws/install/pioneer_interfaces/lib:/home/liam-bouffard/Desktop/rob599_mobile_robotics/Homework_4/pioneer_ws/install/goal_target/lib:/home/liam-bouffard/Desktop/rob599_mobile_robotics/Homework_3/pioneer_ws/install/stage_ros2/lib:/home/liam-bouffard/Desktop/rob599_mobile_robotics/Homework_3/pioneer_ws/install/stage/lib:/home/liam-bouffard/Desktop/rob599_mobile_robotics/Homework_3/pioneer_ws/install/pioneer_interfaces/lib:/home/liam-bouffard/Desktop/rob599_mobile_robotics/Homework_3/pioneer_ws/install/goal_target/lib:/opt/ros/kilted/opt/zenoh_cpp_vendor/lib:/opt/ros/kilted/opt/gz_sim_vendor/lib:/opt/ros/kilted/opt/gz_sensors_vendor/lib:/opt/ros/kilted/opt/gz_physics_vendor/lib:/opt/ros/kilted/opt/sdformat_vendor/lib:/opt/ros/kilted/opt/gz_gui_vendor/lib:/opt/ros/kilted/opt/gz_transport_vendor/lib:/opt/ros/kilted/opt/gz_rendering_vendor/lib:/opt/ros/kilted/opt/gz_plugin_vendor/lib:/opt/ros/kilted/opt/gz_fuel_tools_vendor/lib:/opt/ros/kilted/opt/gz_msgs_vendor/lib:/opt/ros/kilted/opt/gz_common_vendor/lib:/opt/ros/kilted/opt/gz_math_vendor/lib:/opt/ros/kilted/opt/gz_utils_vendor/lib:/opt/ros/kilted/opt/rviz_ogre_vendor/lib:/opt/ros/kilted/lib/x86_64-linux-gnu:/opt/ros/kilted/opt/gz_tools_vendor/lib:/opt/ros/kilted/opt/gz_ogre_next_vendor/lib:/opt/ros/kilted/opt/gz_dartsim_vendor/lib:/opt/ros/kilted/opt/gz_cmake_vendor/lib:/opt/ros/kilted/lib /usr/bin/cmake --build /home/liam-bouffard/Desktop/rob599_mobile_robotics/Homework_4/pioneer_ws/build/stage_ros2 -- -j32 -l32
[0.638s] DEBUG:colcon.colcon_core.event_handler.log_command:Invoking command in '/home/liam-bouffard/Desktop/rob599_mobile_robotics/Homework_4/pioneer_ws/build/stage_ros2': CMAKE_PREFIX_PATH=/home/liam-bouffard/Desktop/rob599_mobile_robotics/Homework_4/pioneer_ws/install/pioneer:/home/liam-bouffard/Desktop/rob599_mobile_robotics/Homework_3/pioneer_ws/install/start_robot:/home/liam-bouffard/Desktop/rob599_mobile_robotics/Homework_3/pioneer_ws/install/pioneer:/home/liam-bouffard/Desktop/rob599_mobile_robotics/Homework_3/pioneer_ws/install/pioneer_interfaces:/home/liam-bouffard/Desktop/rob599_mobile_robotics/Homework_3/pioneer_ws/install/goal_target:/opt/ros/kilted:/home/liam-bouffard/Desktop/rob599_mobile_robotics/Homework_4/pioneer_ws/install/stage:/home/liam-bouffard/Desktop/rob599_mobile_robotics/Homework_4/pioneer_ws/install/stage_ros2:/home/liam-bouffard/Desktop/rob599_mobile_robotics/Homework_4/pioneer_ws/install/pioneer_interfaces:/home/liam-bouffard/Desktop/rob599_mobile_robotics/Homework_4/pioneer_ws/install/goal_target:/home/liam-bouffard/Desktop/rob599_mobile_robotics/Homework_3/pioneer_ws/install/stage_ros2:/home/liam-bouffard/Desktop/rob599_mobile_robotics/Homework_3/pioneer_ws/install/stage:/opt/ros/kilted/opt/gz_sim_vendor:/opt/ros/kilted/opt/gz_sensors_vendor:/opt/ros/kilted/opt/gz_physics_vendor:/opt/ros/kilted/opt/sdformat_vendor:/opt/ros/kilted/opt/gz_gui_vendor:/opt/ros/kilted/opt/gz_transport_vendor:/opt/ros/kilted/opt/gz_rendering_vendor:/opt/ros/kilted/opt/gz_plugin_vendor:/opt/ros/kilted/opt/gz_fuel_tools_vendor:/opt/ros/kilted/opt/gz_msgs_vendor:/opt/ros/kilted/opt/gz_common_vendor:/opt/ros/kilted/opt/gz_math_vendor:/opt/ros/kilted/opt/gz_utils_vendor:/opt/ros/kilted/opt/gz_tools_vendor:/opt/ros/kilted/opt/gz_ogre_next_vendor:/opt/ros/kilted/opt/gz_dartsim_vendor:/opt/ros/kilted/opt/gz_cmake_vendor DEBUGINFOD_URLS=https://debuginfod.ubuntu.com LD_LIBRARY_PATH=/home/liam-bouffard/Desktop/rob599_mobile_robotics/Homework_4/pioneer_ws/install/stage/lib:/home/liam-bouffard/Desktop/rob599_mobile_robotics/Homework_4/pioneer_ws/install/stage_ros2/lib:/home/liam-bouffard/Desktop/rob599_mobile_robotics/Homework_4/pioneer_ws/install/pioneer_interfaces/lib:/home/liam-bouffard/Desktop/rob599_mobile_robotics/Homework_4/pioneer_ws/install/goal_target/lib:/home/liam-bouffard/Desktop/rob599_mobile_robotics/Homework_3/pioneer_ws/install/stage_ros2/lib:/home/liam-bouffard/Desktop/rob599_mobile_robotics/Homework_3/pioneer_ws/install/stage/lib:/home/liam-bouffard/Desktop/rob599_mobile_robotics/Homework_3/pioneer_ws/install/pioneer_interfaces/lib:/home/liam-bouffard/Desktop/rob599_mobile_robotics/Homework_3/pioneer_ws/install/goal_target/lib:/opt/ros/kilted/opt/zenoh_cpp_vendor/lib:/opt/ros/kilted/opt/gz_sim_vendor/lib:/opt/ros/kilted/opt/gz_sensors_vendor/lib:/opt/ros/kilted/opt/gz_physics_vendor/lib:/opt/ros/kilted/opt/sdformat_vendor/lib:/opt/ros/kilted/opt/gz_gui_vendor/lib:/opt/ros/kilted/opt/gz_transport_vendor/lib:/opt/ros/kilted/opt/gz_rendering_vendor/lib:/opt/ros/kilted/opt/gz_plugin_vendor/lib:/opt/ros/kilted/opt/gz_fuel_tools_vendor/lib:/opt/ros/kilted/opt/gz_msgs_vendor/lib:/opt/ros/kilted/opt/gz_common_vendor/lib:/opt/ros/kilted/opt/gz_math_vendor/lib:/opt/ros/kilted/opt/gz_utils_vendor/lib:/opt/ros/kilted/opt/rviz_ogre_vendor/lib:/opt/ros/kilted/lib/x86_64-linux-gnu:/opt/ros/kilted/opt/gz_tools_vendor/lib:/opt/ros/kilted/opt/gz_ogre_next_vendor/lib:/opt/ros/kilted/opt/gz_dartsim_vendor/lib:/opt/ros/kilted/opt/gz_cmake_vendor/lib:/opt/ros/kilted/lib /usr/bin/cmake --install /home/liam-bouffard/Desktop/rob599_mobile_robotics/Homework_4/pioneer_ws/build/stage_ros2
[0.646s] Level 1:colcon.colcon_core.environment:create_environment_scripts_only(stage_ros2)
[0.646s] Level 1:colcon.colcon_core.environment:checking '/home/liam-bouffard/Desktop/rob599_mobile_robotics/Homework_4/pioneer_ws/install/stage_ros2' for CMake module files
[0.647s] DEBUG:colcon.colcon_core.event_handler.log_command:Invoked command in '/home/liam-bouffard/Desktop/rob599_mobile_robotics/Homework_4/pioneer_ws/build/stage_ros2' returned '0': CMAKE_PREFIX_PATH=/home/liam-bouffard/Desktop/rob599_mobile_robotics/Homework_4/pioneer_ws/install/pioneer:/home/liam-bouffard/Desktop/rob599_mobile_robotics/Homework_3/pioneer_ws/install/start_robot:/home/liam-bouffard/Desktop/rob599_mobile_robotics/Homework_3/pioneer_ws/install/pioneer:/home/liam-bouffard/Desktop/rob599_mobile_robotics/Homework_3/pioneer_ws/install/pioneer_interfaces:/home/liam-bouffard/Desktop/rob599_mobile_robotics/Homework_3/pioneer_ws/install/goal_target:/opt/ros/kilted:/home/liam-bouffard/Desktop/rob599_mobile_robotics/Homework_4/pioneer_ws/install/stage:/home/liam-bouffard/Desktop/rob599_mobile_robotics/Homework_4/pioneer_ws/install/stage_ros2:/home/liam-bouffard/Desktop/rob599_mobile_robotics/Homework_4/pioneer_ws/install/pioneer_interfaces:/home/liam-bouffard/Desktop/rob599_mobile_robotics/Homework_4/pioneer_ws/install/goal_target:/home/liam-bouffard/Desktop/rob599_mobile_robotics/Homework_3/pioneer_ws/install/stage_ros2:/home/liam-bouffard/Desktop/rob599_mobile_robotics/Homework_3/pioneer_ws/install/stage:/opt/ros/kilted/opt/gz_sim_vendor:/opt/ros/kilted/opt/gz_sensors_vendor:/opt/ros/kilted/opt/gz_physics_vendor:/opt/ros/kilted/opt/sdformat_vendor:/opt/ros/kilted/opt/gz_gui_vendor:/opt/ros/kilted/opt/gz_transport_vendor:/opt/ros/kilted/opt/gz_rendering_vendor:/opt/ros/kilted/opt/gz_plugin_vendor:/opt/ros/kilted/opt/gz_fuel_tools_vendor:/opt/ros/kilted/opt/gz_msgs_vendor:/opt/ros/kilted/opt/gz_common_vendor:/opt/ros/kilted/opt/gz_math_vendor:/opt/ros/kilted/opt/gz_utils_vendor:/opt/ros/kilted/opt/gz_tools_vendor:/opt/ros/kilted/opt/gz_ogre_next_vendor:/opt/ros/kilted/opt/gz_dartsim_vendor:/opt/ros/kilted/opt/gz_cmake_vendor DEBUGINFOD_URLS=https://debuginfod.ubuntu.com LD_LIBRARY_PATH=/home/liam-bouffard/Desktop/rob599_mobile_robotics/Homework_4/pioneer_ws/install/stage/lib:/home/liam-bouffard/Desktop/rob599_mobile_robotics/Homework_4/pioneer_ws/install/stage_ros2/lib:/home/liam-bouffard/Desktop/rob599_mobile_robotics/Homework_4/pioneer_ws/install/pioneer_interfaces/lib:/home/liam-bouffard/Desktop/rob599_mobile_robotics/Homework_4/pioneer_ws/install/goal_target/lib:/home/liam-bouffard/Desktop/rob599_mobile_robotics/Homework_3/pioneer_ws/install/stage_ros2/lib:/home/liam-bouffard/Desktop/rob599_mobile_robotics/Homework_3/pioneer_ws/install/stage/lib:/home/liam-bouffard/Desktop/rob599_mobile_robotics/Homework_3/pioneer_ws/install/pioneer_interfaces/lib:/home/liam-bouffard/Desktop/rob599_mobile_robotics/Homework_3/pioneer_ws/install/goal_target/lib:/opt/ros/kilted/opt/zenoh_cpp_vendor/lib:/opt/ros/kilted/opt/gz_sim_vendor/lib:/opt/ros/kilted/opt/gz_sensors_vendor/lib:/opt/ros/kilted/opt/gz_physics_vendor/lib:/opt/ros/kilted/opt/sdformat_vendor/lib:/opt/ros/kilted/opt/gz_gui_vendor/lib:/opt/ros/kilted/opt/gz_transport_vendor/lib:/opt/ros/kilted/opt/gz_rendering_vendor/lib:/opt/ros/kilted/opt/gz_plugin_vendor/lib:/opt/ros/kilted/opt/gz_fuel_tools_vendor/lib:/opt/ros/kilted/opt/gz_msgs_vendor/lib:/opt/ros/kilted/opt/gz_common_vendor/lib:/opt/ros/kilted/opt/gz_math_vendor/lib:/opt/ros/kilted/opt/gz_utils_vendor/lib:/opt/ros/kilted/opt/rviz_ogre_vendor/lib:/opt/ros/kilted/lib/x86_64-linux-gnu:/opt/ros/kilted/opt/gz_tools_vendor/lib:/opt/ros/kilted/opt/gz_ogre_next_vendor/lib:/opt/ros/kilted/opt/gz_dartsim_vendor/lib:/opt/ros/kilted/opt/gz_cmake_vendor/lib:/opt/ros/kilted/lib /usr/bin/cmake --install /home/liam-bouffard/Desktop/rob599_mobile_robotics/Homework_4/pioneer_ws/build/stage_ros2
[0.648s] Level 1:colcon.colcon_core.environment:checking '/home/liam-bouffard/Desktop/rob599_mobile_robotics/Homework_4/pioneer_ws/install/stage_ros2' for CMake config files
[0.648s] Level 1:colcon.colcon_core.shell:create_environment_hook('stage_ros2', 'cmake_prefix_path')
[0.648s] INFO:colcon.colcon_core.shell:Creating environment hook '/home/liam-bouffard/Desktop/rob599_mobile_robotics/Homework_4/pioneer_ws/install/stage_ros2/share/stage_ros2/hook/cmake_prefix_path.ps1'
[0.649s] INFO:colcon.colcon_core.shell:Creating environment descriptor '/home/liam-bouffard/Desktop/rob599_mobile_robotics/Homework_4/pioneer_ws/install/stage_ros2/share/stage_ros2/hook/cmake_prefix_path.dsv'
[0.649s] INFO:colcon.colcon_core.shell:Creating environment hook '/home/liam-bouffard/Desktop/rob599_mobile_robotics/Homework_4/pioneer_ws/install/stage_ros2/share/stage_ros2/hook/cmake_prefix_path.sh'
[0.650s] Level 1:colcon.colcon_core.environment:checking '/home/liam-bouffard/Desktop/rob599_mobile_robotics/Homework_4/pioneer_ws/install/stage_ros2/lib'
[0.650s] Level 1:colcon.colcon_core.shell:create_environment_hook('stage_ros2', 'ld_library_path_lib')
[0.650s] INFO:colcon.colcon_core.shell:Creating environment hook '/home/liam-bouffard/Desktop/rob599_mobile_robotics/Homework_4/pioneer_ws/install/stage_ros2/share/stage_ros2/hook/ld_library_path_lib.ps1'
[0.650s] INFO:colcon.colcon_core.shell:Creating environment descriptor '/home/liam-bouffard/Desktop/rob599_mobile_robotics/Homework_4/pioneer_ws/install/stage_ros2/share/stage_ros2/hook/ld_library_path_lib.dsv'
[0.650s] INFO:colcon.colcon_core.shell:Creating environment hook '/home/liam-bouffard/Desktop/rob599_mobile_robotics/Homework_4/pioneer_ws/install/stage_ros2/share/stage_ros2/hook/ld_library_path_lib.sh'
[0.651s] Level 1:colcon.colcon_core.environment:checking '/home/liam-bouffard/Desktop/rob599_mobile_robotics/Homework_4/pioneer_ws/install/stage_ros2/bin'
[0.651s] Level 1:colcon.colcon_core.environment:checking '/home/liam-bouffard/Desktop/rob599_mobile_robotics/Homework_4/pioneer_ws/install/stage_ros2/lib/pkgconfig/stage_ros2.pc'
[0.651s] Level 1:colcon.colcon_core.environment:checking '/home/liam-bouffard/Desktop/rob599_mobile_robotics/Homework_4/pioneer_ws/install/stage_ros2/lib/python3.12/site-packages'
[0.651s] Level 1:colcon.colcon_core.environment:checking '/home/liam-bouffard/Desktop/rob599_mobile_robotics/Homework_4/pioneer_ws/install/stage_ros2/bin'
[0.652s] INFO:colcon.colcon_core.shell:Creating package script '/home/liam-bouffard/Desktop/rob599_mobile_robotics/Homework_4/pioneer_ws/install/stage_ros2/share/stage_ros2/package.ps1'
[0.652s] INFO:colcon.colcon_core.shell:Creating package descriptor '/home/liam-bouffard/Desktop/rob599_mobile_robotics/Homework_4/pioneer_ws/install/stage_ros2/share/stage_ros2/package.dsv'
[0.653s] INFO:colcon.colcon_core.shell:Creating package script '/home/liam-bouffard/Desktop/rob599_mobile_robotics/Homework_4/pioneer_ws/install/stage_ros2/share/stage_ros2/package.sh'
[0.653s] INFO:colcon.colcon_core.shell:Creating package script '/home/liam-bouffard/Desktop/rob599_mobile_robotics/Homework_4/pioneer_ws/install/stage_ros2/share/stage_ros2/package.bash'
[0.653s] INFO:colcon.colcon_core.shell:Creating package script '/home/liam-bouffard/Desktop/rob599_mobile_robotics/Homework_4/pioneer_ws/install/stage_ros2/share/stage_ros2/package.zsh'
[0.654s] Level 1:colcon.colcon_core.environment:create_file_with_runtime_dependencies(/home/liam-bouffard/Desktop/rob599_mobile_robotics/Homework_4/pioneer_ws/install/stage_ros2/share/colcon-core/packages/stage_ros2)
[0.654s] Level 1:colcon.colcon_core.environment:create_environment_scripts_only(stage_ros2)
[0.654s] Level 1:colcon.colcon_core.environment:checking '/home/liam-bouffard/Desktop/rob599_mobile_robotics/Homework_4/pioneer_ws/install/stage_ros2' for CMake module files
[0.655s] Level 1:colcon.colcon_core.environment:checking '/home/liam-bouffard/Desktop/rob599_mobile_robotics/Homework_4/pioneer_ws/install/stage_ros2' for CMake config files
[0.655s] Level 1:colcon.colcon_core.shell:create_environment_hook('stage_ros2', 'cmake_prefix_path')
[0.655s] INFO:colcon.colcon_core.shell:Creating environment hook '/home/liam-bouffard/Desktop/rob599_mobile_robotics/Homework_4/pioneer_ws/install/stage_ros2/share/stage_ros2/hook/cmake_prefix_path.ps1'
[0.655s] INFO:colcon.colcon_core.shell:Creating environment descriptor '/home/liam-bouffard/Desktop/rob599_mobile_robotics/Homework_4/pioneer_ws/install/stage_ros2/share/stage_ros2/hook/cmake_prefix_path.dsv'
[0.656s] INFO:colcon.colcon_core.shell:Creating environment hook '/home/liam-bouffard/Desktop/rob599_mobile_robotics/Homework_4/pioneer_ws/install/stage_ros2/share/stage_ros2/hook/cmake_prefix_path.sh'
[0.656s] Level 1:colcon.colcon_core.environment:checking '/home/liam-bouffard/Desktop/rob599_mobile_robotics/Homework_4/pioneer_ws/install/stage_ros2/lib'
[0.656s] Level 1:colcon.colcon_core.shell:create_environment_hook('stage_ros2', 'ld_library_path_lib')
[0.656s] INFO:colcon.colcon_core.shell:Creating environment hook '/home/liam-bouffard/Desktop/rob599_mobile_robotics/Homework_4/pioneer_ws/install/stage_ros2/share/stage_ros2/hook/ld_library_path_lib.ps1'
[0.657s] INFO:colcon.colcon_core.shell:Creating environment descriptor '/home/liam-bouffard/Desktop/rob599_mobile_robotics/Homework_4/pioneer_ws/install/stage_ros2/share/stage_ros2/hook/ld_library_path_lib.dsv'
[0.657s] INFO:colcon.colcon_core.shell:Creating environment hook '/home/liam-bouffard/Desktop/rob599_mobile_robotics/Homework_4/pioneer_ws/install/stage_ros2/share/stage_ros2/hook/ld_library_path_lib.sh'
[0.657s] Level 1:colcon.colcon_core.environment:checking '/home/liam-bouffard/Desktop/rob599_mobile_robotics/Homework_4/pioneer_ws/install/stage_ros2/bin'
[0.657s] Level 1:colcon.colcon_core.environment:checking '/home/liam-bouffard/Desktop/rob599_mobile_robotics/Homework_4/pioneer_ws/install/stage_ros2/lib/pkgconfig/stage_ros2.pc'
[0.658s] Level 1:colcon.colcon_core.environment:checking '/home/liam-bouffard/Desktop/rob599_mobile_robotics/Homework_4/pioneer_ws/install/stage_ros2/lib/python3.12/site-packages'
[0.658s] Level 1:colcon.colcon_core.environment:checking '/home/liam-bouffard/Desktop/rob599_mobile_robotics/Homework_4/pioneer_ws/install/stage_ros2/bin'
[0.658s] INFO:colcon.colcon_core.shell:Creating package script '/home/liam-bouffard/Desktop/rob599_mobile_robotics/Homework_4/pioneer_ws/install/stage_ros2/share/stage_ros2/package.ps1'
[0.659s] INFO:colcon.colcon_core.shell:Creating package descriptor '/home/liam-bouffard/Desktop/rob599_mobile_robotics/Homework_4/pioneer_ws/install/stage_ros2/share/stage_ros2/package.dsv'
[0.659s] INFO:colcon.colcon_core.shell:Creating package script '/home/liam-bouffard/Desktop/rob599_mobile_robotics/Homework_4/pioneer_ws/install/stage_ros2/share/stage_ros2/package.sh'
[0.660s] INFO:colcon.colcon_core.shell:Creating package script '/home/liam-bouffard/Desktop/rob599_mobile_robotics/Homework_4/pioneer_ws/install/stage_ros2/share/stage_ros2/package.bash'
[0.660s] INFO:colcon.colcon_core.shell:Creating package script '/home/liam-bouffard/Desktop/rob599_mobile_robotics/Homework_4/pioneer_ws/install/stage_ros2/share/stage_ros2/package.zsh'
[0.660s] Level 1:colcon.colcon_core.environment:create_file_with_runtime_dependencies(/home/liam-bouffard/Desktop/rob599_mobile_robotics/Homework_4/pioneer_ws/install/stage_ros2/share/colcon-core/packages/stage_ros2)
[1.407s] DEBUG:colcon.colcon_core.event_handler.log_command:Invoked command in '/home/liam-bouffard/Desktop/rob599_mobile_robotics/Homework_4/pioneer_ws/build/goal_target' returned '0': CMAKE_PREFIX_PATH=/home/liam-bouffard/Desktop/rob599_mobile_robotics/Homework_4/pioneer_ws/install/stage_ros2:/home/liam-bouffard/Desktop/rob599_mobile_robotics/Homework_4/pioneer_ws/install/pioneer:/home/liam-bouffard/Desktop/rob599_mobile_robotics/Homework_3/pioneer_ws/install/start_robot:/home/liam-bouffard/Desktop/rob599_mobile_robotics/Homework_3/pioneer_ws/install/pioneer:/home/liam-bouffard/Desktop/rob599_mobile_robotics/Homework_3/pioneer_ws/install/pioneer_interfaces:/home/liam-bouffard/Desktop/rob599_mobile_robotics/Homework_3/pioneer_ws/install/goal_target:/opt/ros/kilted:/home/liam-bouffard/Desktop/rob599_mobile_robotics/Homework_4/pioneer_ws/install/stage:/home/liam-bouffard/Desktop/rob599_mobile_robotics/Homework_4/pioneer_ws/install/pioneer_interfaces:/home/liam-bouffard/Desktop/rob599_mobile_robotics/Homework_4/pioneer_ws/install/goal_target:/home/liam-bouffard/Desktop/rob599_mobile_robotics/Homework_3/pioneer_ws/install/stage_ros2:/home/liam-bouffard/Desktop/rob599_mobile_robotics/Homework_3/pioneer_ws/install/stage:/opt/ros/kilted/opt/gz_sim_vendor:/opt/ros/kilted/opt/gz_sensors_vendor:/opt/ros/kilted/opt/gz_physics_vendor:/opt/ros/kilted/opt/sdformat_vendor:/opt/ros/kilted/opt/gz_gui_vendor:/opt/ros/kilted/opt/gz_transport_vendor:/opt/ros/kilted/opt/gz_rendering_vendor:/opt/ros/kilted/opt/gz_plugin_vendor:/opt/ros/kilted/opt/gz_fuel_tools_vendor:/opt/ros/kilted/opt/gz_msgs_vendor:/opt/ros/kilted/opt/gz_common_vendor:/opt/ros/kilted/opt/gz_math_vendor:/opt/ros/kilted/opt/gz_utils_vendor:/opt/ros/kilted/opt/gz_tools_vendor:/opt/ros/kilted/opt/gz_ogre_next_vendor:/opt/ros/kilted/opt/gz_dartsim_vendor:/opt/ros/kilted/opt/gz_cmake_vendor DEBUGINFOD_URLS=https://debuginfod.ubuntu.com /usr/bin/cmake /home/liam-bouffard/Desktop/rob599_mobile_robotics/Homework_4/pioneer_ws/src/goal_target -DCMAKE_INSTALL_PREFIX=/home/liam-bouffard/Desktop/rob599_mobile_robotics/Homework_4/pioneer_ws/install/goal_target
[1.408s] DEBUG:colcon.colcon_core.event_handler.log_command:Invoking command in '/home/liam-bouffard/Desktop/rob599_mobile_robotics/Homework_4/pioneer_ws/build/goal_target': CMAKE_PREFIX_PATH=/home/liam-bouffard/Desktop/rob599_mobile_robotics/Homework_4/pioneer_ws/install/stage_ros2:/home/liam-bouffard/Desktop/rob599_mobile_robotics/Homework_4/pioneer_ws/install/pioneer:/home/liam-bouffard/Desktop/rob599_mobile_robotics/Homework_3/pioneer_ws/install/start_robot:/home/liam-bouffard/Desktop/rob599_mobile_robotics/Homework_3/pioneer_ws/install/pioneer:/home/liam-bouffard/Desktop/rob599_mobile_robotics/Homework_3/pioneer_ws/install/pioneer_interfaces:/home/liam-bouffard/Desktop/rob599_mobile_robotics/Homework_3/pioneer_ws/install/goal_target:/opt/ros/kilted:/home/liam-bouffard/Desktop/rob599_mobile_robotics/Homework_4/pioneer_ws/install/stage:/home/liam-bouffard/Desktop/rob599_mobile_robotics/Homework_4/pioneer_ws/install/pioneer_interfaces:/home/liam-bouffard/Desktop/rob599_mobile_robotics/Homework_4/pioneer_ws/install/goal_target:/home/liam-bouffard/Desktop/rob599_mobile_robotics/Homework_3/pioneer_ws/install/stage_ros2:/home/liam-bouffard/Desktop/rob599_mobile_robotics/Homework_3/pioneer_ws/install/stage:/opt/ros/kilted/opt/gz_sim_vendor:/opt/ros/kilted/opt/gz_sensors_vendor:/opt/ros/kilted/opt/gz_physics_vendor:/opt/ros/kilted/opt/sdformat_vendor:/opt/ros/kilted/opt/gz_gui_vendor:/opt/ros/kilted/opt/gz_transport_vendor:/opt/ros/kilted/opt/gz_rendering_vendor:/opt/ros/kilted/opt/gz_plugin_vendor:/opt/ros/kilted/opt/gz_fuel_tools_vendor:/opt/ros/kilted/opt/gz_msgs_vendor:/opt/ros/kilted/opt/gz_common_vendor:/opt/ros/kilted/opt/gz_math_vendor:/opt/ros/kilted/opt/gz_utils_vendor:/opt/ros/kilted/opt/gz_tools_vendor:/opt/ros/kilted/opt/gz_ogre_next_vendor:/opt/ros/kilted/opt/gz_dartsim_vendor:/opt/ros/kilted/opt/gz_cmake_vendor DEBUGINFOD_URLS=https://debuginfod.ubuntu.com /usr/bin/cmake --build /home/liam-bouffard/Desktop/rob599_mobile_robotics/Homework_4/pioneer_ws/build/goal_target -- -j32 -l32
[1.450s] DEBUG:colcon.colcon_core.event_handler.log_command:Invoked command in '/home/liam-bouffard/Desktop/rob599_mobile_robotics/Homework_4/pioneer_ws/build/pioneer_interfaces' returned '0': CMAKE_PREFIX_PATH=/home/liam-bouffard/Desktop/rob599_mobile_robotics/Homework_4/pioneer_ws/install/stage_ros2:/home/liam-bouffard/Desktop/rob599_mobile_robotics/Homework_4/pioneer_ws/install/pioneer:/home/liam-bouffard/Desktop/rob599_mobile_robotics/Homework_3/pioneer_ws/install/start_robot:/home/liam-bouffard/Desktop/rob599_mobile_robotics/Homework_3/pioneer_ws/install/pioneer:/home/liam-bouffard/Desktop/rob599_mobile_robotics/Homework_3/pioneer_ws/install/pioneer_interfaces:/home/liam-bouffard/Desktop/rob599_mobile_robotics/Homework_3/pioneer_ws/install/goal_target:/opt/ros/kilted:/home/liam-bouffard/Desktop/rob599_mobile_robotics/Homework_4/pioneer_ws/install/stage:/home/liam-bouffard/Desktop/rob599_mobile_robotics/Homework_4/pioneer_ws/install/pioneer_interfaces:/home/liam-bouffard/Desktop/rob599_mobile_robotics/Homework_4/pioneer_ws/install/goal_target:/home/liam-bouffard/Desktop/rob599_mobile_robotics/Homework_3/pioneer_ws/install/stage_ros2:/home/liam-bouffard/Desktop/rob599_mobile_robotics/Homework_3/pioneer_ws/install/stage:/opt/ros/kilted/opt/gz_sim_vendor:/opt/ros/kilted/opt/gz_sensors_vendor:/opt/ros/kilted/opt/gz_physics_vendor:/opt/ros/kilted/opt/sdformat_vendor:/opt/ros/kilted/opt/gz_gui_vendor:/opt/ros/kilted/opt/gz_transport_vendor:/opt/ros/kilted/opt/gz_rendering_vendor:/opt/ros/kilted/opt/gz_plugin_vendor:/opt/ros/kilted/opt/gz_fuel_tools_vendor:/opt/ros/kilted/opt/gz_msgs_vendor:/opt/ros/kilted/opt/gz_common_vendor:/opt/ros/kilted/opt/gz_math_vendor:/opt/ros/kilted/opt/gz_utils_vendor:/opt/ros/kilted/opt/gz_tools_vendor:/opt/ros/kilted/opt/gz_ogre_next_vendor:/opt/ros/kilted/opt/gz_dartsim_vendor:/opt/ros/kilted/opt/gz_cmake_vendor DEBUGINFOD_URLS=https://debuginfod.ubuntu.com /usr/bin/cmake /home/liam-bouffard/Desktop/rob599_mobile_robotics/Homework_4/pioneer_ws/src/pioneer_interfaces -DCMAKE_INSTALL_PREFIX=/home/liam-bouffard/Desktop/rob599_mobile_robotics/Homework_4/pioneer_ws/install/pioneer_interfaces
[1.451s] DEBUG:colcon.colcon_core.event_handler.log_command:Invoking command in '/home/liam-bouffard/Desktop/rob599_mobile_robotics/Homework_4/pioneer_ws/build/pioneer_interfaces': CMAKE_PREFIX_PATH=/home/liam-bouffard/Desktop/rob599_mobile_robotics/Homework_4/pioneer_ws/install/stage_ros2:/home/liam-bouffard/Desktop/rob599_mobile_robotics/Homework_4/pioneer_ws/install/pioneer:/home/liam-bouffard/Desktop/rob599_mobile_robotics/Homework_3/pioneer_ws/install/start_robot:/home/liam-bouffard/Desktop/rob599_mobile_robotics/Homework_3/pioneer_ws/install/pioneer:/home/liam-bouffard/Desktop/rob599_mobile_robotics/Homework_3/pioneer_ws/install/pioneer_interfaces:/home/liam-bouffard/Desktop/rob599_mobile_robotics/Homework_3/pioneer_ws/install/goal_target:/opt/ros/kilted:/home/liam-bouffard/Desktop/rob599_mobile_robotics/Homework_4/pioneer_ws/install/stage:/home/liam-bouffard/Desktop/rob599_mobile_robotics/Homework_4/pioneer_ws/install/pioneer_interfaces:/home/liam-bouffard/Desktop/rob599_mobile_robotics/Homework_4/pioneer_ws/install/goal_target:/home/liam-bouffard/Desktop/rob599_mobile_robotics/Homework_3/pioneer_ws/install/stage_ros2:/home/liam-bouffard/Desktop/rob599_mobile_robotics/Homework_3/pioneer_ws/install/stage:/opt/ros/kilted/opt/gz_sim_vendor:/opt/ros/kilted/opt/gz_sensors_vendor:/opt/ros/kilted/opt/gz_physics_vendor:/opt/ros/kilted/opt/sdformat_vendor:/opt/ros/kilted/opt/gz_gui_vendor:/opt/ros/kilted/opt/gz_transport_vendor:/opt/ros/kilted/opt/gz_rendering_vendor:/opt/ros/kilted/opt/gz_plugin_vendor:/opt/ros/kilted/opt/gz_fuel_tools_vendor:/opt/ros/kilted/opt/gz_msgs_vendor:/opt/ros/kilted/opt/gz_common_vendor:/opt/ros/kilted/opt/gz_math_vendor:/opt/ros/kilted/opt/gz_utils_vendor:/opt/ros/kilted/opt/gz_tools_vendor:/opt/ros/kilted/opt/gz_ogre_next_vendor:/opt/ros/kilted/opt/gz_dartsim_vendor:/opt/ros/kilted/opt/gz_cmake_vendor DEBUGINFOD_URLS=https://debuginfod.ubuntu.com /usr/bin/cmake --build /home/liam-bouffard/Desktop/rob599_mobile_robotics/Homework_4/pioneer_ws/build/pioneer_interfaces -- -j32 -l32
[1.744s] DEBUG:colcon.colcon_core.event_handler.log_command:Invoked command in '/home/liam-bouffard/Desktop/rob599_mobile_robotics/Homework_4/pioneer_ws/build/goal_target' returned '0': CMAKE_PREFIX_PATH=/home/liam-bouffard/Desktop/rob599_mobile_robotics/Homework_4/pioneer_ws/install/stage_ros2:/home/liam-bouffard/Desktop/rob599_mobile_robotics/Homework_4/pioneer_ws/install/pioneer:/home/liam-bouffard/Desktop/rob599_mobile_robotics/Homework_3/pioneer_ws/install/start_robot:/home/liam-bouffard/Desktop/rob599_mobile_robotics/Homework_3/pioneer_ws/install/pioneer:/home/liam-bouffard/Desktop/rob599_mobile_robotics/Homework_3/pioneer_ws/install/pioneer_interfaces:/home/liam-bouffard/Desktop/rob599_mobile_robotics/Homework_3/pioneer_ws/install/goal_target:/opt/ros/kilted:/home/liam-bouffard/Desktop/rob599_mobile_robotics/Homework_4/pioneer_ws/install/stage:/home/liam-bouffard/Desktop/rob599_mobile_robotics/Homework_4/pioneer_ws/install/pioneer_interfaces:/home/liam-bouffard/Desktop/rob599_mobile_robotics/Homework_4/pioneer_ws/install/goal_target:/home/liam-bouffard/Desktop/rob599_mobile_robotics/Homework_3/pioneer_ws/install/stage_ros2:/home/liam-bouffard/Desktop/rob599_mobile_robotics/Homework_3/pioneer_ws/install/stage:/opt/ros/kilted/opt/gz_sim_vendor:/opt/ros/kilted/opt/gz_sensors_vendor:/opt/ros/kilted/opt/gz_physics_vendor:/opt/ros/kilted/opt/sdformat_vendor:/opt/ros/kilted/opt/gz_gui_vendor:/opt/ros/kilted/opt/gz_transport_vendor:/opt/ros/kilted/opt/gz_rendering_vendor:/opt/ros/kilted/opt/gz_plugin_vendor:/opt/ros/kilted/opt/gz_fuel_tools_vendor:/opt/ros/kilted/opt/gz_msgs_vendor:/opt/ros/kilted/opt/gz_common_vendor:/opt/ros/kilted/opt/gz_math_vendor:/opt/ros/kilted/opt/gz_utils_vendor:/opt/ros/kilted/opt/gz_tools_vendor:/opt/ros/kilted/opt/gz_ogre_next_vendor:/opt/ros/kilted/opt/gz_dartsim_vendor:/opt/ros/kilted/opt/gz_cmake_vendor DEBUGINFOD_URLS=https://debuginfod.ubuntu.com /usr/bin/cmake --build /home/liam-bouffard/Desktop/rob599_mobile_robotics/Homework_4/pioneer_ws/build/goal_target -- -j32 -l32
[1.746s] DEBUG:colcon.colcon_core.event_handler.log_command:Invoking command in '/home/liam-bouffard/Desktop/rob599_mobile_robotics/Homework_4/pioneer_ws/build/goal_target': CMAKE_PREFIX_PATH=/home/liam-bouffard/Desktop/rob599_mobile_robotics/Homework_4/pioneer_ws/install/stage_ros2:/home/liam-bouffard/Desktop/rob599_mobile_robotics/Homework_4/pioneer_ws/install/pioneer:/home/liam-bouffard/Desktop/rob599_mobile_robotics/Homework_3/pioneer_ws/install/start_robot:/home/liam-bouffard/Desktop/rob599_mobile_robotics/Homework_3/pioneer_ws/install/pioneer:/home/liam-bouffard/Desktop/rob599_mobile_robotics/Homework_3/pioneer_ws/install/pioneer_interfaces:/home/liam-bouffard/Desktop/rob599_mobile_robotics/Homework_3/pioneer_ws/install/goal_target:/opt/ros/kilted:/home/liam-bouffard/Desktop/rob599_mobile_robotics/Homework_4/pioneer_ws/install/stage:/home/liam-bouffard/Desktop/rob599_mobile_robotics/Homework_4/pioneer_ws/install/pioneer_interfaces:/home/liam-bouffard/Desktop/rob599_mobile_robotics/Homework_4/pioneer_ws/install/goal_target:/home/liam-bouffard/Desktop/rob599_mobile_robotics/Homework_3/pioneer_ws/install/stage_ros2:/home/liam-bouffard/Desktop/rob599_mobile_robotics/Homework_3/pioneer_ws/install/stage:/opt/ros/kilted/opt/gz_sim_vendor:/opt/ros/kilted/opt/gz_sensors_vendor:/opt/ros/kilted/opt/gz_physics_vendor:/opt/ros/kilted/opt/sdformat_vendor:/opt/ros/kilted/opt/gz_gui_vendor:/opt/ros/kilted/opt/gz_transport_vendor:/opt/ros/kilted/opt/gz_rendering_vendor:/opt/ros/kilted/opt/gz_plugin_vendor:/opt/ros/kilted/opt/gz_fuel_tools_vendor:/opt/ros/kilted/opt/gz_msgs_vendor:/opt/ros/kilted/opt/gz_common_vendor:/opt/ros/kilted/opt/gz_math_vendor:/opt/ros/kilted/opt/gz_utils_vendor:/opt/ros/kilted/opt/gz_tools_vendor:/opt/ros/kilted/opt/gz_ogre_next_vendor:/opt/ros/kilted/opt/gz_dartsim_vendor:/opt/ros/kilted/opt/gz_cmake_vendor DEBUGINFOD_URLS=https://debuginfod.ubuntu.com /usr/bin/cmake --install /home/liam-bouffard/Desktop/rob599_mobile_robotics/Homework_4/pioneer_ws/build/goal_target
[1.787s] DEBUG:colcon.colcon_core.event_handler.log_command:Invoked command in '/home/liam-bouffard/Desktop/rob599_mobile_robotics/Homework_4/pioneer_ws/build/pioneer_interfaces' returned '0': CMAKE_PREFIX_PATH=/home/liam-bouffard/Desktop/rob599_mobile_robotics/Homework_4/pioneer_ws/install/stage_ros2:/home/liam-bouffard/Desktop/rob599_mobile_robotics/Homework_4/pioneer_ws/install/pioneer:/home/liam-bouffard/Desktop/rob599_mobile_robotics/Homework_3/pioneer_ws/install/start_robot:/home/liam-bouffard/Desktop/rob599_mobile_robotics/Homework_3/pioneer_ws/install/pioneer:/home/liam-bouffard/Desktop/rob599_mobile_robotics/Homework_3/pioneer_ws/install/pioneer_interfaces:/home/liam-bouffard/Desktop/rob599_mobile_robotics/Homework_3/pioneer_ws/install/goal_target:/opt/ros/kilted:/home/liam-bouffard/Desktop/rob599_mobile_robotics/Homework_4/pioneer_ws/install/stage:/home/liam-bouffard/Desktop/rob599_mobile_robotics/Homework_4/pioneer_ws/install/pioneer_interfaces:/home/liam-bouffard/Desktop/rob599_mobile_robotics/Homework_4/pioneer_ws/install/goal_target:/home/liam-bouffard/Desktop/rob599_mobile_robotics/Homework_3/pioneer_ws/install/stage_ros2:/home/liam-bouffard/Desktop/rob599_mobile_robotics/Homework_3/pioneer_ws/install/stage:/opt/ros/kilted/opt/gz_sim_vendor:/opt/ros/kilted/opt/gz_sensors_vendor:/opt/ros/kilted/opt/gz_physics_vendor:/opt/ros/kilted/opt/sdformat_vendor:/opt/ros/kilted/opt/gz_gui_vendor:/opt/ros/kilted/opt/gz_transport_vendor:/opt/ros/kilted/opt/gz_rendering_vendor:/opt/ros/kilted/opt/gz_plugin_vendor:/opt/ros/kilted/opt/gz_fuel_tools_vendor:/opt/ros/kilted/opt/gz_msgs_vendor:/opt/ros/kilted/opt/gz_common_vendor:/opt/ros/kilted/opt/gz_math_vendor:/opt/ros/kilted/opt/gz_utils_vendor:/opt/ros/kilted/opt/gz_tools_vendor:/opt/ros/kilted/opt/gz_ogre_next_vendor:/opt/ros/kilted/opt/gz_dartsim_vendor:/opt/ros/kilted/opt/gz_cmake_vendor DEBUGINFOD_URLS=https://debuginfod.ubuntu.com /usr/bin/cmake --build /home/liam-bouffard/Desktop/rob599_mobile_robotics/Homework_4/pioneer_ws/build/pioneer_interfaces -- -j32 -l32
[1.788s] DEBUG:colcon.colcon_core.event_handler.log_command:Invoking command in '/home/liam-bouffard/Desktop/rob599_mobile_robotics/Homework_4/pioneer_ws/build/pioneer_interfaces': CMAKE_PREFIX_PATH=/home/liam-bouffard/Desktop/rob599_mobile_robotics/Homework_4/pioneer_ws/install/stage_ros2:/home/liam-bouffard/Desktop/rob599_mobile_robotics/Homework_4/pioneer_ws/install/pioneer:/home/liam-bouffard/Desktop/rob599_mobile_robotics/Homework_3/pioneer_ws/install/start_robot:/home/liam-bouffard/Desktop/rob599_mobile_robotics/Homework_3/pioneer_ws/install/pioneer:/home/liam-bouffard/Desktop/rob599_mobile_robotics/Homework_3/pioneer_ws/install/pioneer_interfaces:/home/liam-bouffard/Desktop/rob599_mobile_robotics/Homework_3/pioneer_ws/install/goal_target:/opt/ros/kilted:/home/liam-bouffard/Desktop/rob599_mobile_robotics/Homework_4/pioneer_ws/install/stage:/home/liam-bouffard/Desktop/rob599_mobile_robotics/Homework_4/pioneer_ws/install/pioneer_interfaces:/home/liam-bouffard/Desktop/rob599_mobile_robotics/Homework_4/pioneer_ws/install/goal_target:/home/liam-bouffard/Desktop/rob599_mobile_robotics/Homework_3/pioneer_ws/install/stage_ros2:/home/liam-bouffard/Desktop/rob599_mobile_robotics/Homework_3/pioneer_ws/install/stage:/opt/ros/kilted/opt/gz_sim_vendor:/opt/ros/kilted/opt/gz_sensors_vendor:/opt/ros/kilted/opt/gz_physics_vendor:/opt/ros/kilted/opt/sdformat_vendor:/opt/ros/kilted/opt/gz_gui_vendor:/opt/ros/kilted/opt/gz_transport_vendor:/opt/ros/kilted/opt/gz_rendering_vendor:/opt/ros/kilted/opt/gz_plugin_vendor:/opt/ros/kilted/opt/gz_fuel_tools_vendor:/opt/ros/kilted/opt/gz_msgs_vendor:/opt/ros/kilted/opt/gz_common_vendor:/opt/ros/kilted/opt/gz_math_vendor:/opt/ros/kilted/opt/gz_utils_vendor:/opt/ros/kilted/opt/gz_tools_vendor:/opt/ros/kilted/opt/gz_ogre_next_vendor:/opt/ros/kilted/opt/gz_dartsim_vendor:/opt/ros/kilted/opt/gz_cmake_vendor DEBUGINFOD_URLS=https://debuginfod.ubuntu.com /usr/bin/cmake --install /home/liam-bouffard/Desktop/rob599_mobile_robotics/Homework_4/pioneer_ws/build/pioneer_interfaces
[1.810s] Level 1:colcon.colcon_core.environment:create_environment_scripts_only(goal_target)
[1.810s] Level 1:colcon.colcon_core.environment:checking '/home/liam-bouffard/Desktop/rob599_mobile_robotics/Homework_4/pioneer_ws/install/goal_target' for CMake module files
[1.810s] DEBUG:colcon.colcon_core.event_handler.log_command:Invoked command in '/home/liam-bouffard/Desktop/rob599_mobile_robotics/Homework_4/pioneer_ws/build/goal_target' returned '0': CMAKE_PREFIX_PATH=/home/liam-bouffard/Desktop/rob599_mobile_robotics/Homework_4/pioneer_ws/install/stage_ros2:/home/liam-bouffard/Desktop/rob599_mobile_robotics/Homework_4/pioneer_ws/install/pioneer:/home/liam-bouffard/Desktop/rob599_mobile_robotics/Homework_3/pioneer_ws/install/start_robot:/home/liam-bouffard/Desktop/rob599_mobile_robotics/Homework_3/pioneer_ws/install/pioneer:/home/liam-bouffard/Desktop/rob599_mobile_robotics/Homework_3/pioneer_ws/install/pioneer_interfaces:/home/liam-bouffard/Desktop/rob599_mobile_robotics/Homework_3/pioneer_ws/install/goal_target:/opt/ros/kilted:/home/liam-bouffard/Desktop/rob599_mobile_robotics/Homework_4/pioneer_ws/install/stage:/home/liam-bouffard/Desktop/rob599_mobile_robotics/Homework_4/pioneer_ws/install/pioneer_interfaces:/home/liam-bouffard/Desktop/rob599_mobile_robotics/Homework_4/pioneer_ws/install/goal_target:/home/liam-bouffard/Desktop/rob599_mobile_robotics/Homework_3/pioneer_ws/install/stage_ros2:/home/liam-bouffard/Desktop/rob599_mobile_robotics/Homework_3/pioneer_ws/install/stage:/opt/ros/kilted/opt/gz_sim_vendor:/opt/ros/kilted/opt/gz_sensors_vendor:/opt/ros/kilted/opt/gz_physics_vendor:/opt/ros/kilted/opt/sdformat_vendor:/opt/ros/kilted/opt/gz_gui_vendor:/opt/ros/kilted/opt/gz_transport_vendor:/opt/ros/kilted/opt/gz_rendering_vendor:/opt/ros/kilted/opt/gz_plugin_vendor:/opt/ros/kilted/opt/gz_fuel_tools_vendor:/opt/ros/kilted/opt/gz_msgs_vendor:/opt/ros/kilted/opt/gz_common_vendor:/opt/ros/kilted/opt/gz_math_vendor:/opt/ros/kilted/opt/gz_utils_vendor:/opt/ros/kilted/opt/gz_tools_vendor:/opt/ros/kilted/opt/gz_ogre_next_vendor:/opt/ros/kilted/opt/gz_dartsim_vendor:/opt/ros/kilted/opt/gz_cmake_vendor DEBUGINFOD_URLS=https://debuginfod.ubuntu.com /usr/bin/cmake --install /home/liam-bouffard/Desktop/rob599_mobile_robotics/Homework_4/pioneer_ws/build/goal_target
[1.811s] Level 1:colcon.colcon_core.environment:checking '/home/liam-bouffard/Desktop/rob599_mobile_robotics/Homework_4/pioneer_ws/install/goal_target' for CMake config files
[1.812s] Level 1:colcon.colcon_core.shell:create_environment_hook('goal_target', 'cmake_prefix_path')
[1.812s] INFO:colcon.colcon_core.shell:Creating environment hook '/home/liam-bouffard/Desktop/rob599_mobile_robotics/Homework_4/pioneer_ws/install/goal_target/share/goal_target/hook/cmake_prefix_path.ps1'
[1.812s] INFO:colcon.colcon_core.shell:Creating environment descriptor '/home/liam-bouffard/Desktop/rob599_mobile_robotics/Homework_4/pioneer_ws/install/goal_target/share/goal_target/hook/cmake_prefix_path.dsv'
[1.812s] INFO:colcon.colcon_core.shell:Creating environment hook '/home/liam-bouffard/Desktop/rob599_mobile_robotics/Homework_4/pioneer_ws/install/goal_target/share/goal_target/hook/cmake_prefix_path.sh'
[1.813s] Level 1:colcon.colcon_core.environment:checking '/home/liam-bouffard/Desktop/rob599_mobile_robotics/Homework_4/pioneer_ws/install/goal_target/lib'
[1.813s] Level 1:colcon.colcon_core.shell:create_environment_hook('goal_target', 'ld_library_path_lib')
[1.813s] INFO:colcon.colcon_core.shell:Creating environment hook '/home/liam-bouffard/Desktop/rob599_mobile_robotics/Homework_4/pioneer_ws/install/goal_target/share/goal_target/hook/ld_library_path_lib.ps1'
[1.813s] INFO:colcon.colcon_core.shell:Creating environment descriptor '/home/liam-bouffard/Desktop/rob599_mobile_robotics/Homework_4/pioneer_ws/install/goal_target/share/goal_target/hook/ld_library_path_lib.dsv'
[1.813s] INFO:colcon.colcon_core.shell:Creating environment hook '/home/liam-bouffard/Desktop/rob599_mobile_robotics/Homework_4/pioneer_ws/install/goal_target/share/goal_target/hook/ld_library_path_lib.sh'
[1.813s] Level 1:colcon.colcon_core.environment:checking '/home/liam-bouffard/Desktop/rob599_mobile_robotics/Homework_4/pioneer_ws/install/goal_target/bin'
[1.813s] Level 1:colcon.colcon_core.environment:checking '/home/liam-bouffard/Desktop/rob599_mobile_robotics/Homework_4/pioneer_ws/install/goal_target/lib/pkgconfig/goal_target.pc'
[1.814s] Level 1:colcon.colcon_core.environment:checking '/home/liam-bouffard/Desktop/rob599_mobile_robotics/Homework_4/pioneer_ws/install/goal_target/lib/python3.12/site-packages'
[1.814s] Level 1:colcon.colcon_core.shell:create_environment_hook('goal_target', 'pythonpath')
[1.814s] INFO:colcon.colcon_core.shell:Creating environment hook '/home/liam-bouffard/Desktop/rob599_mobile_robotics/Homework_4/pioneer_ws/install/goal_target/share/goal_target/hook/pythonpath.ps1'
[1.814s] INFO:colcon.colcon_core.shell:Creating environment descriptor '/home/liam-bouffard/Desktop/rob599_mobile_robotics/Homework_4/pioneer_ws/install/goal_target/share/goal_target/hook/pythonpath.dsv'
[1.814s] INFO:colcon.colcon_core.shell:Creating environment hook '/home/liam-bouffard/Desktop/rob599_mobile_robotics/Homework_4/pioneer_ws/install/goal_target/share/goal_target/hook/pythonpath.sh'
[1.815s] Level 1:colcon.colcon_core.environment:checking '/home/liam-bouffard/Desktop/rob599_mobile_robotics/Homework_4/pioneer_ws/install/goal_target/bin'
[1.815s] INFO:colcon.colcon_core.shell:Creating package script '/home/liam-bouffard/Desktop/rob599_mobile_robotics/Homework_4/pioneer_ws/install/goal_target/share/goal_target/package.ps1'
[1.815s] INFO:colcon.colcon_core.shell:Creating package descriptor '/home/liam-bouffard/Desktop/rob599_mobile_robotics/Homework_4/pioneer_ws/install/goal_target/share/goal_target/package.dsv'
[1.815s] INFO:colcon.colcon_core.shell:Creating package script '/home/liam-bouffard/Desktop/rob599_mobile_robotics/Homework_4/pioneer_ws/install/goal_target/share/goal_target/package.sh'
[1.816s] INFO:colcon.colcon_core.shell:Creating package script '/home/liam-bouffard/Desktop/rob599_mobile_robotics/Homework_4/pioneer_ws/install/goal_target/share/goal_target/package.bash'
[1.816s] INFO:colcon.colcon_core.shell:Creating package script '/home/liam-bouffard/Desktop/rob599_mobile_robotics/Homework_4/pioneer_ws/install/goal_target/share/goal_target/package.zsh'
[1.816s] Level 1:colcon.colcon_core.environment:create_file_with_runtime_dependencies(/home/liam-bouffard/Desktop/rob599_mobile_robotics/Homework_4/pioneer_ws/install/goal_target/share/colcon-core/packages/goal_target)
[1.816s] Level 1:colcon.colcon_core.environment:create_environment_scripts_only(goal_target)
[1.816s] Level 1:colcon.colcon_core.environment:checking '/home/liam-bouffard/Desktop/rob599_mobile_robotics/Homework_4/pioneer_ws/install/goal_target' for CMake module files
[1.817s] Level 1:colcon.colcon_core.environment:checking '/home/liam-bouffard/Desktop/rob599_mobile_robotics/Homework_4/pioneer_ws/install/goal_target' for CMake config files
[1.817s] Level 1:colcon.colcon_core.shell:create_environment_hook('goal_target', 'cmake_prefix_path')
[1.817s] INFO:colcon.colcon_core.shell:Creating environment hook '/home/liam-bouffard/Desktop/rob599_mobile_robotics/Homework_4/pioneer_ws/install/goal_target/share/goal_target/hook/cmake_prefix_path.ps1'
[1.817s] INFO:colcon.colcon_core.shell:Creating environment descriptor '/home/liam-bouffard/Desktop/rob599_mobile_robotics/Homework_4/pioneer_ws/install/goal_target/share/goal_target/hook/cmake_prefix_path.dsv'
[1.818s] INFO:colcon.colcon_core.shell:Creating environment hook '/home/liam-bouffard/Desktop/rob599_mobile_robotics/Homework_4/pioneer_ws/install/goal_target/share/goal_target/hook/cmake_prefix_path.sh'
[1.818s] Level 1:colcon.colcon_core.environment:checking '/home/liam-bouffard/Desktop/rob599_mobile_robotics/Homework_4/pioneer_ws/install/goal_target/lib'
[1.818s] Level 1:colcon.colcon_core.shell:create_environment_hook('goal_target', 'ld_library_path_lib')
[1.818s] INFO:colcon.colcon_core.shell:Creating environment hook '/home/liam-bouffard/Desktop/rob599_mobile_robotics/Homework_4/pioneer_ws/install/goal_target/share/goal_target/hook/ld_library_path_lib.ps1'
[1.818s] INFO:colcon.colcon_core.shell:Creating environment descriptor '/home/liam-bouffard/Desktop/rob599_mobile_robotics/Homework_4/pioneer_ws/install/goal_target/share/goal_target/hook/ld_library_path_lib.dsv'
[1.818s] INFO:colcon.colcon_core.shell:Creating environment hook '/home/liam-bouffard/Desktop/rob599_mobile_robotics/Homework_4/pioneer_ws/install/goal_target/share/goal_target/hook/ld_library_path_lib.sh'
[1.819s] Level 1:colcon.colcon_core.environment:checking '/home/liam-bouffard/Desktop/rob599_mobile_robotics/Homework_4/pioneer_ws/install/goal_target/bin'
[1.819s] Level 1:colcon.colcon_core.environment:checking '/home/liam-bouffard/Desktop/rob599_mobile_robotics/Homework_4/pioneer_ws/install/goal_target/lib/pkgconfig/goal_target.pc'
[1.819s] Level 1:colcon.colcon_core.environment:checking '/home/liam-bouffard/Desktop/rob599_mobile_robotics/Homework_4/pioneer_ws/install/goal_target/lib/python3.12/site-packages'
[1.819s] Level 1:colcon.colcon_core.shell:create_environment_hook('goal_target', 'pythonpath')
[1.819s] INFO:colcon.colcon_core.shell:Creating environment hook '/home/liam-bouffard/Desktop/rob599_mobile_robotics/Homework_4/pioneer_ws/install/goal_target/share/goal_target/hook/pythonpath.ps1'
[1.819s] INFO:colcon.colcon_core.shell:Creating environment descriptor '/home/liam-bouffard/Desktop/rob599_mobile_robotics/Homework_4/pioneer_ws/install/goal_target/share/goal_target/hook/pythonpath.dsv'
[1.819s] INFO:colcon.colcon_core.shell:Creating environment hook '/home/liam-bouffard/Desktop/rob599_mobile_robotics/Homework_4/pioneer_ws/install/goal_target/share/goal_target/hook/pythonpath.sh'
[1.820s] Level 1:colcon.colcon_core.environment:checking '/home/liam-bouffard/Desktop/rob599_mobile_robotics/Homework_4/pioneer_ws/install/goal_target/bin'
[1.820s] INFO:colcon.colcon_core.shell:Creating package script '/home/liam-bouffard/Desktop/rob599_mobile_robotics/Homework_4/pioneer_ws/install/goal_target/share/goal_target/package.ps1'
[1.820s] INFO:colcon.colcon_core.shell:Creating package descriptor '/home/liam-bouffard/Desktop/rob599_mobile_robotics/Homework_4/pioneer_ws/install/goal_target/share/goal_target/package.dsv'
[1.820s] INFO:colcon.colcon_core.shell:Creating package script '/home/liam-bouffard/Desktop/rob599_mobile_robotics/Homework_4/pioneer_ws/install/goal_target/share/goal_target/package.sh'
[1.821s] INFO:colcon.colcon_core.shell:Creating package script '/home/liam-bouffard/Desktop/rob599_mobile_robotics/Homework_4/pioneer_ws/install/goal_target/share/goal_target/package.bash'
[1.821s] INFO:colcon.colcon_core.shell:Creating package script '/home/liam-bouffard/Desktop/rob599_mobile_robotics/Homework_4/pioneer_ws/install/goal_target/share/goal_target/package.zsh'
[1.821s] Level 1:colcon.colcon_core.environment:create_file_with_runtime_dependencies(/home/liam-bouffard/Desktop/rob599_mobile_robotics/Homework_4/pioneer_ws/install/goal_target/share/colcon-core/packages/goal_target)
[1.848s] Level 1:colcon.colcon_core.environment:create_environment_scripts_only(pioneer_interfaces)
[1.849s] Level 1:colcon.colcon_core.environment:checking '/home/liam-bouffard/Desktop/rob599_mobile_robotics/Homework_4/pioneer_ws/install/pioneer_interfaces' for CMake module files
[1.849s] DEBUG:colcon.colcon_core.event_handler.log_command:Invoked command in '/home/liam-bouffard/Desktop/rob599_mobile_robotics/Homework_4/pioneer_ws/build/pioneer_interfaces' returned '0': CMAKE_PREFIX_PATH=/home/liam-bouffard/Desktop/rob599_mobile_robotics/Homework_4/pioneer_ws/install/stage_ros2:/home/liam-bouffard/Desktop/rob599_mobile_robotics/Homework_4/pioneer_ws/install/pioneer:/home/liam-bouffard/Desktop/rob599_mobile_robotics/Homework_3/pioneer_ws/install/start_robot:/home/liam-bouffard/Desktop/rob599_mobile_robotics/Homework_3/pioneer_ws/install/pioneer:/home/liam-bouffard/Desktop/rob599_mobile_robotics/Homework_3/pioneer_ws/install/pioneer_interfaces:/home/liam-bouffard/Desktop/rob599_mobile_robotics/Homework_3/pioneer_ws/install/goal_target:/opt/ros/kilted:/home/liam-bouffard/Desktop/rob599_mobile_robotics/Homework_4/pioneer_ws/install/stage:/home/liam-bouffard/Desktop/rob599_mobile_robotics/Homework_4/pioneer_ws/install/pioneer_interfaces:/home/liam-bouffard/Desktop/rob599_mobile_robotics/Homework_4/pioneer_ws/install/goal_target:/home/liam-bouffard/Desktop/rob599_mobile_robotics/Homework_3/pioneer_ws/install/stage_ros2:/home/liam-bouffard/Desktop/rob599_mobile_robotics/Homework_3/pioneer_ws/install/stage:/opt/ros/kilted/opt/gz_sim_vendor:/opt/ros/kilted/opt/gz_sensors_vendor:/opt/ros/kilted/opt/gz_physics_vendor:/opt/ros/kilted/opt/sdformat_vendor:/opt/ros/kilted/opt/gz_gui_vendor:/opt/ros/kilted/opt/gz_transport_vendor:/opt/ros/kilted/opt/gz_rendering_vendor:/opt/ros/kilted/opt/gz_plugin_vendor:/opt/ros/kilted/opt/gz_fuel_tools_vendor:/opt/ros/kilted/opt/gz_msgs_vendor:/opt/ros/kilted/opt/gz_common_vendor:/opt/ros/kilted/opt/gz_math_vendor:/opt/ros/kilted/opt/gz_utils_vendor:/opt/ros/kilted/opt/gz_tools_vendor:/opt/ros/kilted/opt/gz_ogre_next_vendor:/opt/ros/kilted/opt/gz_dartsim_vendor:/opt/ros/kilted/opt/gz_cmake_vendor DEBUGINFOD_URLS=https://debuginfod.ubuntu.com /usr/bin/cmake --install /home/liam-bouffard/Desktop/rob599_mobile_robotics/Homework_4/pioneer_ws/build/pioneer_interfaces
[1.849s] Level 1:colcon.colcon_core.environment:checking '/home/liam-bouffard/Desktop/rob599_mobile_robotics/Homework_4/pioneer_ws/install/pioneer_interfaces' for CMake config files
[1.850s] Level 1:colcon.colcon_core.shell:create_environment_hook('pioneer_interfaces', 'cmake_prefix_path')
[1.850s] INFO:colcon.colcon_core.shell:Creating environment hook '/home/liam-bouffard/Desktop/rob599_mobile_robotics/Homework_4/pioneer_ws/install/pioneer_interfaces/share/pioneer_interfaces/hook/cmake_prefix_path.ps1'
[1.850s] INFO:colcon.colcon_core.shell:Creating environment descriptor '/home/liam-bouffard/Desktop/rob599_mobile_robotics/Homework_4/pioneer_ws/install/pioneer_interfaces/share/pioneer_interfaces/hook/cmake_prefix_path.dsv'
[1.850s] INFO:colcon.colcon_core.shell:Creating environment hook '/home/liam-bouffard/Desktop/rob599_mobile_robotics/Homework_4/pioneer_ws/install/pioneer_interfaces/share/pioneer_interfaces/hook/cmake_prefix_path.sh'
[1.851s] Level 1:colcon.colcon_core.environment:checking '/home/liam-bouffard/Desktop/rob599_mobile_robotics/Homework_4/pioneer_ws/install/pioneer_interfaces/lib'
[1.851s] Level 1:colcon.colcon_core.shell:create_environment_hook('pioneer_interfaces', 'ld_library_path_lib')
[1.851s] INFO:colcon.colcon_core.shell:Creating environment hook '/home/liam-bouffard/Desktop/rob599_mobile_robotics/Homework_4/pioneer_ws/install/pioneer_interfaces/share/pioneer_interfaces/hook/ld_library_path_lib.ps1'
[1.851s] INFO:colcon.colcon_core.shell:Creating environment descriptor '/home/liam-bouffard/Desktop/rob599_mobile_robotics/Homework_4/pioneer_ws/install/pioneer_interfaces/share/pioneer_interfaces/hook/ld_library_path_lib.dsv'
[1.851s] INFO:colcon.colcon_core.shell:Creating environment hook '/home/liam-bouffard/Desktop/rob599_mobile_robotics/Homework_4/pioneer_ws/install/pioneer_interfaces/share/pioneer_interfaces/hook/ld_library_path_lib.sh'
[1.851s] Level 1:colcon.colcon_core.environment:checking '/home/liam-bouffard/Desktop/rob599_mobile_robotics/Homework_4/pioneer_ws/install/pioneer_interfaces/bin'
[1.851s] Level 1:colcon.colcon_core.environment:checking '/home/liam-bouffard/Desktop/rob599_mobile_robotics/Homework_4/pioneer_ws/install/pioneer_interfaces/lib/pkgconfig/pioneer_interfaces.pc'
[1.851s] Level 1:colcon.colcon_core.environment:checking '/home/liam-bouffard/Desktop/rob599_mobile_robotics/Homework_4/pioneer_ws/install/pioneer_interfaces/lib/python3.12/site-packages'
[1.852s] Level 1:colcon.colcon_core.shell:create_environment_hook('pioneer_interfaces', 'pythonpath')
[1.852s] INFO:colcon.colcon_core.shell:Creating environment hook '/home/liam-bouffard/Desktop/rob599_mobile_robotics/Homework_4/pioneer_ws/install/pioneer_interfaces/share/pioneer_interfaces/hook/pythonpath.ps1'
[1.852s] INFO:colcon.colcon_core.shell:Creating environment descriptor '/home/liam-bouffard/Desktop/rob599_mobile_robotics/Homework_4/pioneer_ws/install/pioneer_interfaces/share/pioneer_interfaces/hook/pythonpath.dsv'
[1.852s] INFO:colcon.colcon_core.shell:Creating environment hook '/home/liam-bouffard/Desktop/rob599_mobile_robotics/Homework_4/pioneer_ws/install/pioneer_interfaces/share/pioneer_interfaces/hook/pythonpath.sh'
[1.852s] Level 1:colcon.colcon_core.environment:checking '/home/liam-bouffard/Desktop/rob599_mobile_robotics/Homework_4/pioneer_ws/install/pioneer_interfaces/bin'
[1.853s] INFO:colcon.colcon_core.shell:Creating package script '/home/liam-bouffard/Desktop/rob599_mobile_robotics/Homework_4/pioneer_ws/install/pioneer_interfaces/share/pioneer_interfaces/package.ps1'
[1.853s] INFO:colcon.colcon_core.shell:Creating package descriptor '/home/liam-bouffard/Desktop/rob599_mobile_robotics/Homework_4/pioneer_ws/install/pioneer_interfaces/share/pioneer_interfaces/package.dsv'
[1.853s] INFO:colcon.colcon_core.shell:Creating package script '/home/liam-bouffard/Desktop/rob599_mobile_robotics/Homework_4/pioneer_ws/install/pioneer_interfaces/share/pioneer_interfaces/package.sh'
[1.853s] INFO:colcon.colcon_core.shell:Creating package script '/home/liam-bouffard/Desktop/rob599_mobile_robotics/Homework_4/pioneer_ws/install/pioneer_interfaces/share/pioneer_interfaces/package.bash'
[1.854s] INFO:colcon.colcon_core.shell:Creating package script '/home/liam-bouffard/Desktop/rob599_mobile_robotics/Homework_4/pioneer_ws/install/pioneer_interfaces/share/pioneer_interfaces/package.zsh'
[1.860s] Level 1:colcon.colcon_core.environment:create_file_with_runtime_dependencies(/home/liam-bouffard/Desktop/rob599_mobile_robotics/Homework_4/pioneer_ws/install/pioneer_interfaces/share/colcon-core/packages/pioneer_interfaces)
[1.861s] Level 1:colcon.colcon_core.environment:create_environment_scripts_only(pioneer_interfaces)
[1.861s] Level 1:colcon.colcon_core.environment:checking '/home/liam-bouffard/Desktop/rob599_mobile_robotics/Homework_4/pioneer_ws/install/pioneer_interfaces' for CMake module files
[1.861s] Level 1:colcon.colcon_core.environment:checking '/home/liam-bouffard/Desktop/rob599_mobile_robotics/Homework_4/pioneer_ws/install/pioneer_interfaces' for CMake config files
[1.861s] Level 1:colcon.colcon_core.shell:create_environment_hook('pioneer_interfaces', 'cmake_prefix_path')
[1.862s] INFO:colcon.colcon_core.shell:Creating environment hook '/home/liam-bouffard/Desktop/rob599_mobile_robotics/Homework_4/pioneer_ws/install/pioneer_interfaces/share/pioneer_interfaces/hook/cmake_prefix_path.ps1'
[1.862s] INFO:colcon.colcon_core.shell:Creating environment descriptor '/home/liam-bouffard/Desktop/rob599_mobile_robotics/Homework_4/pioneer_ws/install/pioneer_interfaces/share/pioneer_interfaces/hook/cmake_prefix_path.dsv'
[1.862s] INFO:colcon.colcon_core.shell:Creating environment hook '/home/liam-bouffard/Desktop/rob599_mobile_robotics/Homework_4/pioneer_ws/install/pioneer_interfaces/share/pioneer_interfaces/hook/cmake_prefix_path.sh'
[1.862s] Level 1:colcon.colcon_core.environment:checking '/home/liam-bouffard/Desktop/rob599_mobile_robotics/Homework_4/pioneer_ws/install/pioneer_interfaces/lib'
[1.862s] Level 1:colcon.colcon_core.shell:create_environment_hook('pioneer_interfaces', 'ld_library_path_lib')
[1.862s] INFO:colcon.colcon_core.shell:Creating environment hook '/home/liam-bouffard/Desktop/rob599_mobile_robotics/Homework_4/pioneer_ws/install/pioneer_interfaces/share/pioneer_interfaces/hook/ld_library_path_lib.ps1'
[1.863s] INFO:colcon.colcon_core.shell:Creating environment descriptor '/home/liam-bouffard/Desktop/rob599_mobile_robotics/Homework_4/pioneer_ws/install/pioneer_interfaces/share/pioneer_interfaces/hook/ld_library_path_lib.dsv'
[1.863s] INFO:colcon.colcon_core.shell:Creating environment hook '/home/liam-bouffard/Desktop/rob599_mobile_robotics/Homework_4/pioneer_ws/install/pioneer_interfaces/share/pioneer_interfaces/hook/ld_library_path_lib.sh'
[1.863s] Level 1:colcon.colcon_core.environment:checking '/home/liam-bouffard/Desktop/rob599_mobile_robotics/Homework_4/pioneer_ws/install/pioneer_interfaces/bin'
[1.863s] Level 1:colcon.colcon_core.environment:checking '/home/liam-bouffard/Desktop/rob599_mobile_robotics/Homework_4/pioneer_ws/install/pioneer_interfaces/lib/pkgconfig/pioneer_interfaces.pc'
[1.863s] Level 1:colcon.colcon_core.environment:checking '/home/liam-bouffard/Desktop/rob599_mobile_robotics/Homework_4/pioneer_ws/install/pioneer_interfaces/lib/python3.12/site-packages'
[1.863s] Level 1:colcon.colcon_core.shell:create_environment_hook('pioneer_interfaces', 'pythonpath')
[1.863s] INFO:colcon.colcon_core.shell:Creating environment hook '/home/liam-bouffard/Desktop/rob599_mobile_robotics/Homework_4/pioneer_ws/install/pioneer_interfaces/share/pioneer_interfaces/hook/pythonpath.ps1'
[1.864s] INFO:colcon.colcon_core.shell:Creating environment descriptor '/home/liam-bouffard/Desktop/rob599_mobile_robotics/Homework_4/pioneer_ws/install/pioneer_interfaces/share/pioneer_interfaces/hook/pythonpath.dsv'
[1.864s] INFO:colcon.colcon_core.shell:Creating environment hook '/home/liam-bouffard/Desktop/rob599_mobile_robotics/Homework_4/pioneer_ws/install/pioneer_interfaces/share/pioneer_interfaces/hook/pythonpath.sh'
[1.864s] Level 1:colcon.colcon_core.environment:checking '/home/liam-bouffard/Desktop/rob599_mobile_robotics/Homework_4/pioneer_ws/install/pioneer_interfaces/bin'
[1.864s] INFO:colcon.colcon_core.shell:Creating package script '/home/liam-bouffard/Desktop/rob599_mobile_robotics/Homework_4/pioneer_ws/install/pioneer_interfaces/share/pioneer_interfaces/package.ps1'
[1.865s] INFO:colcon.colcon_core.shell:Creating package descriptor '/home/liam-bouffard/Desktop/rob599_mobile_robotics/Homework_4/pioneer_ws/install/pioneer_interfaces/share/pioneer_interfaces/package.dsv'
[1.865s] INFO:colcon.colcon_core.shell:Creating package script '/home/liam-bouffard/Desktop/rob599_mobile_robotics/Homework_4/pioneer_ws/install/pioneer_interfaces/share/pioneer_interfaces/package.sh'
[1.865s] INFO:colcon.colcon_core.shell:Creating package script '/home/liam-bouffard/Desktop/rob599_mobile_robotics/Homework_4/pioneer_ws/install/pioneer_interfaces/share/pioneer_interfaces/package.bash'
[1.865s] INFO:colcon.colcon_core.shell:Creating package script '/home/liam-bouffard/Desktop/rob599_mobile_robotics/Homework_4/pioneer_ws/install/pioneer_interfaces/share/pioneer_interfaces/package.zsh'
[1.866s] Level 1:colcon.colcon_core.environment:create_file_with_runtime_dependencies(/home/liam-bouffard/Desktop/rob599_mobile_robotics/Homework_4/pioneer_ws/install/pioneer_interfaces/share/colcon-core/packages/pioneer_interfaces)
[1.866s] INFO:colcon.colcon_ros.task.ament_python.build:Building ROS package in '/home/liam-bouffard/Desktop/rob599_mobile_robotics/Homework_4/pioneer_ws/src/pioneer' with build type 'ament_python'
[1.866s] Level 1:colcon.colcon_core.shell:create_environment_hook('pioneer', 'ament_prefix_path')
[1.866s] INFO:colcon.colcon_core.shell:Creating environment hook '/home/liam-bouffard/Desktop/rob599_mobile_robotics/Homework_4/pioneer_ws/install/pioneer/share/pioneer/hook/ament_prefix_path.ps1'
[1.866s] INFO:colcon.colcon_core.shell:Creating environment descriptor '/home/liam-bouffard/Desktop/rob599_mobile_robotics/Homework_4/pioneer_ws/install/pioneer/share/pioneer/hook/ament_prefix_path.dsv'
[1.867s] INFO:colcon.colcon_core.shell:Creating environment hook '/home/liam-bouffard/Desktop/rob599_mobile_robotics/Homework_4/pioneer_ws/install/pioneer/share/pioneer/hook/ament_prefix_path.sh'
[1.867s] INFO:colcon.colcon_core.shell:Skip shell extension 'powershell' for command environment: Not usable outside of PowerShell
[1.867s] DEBUG:colcon.colcon_core.shell:Skip shell extension 'dsv' for command environment
[2.044s] INFO:colcon.colcon_core.task.python.build:Building Python package in '/home/liam-bouffard/Desktop/rob599_mobile_robotics/Homework_4/pioneer_ws/src/pioneer'
[2.044s] INFO:colcon.colcon_core.shell:Skip shell extension 'powershell' for command environment: Not usable outside of PowerShell
[2.044s] DEBUG:colcon.colcon_core.shell:Skip shell extension 'dsv' for command environment
[2.579s] DEBUG:colcon.colcon_core.event_handler.log_command:Invoking command in '/home/liam-bouffard/Desktop/rob599_mobile_robotics/Homework_4/pioneer_ws/build/pioneer': CMAKE_PREFIX_PATH=/home/liam-bouffard/Desktop/rob599_mobile_robotics/Homework_4/pioneer_ws/install/pioneer_interfaces:/home/liam-bouffard/Desktop/rob599_mobile_robotics/Homework_4/pioneer_ws/install/goal_target:/home/liam-bouffard/Desktop/rob599_mobile_robotics/Homework_4/pioneer_ws/install/stage_ros2:/home/liam-bouffard/Desktop/rob599_mobile_robotics/Homework_4/pioneer_ws/install/stage:/home/liam-bouffard/Desktop/rob599_mobile_robotics/Homework_3/pioneer_ws/install/stage_ros2:/home/liam-bouffard/Desktop/rob599_mobile_robotics/Homework_3/pioneer_ws/install/stage:/opt/ros/kilted/opt/gz_sim_vendor:/opt/ros/kilted/opt/gz_sensors_vendor:/opt/ros/kilted/opt/gz_physics_vendor:/opt/ros/kilted/opt/sdformat_vendor:/opt/ros/kilted/opt/gz_gui_vendor:/opt/ros/kilted/opt/gz_transport_vendor:/opt/ros/kilted/opt/gz_rendering_vendor:/opt/ros/kilted/opt/gz_plugin_vendor:/opt/ros/kilted/opt/gz_fuel_tools_vendor:/opt/ros/kilted/opt/gz_msgs_vendor:/opt/ros/kilted/opt/gz_common_vendor:/opt/ros/kilted/opt/gz_math_vendor:/opt/ros/kilted/opt/gz_utils_vendor:/opt/ros/kilted/opt/gz_tools_vendor:/opt/ros/kilted/opt/gz_ogre_next_vendor:/opt/ros/kilted/opt/gz_dartsim_vendor:/opt/ros/kilted/opt/gz_cmake_vendor DEBUGINFOD_URLS=https://debuginfod.ubuntu.com LD_LIBRARY_PATH=/home/liam-bouffard/Desktop/rob599_mobile_robotics/Homework_4/pioneer_ws/install/pioneer_interfaces/lib:/home/liam-bouffard/Desktop/rob599_mobile_robotics/Homework_4/pioneer_ws/install/goal_target/lib:/home/liam-bouffard/Desktop/rob599_mobile_robotics/Homework_4/pioneer_ws/install/stage_ros2/lib:/home/liam-bouffard/Desktop/rob599_mobile_robotics/Homework_4/pioneer_ws/install/stage/lib:/home/liam-bouffard/Desktop/rob599_mobile_robotics/Homework_3/pioneer_ws/install/stage_ros2/lib:/home/liam-bouffard/Desktop/rob599_mobile_robotics/Homework_3/pioneer_ws/install/stage/lib:/home/liam-bouffard/Desktop/rob599_mobile_robotics/Homework_3/pioneer_ws/install/pioneer_interfaces/lib:/home/liam-bouffard/Desktop/rob599_mobile_robotics/Homework_3/pioneer_ws/install/goal_target/lib:/opt/ros/kilted/opt/zenoh_cpp_vendor/lib:/opt/ros/kilted/opt/gz_sim_vendor/lib:/opt/ros/kilted/opt/gz_sensors_vendor/lib:/opt/ros/kilted/opt/gz_physics_vendor/lib:/opt/ros/kilted/opt/sdformat_vendor/lib:/opt/ros/kilted/opt/gz_gui_vendor/lib:/opt/ros/kilted/opt/gz_transport_vendor/lib:/opt/ros/kilted/opt/gz_rendering_vendor/lib:/opt/ros/kilted/opt/gz_plugin_vendor/lib:/opt/ros/kilted/opt/gz_fuel_tools_vendor/lib:/opt/ros/kilted/opt/gz_msgs_vendor/lib:/opt/ros/kilted/opt/gz_common_vendor/lib:/opt/ros/kilted/opt/gz_math_vendor/lib:/opt/ros/kilted/opt/gz_utils_vendor/lib:/opt/ros/kilted/opt/rviz_ogre_vendor/lib:/opt/ros/kilted/lib/x86_64-linux-gnu:/opt/ros/kilted/opt/gz_tools_vendor/lib:/opt/ros/kilted/opt/gz_ogre_next_vendor/lib:/opt/ros/kilted/opt/gz_dartsim_vendor/lib:/opt/ros/kilted/opt/gz_cmake_vendor/lib:/opt/ros/kilted/lib PYTHONPATH=/home/liam-bouffard/Desktop/rob599_mobile_robotics/Homework_4/pioneer_ws/build/pioneer/prefix_override:/usr/lib/python3/dist-packages/colcon_core/task/python/colcon_distutils_commands:/home/liam-bouffard/Desktop/rob599_mobile_robotics/Homework_4/pioneer_ws/install/pioneer/lib/python3.12/site-packages:/home/liam-bouffard/Desktop/rob599_mobile_robotics/Homework_4/pioneer_ws/install/pioneer_interfaces/lib/python3.12/site-packages:/home/liam-bouffard/Desktop/rob599_mobile_robotics/Homework_4/pioneer_ws/install/goal_target/lib/python3.12/site-packages:/home/liam-bouffard/Desktop/rob599_mobile_robotics/Homework_4/pioneer_ws/build/pioneer:/home/liam-bouffard/Desktop/rob599_mobile_robotics/Homework_4/pioneer_ws/install/pioneer/lib/python3.12/site-packages:/home/liam-bouffard/Desktop/rob599_mobile_robotics/Homework_3/pioneer_ws/build/start_robot:/home/liam-bouffard/Desktop/rob599_mobile_robotics/Homework_3/pioneer_ws/install/start_robot/lib/python3.12/site-packages:/home/liam-bouffard/Desktop/rob599_mobile_robotics/Homework_3/pioneer_ws/build/pioneer:/home/liam-bouffard/Desktop/rob599_mobile_robotics/Homework_3/pioneer_ws/install/pioneer/lib/python3.12/site-packages:/home/liam-bouffard/Desktop/rob599_mobile_robotics/Homework_3/pioneer_ws/install/pioneer_interfaces/lib/python3.12/site-packages:/home/liam-bouffard/Desktop/rob599_mobile_robotics/Homework_3/pioneer_ws/install/goal_target/lib/python3.12/site-packages:/opt/ros/kilted/lib/python3.12/site-packages /usr/bin/python3 -W ignore:setup.py install is deprecated -W ignore:easy_install command is deprecated setup.py develop --uninstall --editable --build-directory /home/liam-bouffard/Desktop/rob599_mobile_robotics/Homework_4/pioneer_ws/build/pioneer/build
[3.018s] DEBUG:colcon.colcon_core.event_handler.log_command:Invoked command in '/home/liam-bouffard/Desktop/rob599_mobile_robotics/Homework_4/pioneer_ws/build/pioneer' returned '0': CMAKE_PREFIX_PATH=/home/liam-bouffard/Desktop/rob599_mobile_robotics/Homework_4/pioneer_ws/install/pioneer_interfaces:/home/liam-bouffard/Desktop/rob599_mobile_robotics/Homework_4/pioneer_ws/install/goal_target:/home/liam-bouffard/Desktop/rob599_mobile_robotics/Homework_4/pioneer_ws/install/stage_ros2:/home/liam-bouffard/Desktop/rob599_mobile_robotics/Homework_4/pioneer_ws/install/stage:/home/liam-bouffard/Desktop/rob599_mobile_robotics/Homework_3/pioneer_ws/install/stage_ros2:/home/liam-bouffard/Desktop/rob599_mobile_robotics/Homework_3/pioneer_ws/install/stage:/opt/ros/kilted/opt/gz_sim_vendor:/opt/ros/kilted/opt/gz_sensors_vendor:/opt/ros/kilted/opt/gz_physics_vendor:/opt/ros/kilted/opt/sdformat_vendor:/opt/ros/kilted/opt/gz_gui_vendor:/opt/ros/kilted/opt/gz_transport_vendor:/opt/ros/kilted/opt/gz_rendering_vendor:/opt/ros/kilted/opt/gz_plugin_vendor:/opt/ros/kilted/opt/gz_fuel_tools_vendor:/opt/ros/kilted/opt/gz_msgs_vendor:/opt/ros/kilted/opt/gz_common_vendor:/opt/ros/kilted/opt/gz_math_vendor:/opt/ros/kilted/opt/gz_utils_vendor:/opt/ros/kilted/opt/gz_tools_vendor:/opt/ros/kilted/opt/gz_ogre_next_vendor:/opt/ros/kilted/opt/gz_dartsim_vendor:/opt/ros/kilted/opt/gz_cmake_vendor DEBUGINFOD_URLS=https://debuginfod.ubuntu.com LD_LIBRARY_PATH=/home/liam-bouffard/Desktop/rob599_mobile_robotics/Homework_4/pioneer_ws/install/pioneer_interfaces/lib:/home/liam-bouffard/Desktop/rob599_mobile_robotics/Homework_4/pioneer_ws/install/goal_target/lib:/home/liam-bouffard/Desktop/rob599_mobile_robotics/Homework_4/pioneer_ws/install/stage_ros2/lib:/home/liam-bouffard/Desktop/rob599_mobile_robotics/Homework_4/pioneer_ws/install/stage/lib:/home/liam-bouffard/Desktop/rob599_mobile_robotics/Homework_3/pioneer_ws/install/stage_ros2/lib:/home/liam-bouffard/Desktop/rob599_mobile_robotics/Homework_3/pioneer_ws/install/stage/lib:/home/liam-bouffard/Desktop/rob599_mobile_robotics/Homework_3/pioneer_ws/install/pioneer_interfaces/lib:/home/liam-bouffard/Desktop/rob599_mobile_robotics/Homework_3/pioneer_ws/install/goal_target/lib:/opt/ros/kilted/opt/zenoh_cpp_vendor/lib:/opt/ros/kilted/opt/gz_sim_vendor/lib:/opt/ros/kilted/opt/gz_sensors_vendor/lib:/opt/ros/kilted/opt/gz_physics_vendor/lib:/opt/ros/kilted/opt/sdformat_vendor/lib:/opt/ros/kilted/opt/gz_gui_vendor/lib:/opt/ros/kilted/opt/gz_transport_vendor/lib:/opt/ros/kilted/opt/gz_rendering_vendor/lib:/opt/ros/kilted/opt/gz_plugin_vendor/lib:/opt/ros/kilted/opt/gz_fuel_tools_vendor/lib:/opt/ros/kilted/opt/gz_msgs_vendor/lib:/opt/ros/kilted/opt/gz_common_vendor/lib:/opt/ros/kilted/opt/gz_math_vendor/lib:/opt/ros/kilted/opt/gz_utils_vendor/lib:/opt/ros/kilted/opt/rviz_ogre_vendor/lib:/opt/ros/kilted/lib/x86_64-linux-gnu:/opt/ros/kilted/opt/gz_tools_vendor/lib:/opt/ros/kilted/opt/gz_ogre_next_vendor/lib:/opt/ros/kilted/opt/gz_dartsim_vendor/lib:/opt/ros/kilted/opt/gz_cmake_vendor/lib:/opt/ros/kilted/lib PYTHONPATH=/home/liam-bouffard/Desktop/rob599_mobile_robotics/Homework_4/pioneer_ws/build/pioneer/prefix_override:/usr/lib/python3/dist-packages/colcon_core/task/python/colcon_distutils_commands:/home/liam-bouffard/Desktop/rob599_mobile_robotics/Homework_4/pioneer_ws/install/pioneer/lib/python3.12/site-packages:/home/liam-bouffard/Desktop/rob599_mobile_robotics/Homework_4/pioneer_ws/install/pioneer_interfaces/lib/python3.12/site-packages:/home/liam-bouffard/Desktop/rob599_mobile_robotics/Homework_4/pioneer_ws/install/goal_target/lib/python3.12/site-packages:/home/liam-bouffard/Desktop/rob599_mobile_robotics/Homework_4/pioneer_ws/build/pioneer:/home/liam-bouffard/Desktop/rob599_mobile_robotics/Homework_4/pioneer_ws/install/pioneer/lib/python3.12/site-packages:/home/liam-bouffard/Desktop/rob599_mobile_robotics/Homework_3/pioneer_ws/build/start_robot:/home/liam-bouffard/Desktop/rob599_mobile_robotics/Homework_3/pioneer_ws/install/start_robot/lib/python3.12/site-packages:/home/liam-bouffard/Desktop/rob599_mobile_robotics/Homework_3/pioneer_ws/build/pioneer:/home/liam-bouffard/Desktop/rob599_mobile_robotics/Homework_3/pioneer_ws/install/pioneer/lib/python3.12/site-packages:/home/liam-bouffard/Desktop/rob599_mobile_robotics/Homework_3/pioneer_ws/install/pioneer_interfaces/lib/python3.12/site-packages:/home/liam-bouffard/Desktop/rob599_mobile_robotics/Homework_3/pioneer_ws/install/goal_target/lib/python3.12/site-packages:/opt/ros/kilted/lib/python3.12/site-packages /usr/bin/python3 -W ignore:setup.py install is deprecated -W ignore:easy_install command is deprecated setup.py develop --uninstall --editable --build-directory /home/liam-bouffard/Desktop/rob599_mobile_robotics/Homework_4/pioneer_ws/build/pioneer/build
[3.019s] DEBUG:colcon.colcon_core.event_handler.log_command:Invoking command in '/home/liam-bouffard/Desktop/rob599_mobile_robotics/Homework_4/pioneer_ws/src/pioneer': CMAKE_PREFIX_PATH=/home/liam-bouffard/Desktop/rob599_mobile_robotics/Homework_4/pioneer_ws/install/pioneer_interfaces:/home/liam-bouffard/Desktop/rob599_mobile_robotics/Homework_4/pioneer_ws/install/goal_target:/home/liam-bouffard/Desktop/rob599_mobile_robotics/Homework_4/pioneer_ws/install/stage_ros2:/home/liam-bouffard/Desktop/rob599_mobile_robotics/Homework_4/pioneer_ws/install/stage:/home/liam-bouffard/Desktop/rob599_mobile_robotics/Homework_3/pioneer_ws/install/stage_ros2:/home/liam-bouffard/Desktop/rob599_mobile_robotics/Homework_3/pioneer_ws/install/stage:/opt/ros/kilted/opt/gz_sim_vendor:/opt/ros/kilted/opt/gz_sensors_vendor:/opt/ros/kilted/opt/gz_physics_vendor:/opt/ros/kilted/opt/sdformat_vendor:/opt/ros/kilted/opt/gz_gui_vendor:/opt/ros/kilted/opt/gz_transport_vendor:/opt/ros/kilted/opt/gz_rendering_vendor:/opt/ros/kilted/opt/gz_plugin_vendor:/opt/ros/kilted/opt/gz_fuel_tools_vendor:/opt/ros/kilted/opt/gz_msgs_vendor:/opt/ros/kilted/opt/gz_common_vendor:/opt/ros/kilted/opt/gz_math_vendor:/opt/ros/kilted/opt/gz_utils_vendor:/opt/ros/kilted/opt/gz_tools_vendor:/opt/ros/kilted/opt/gz_ogre_next_vendor:/opt/ros/kilted/opt/gz_dartsim_vendor:/opt/ros/kilted/opt/gz_cmake_vendor DEBUGINFOD_URLS=https://debuginfod.ubuntu.com LD_LIBRARY_PATH=/home/liam-bouffard/Desktop/rob599_mobile_robotics/Homework_4/pioneer_ws/install/pioneer_interfaces/lib:/home/liam-bouffard/Desktop/rob599_mobile_robotics/Homework_4/pioneer_ws/install/goal_target/lib:/home/liam-bouffard/Desktop/rob599_mobile_robotics/Homework_4/pioneer_ws/install/stage_ros2/lib:/home/liam-bouffard/Desktop/rob599_mobile_robotics/Homework_4/pioneer_ws/install/stage/lib:/home/liam-bouffard/Desktop/rob599_mobile_robotics/Homework_3/pioneer_ws/install/stage_ros2/lib:/home/liam-bouffard/Desktop/rob599_mobile_robotics/Homework_3/pioneer_ws/install/stage/lib:/home/liam-bouffard/Desktop/rob599_mobile_robotics/Homework_3/pioneer_ws/install/pioneer_interfaces/lib:/home/liam-bouffard/Desktop/rob599_mobile_robotics/Homework_3/pioneer_ws/install/goal_target/lib:/opt/ros/kilted/opt/zenoh_cpp_vendor/lib:/opt/ros/kilted/opt/gz_sim_vendor/lib:/opt/ros/kilted/opt/gz_sensors_vendor/lib:/opt/ros/kilted/opt/gz_physics_vendor/lib:/opt/ros/kilted/opt/sdformat_vendor/lib:/opt/ros/kilted/opt/gz_gui_vendor/lib:/opt/ros/kilted/opt/gz_transport_vendor/lib:/opt/ros/kilted/opt/gz_rendering_vendor/lib:/opt/ros/kilted/opt/gz_plugin_vendor/lib:/opt/ros/kilted/opt/gz_fuel_tools_vendor/lib:/opt/ros/kilted/opt/gz_msgs_vendor/lib:/opt/ros/kilted/opt/gz_common_vendor/lib:/opt/ros/kilted/opt/gz_math_vendor/lib:/opt/ros/kilted/opt/gz_utils_vendor/lib:/opt/ros/kilted/opt/rviz_ogre_vendor/lib:/opt/ros/kilted/lib/x86_64-linux-gnu:/opt/ros/kilted/opt/gz_tools_vendor/lib:/opt/ros/kilted/opt/gz_ogre_next_vendor/lib:/opt/ros/kilted/opt/gz_dartsim_vendor/lib:/opt/ros/kilted/opt/gz_cmake_vendor/lib:/opt/ros/kilted/lib PYTHONPATH=/home/liam-bouffard/Desktop/rob599_mobile_robotics/Homework_4/pioneer_ws/build/pioneer/prefix_override:/usr/lib/python3/dist-packages/colcon_core/task/python/colcon_distutils_commands:/home/liam-bouffard/Desktop/rob599_mobile_robotics/Homework_4/pioneer_ws/install/pioneer/lib/python3.12/site-packages:/home/liam-bouffard/Desktop/rob599_mobile_robotics/Homework_4/pioneer_ws/install/pioneer_interfaces/lib/python3.12/site-packages:/home/liam-bouffard/Desktop/rob599_mobile_robotics/Homework_4/pioneer_ws/install/goal_target/lib/python3.12/site-packages:/home/liam-bouffard/Desktop/rob599_mobile_robotics/Homework_4/pioneer_ws/build/pioneer:/home/liam-bouffard/Desktop/rob599_mobile_robotics/Homework_4/pioneer_ws/install/pioneer/lib/python3.12/site-packages:/home/liam-bouffard/Desktop/rob599_mobile_robotics/Homework_3/pioneer_ws/build/start_robot:/home/liam-bouffard/Desktop/rob599_mobile_robotics/Homework_3/pioneer_ws/install/start_robot/lib/python3.12/site-packages:/home/liam-bouffard/Desktop/rob599_mobile_robotics/Homework_3/pioneer_ws/build/pioneer:/home/liam-bouffard/Desktop/rob599_mobile_robotics/Homework_3/pioneer_ws/install/pioneer/lib/python3.12/site-packages:/home/liam-bouffard/Desktop/rob599_mobile_robotics/Homework_3/pioneer_ws/install/pioneer_interfaces/lib/python3.12/site-packages:/home/liam-bouffard/Desktop/rob599_mobile_robotics/Homework_3/pioneer_ws/install/goal_target/lib/python3.12/site-packages:/opt/ros/kilted/lib/python3.12/site-packages /usr/bin/python3 -W ignore:setup.py install is deprecated -W ignore:easy_install command is deprecated setup.py egg_info --egg-base ../../build/pioneer build --build-base /home/liam-bouffard/Desktop/rob599_mobile_robotics/Homework_4/pioneer_ws/build/pioneer/build install --record /home/liam-bouffard/Desktop/rob599_mobile_robotics/Homework_4/pioneer_ws/build/pioneer/install.log --single-version-externally-managed install_data --force
[3.564s] Level 1:colcon.colcon_core.environment:checking '/home/liam-bouffard/Desktop/rob599_mobile_robotics/Homework_4/pioneer_ws/install/pioneer' for CMake module files
[3.564s] DEBUG:colcon.colcon_core.event_handler.log_command:Invoked command in '/home/liam-bouffard/Desktop/rob599_mobile_robotics/Homework_4/pioneer_ws/src/pioneer' returned '0': CMAKE_PREFIX_PATH=/home/liam-bouffard/Desktop/rob599_mobile_robotics/Homework_4/pioneer_ws/install/pioneer_interfaces:/home/liam-bouffard/Desktop/rob599_mobile_robotics/Homework_4/pioneer_ws/install/goal_target:/home/liam-bouffard/Desktop/rob599_mobile_robotics/Homework_4/pioneer_ws/install/stage_ros2:/home/liam-bouffard/Desktop/rob599_mobile_robotics/Homework_4/pioneer_ws/install/stage:/home/liam-bouffard/Desktop/rob599_mobile_robotics/Homework_3/pioneer_ws/install/stage_ros2:/home/liam-bouffard/Desktop/rob599_mobile_robotics/Homework_3/pioneer_ws/install/stage:/opt/ros/kilted/opt/gz_sim_vendor:/opt/ros/kilted/opt/gz_sensors_vendor:/opt/ros/kilted/opt/gz_physics_vendor:/opt/ros/kilted/opt/sdformat_vendor:/opt/ros/kilted/opt/gz_gui_vendor:/opt/ros/kilted/opt/gz_transport_vendor:/opt/ros/kilted/opt/gz_rendering_vendor:/opt/ros/kilted/opt/gz_plugin_vendor:/opt/ros/kilted/opt/gz_fuel_tools_vendor:/opt/ros/kilted/opt/gz_msgs_vendor:/opt/ros/kilted/opt/gz_common_vendor:/opt/ros/kilted/opt/gz_math_vendor:/opt/ros/kilted/opt/gz_utils_vendor:/opt/ros/kilted/opt/gz_tools_vendor:/opt/ros/kilted/opt/gz_ogre_next_vendor:/opt/ros/kilted/opt/gz_dartsim_vendor:/opt/ros/kilted/opt/gz_cmake_vendor DEBUGINFOD_URLS=https://debuginfod.ubuntu.com LD_LIBRARY_PATH=/home/liam-bouffard/Desktop/rob599_mobile_robotics/Homework_4/pioneer_ws/install/pioneer_interfaces/lib:/home/liam-bouffard/Desktop/rob599_mobile_robotics/Homework_4/pioneer_ws/install/goal_target/lib:/home/liam-bouffard/Desktop/rob599_mobile_robotics/Homework_4/pioneer_ws/install/stage_ros2/lib:/home/liam-bouffard/Desktop/rob599_mobile_robotics/Homework_4/pioneer_ws/install/stage/lib:/home/liam-bouffard/Desktop/rob599_mobile_robotics/Homework_3/pioneer_ws/install/stage_ros2/lib:/home/liam-bouffard/Desktop/rob599_mobile_robotics/Homework_3/pioneer_ws/install/stage/lib:/home/liam-bouffard/Desktop/rob599_mobile_robotics/Homework_3/pioneer_ws/install/pioneer_interfaces/lib:/home/liam-bouffard/Desktop/rob599_mobile_robotics/Homework_3/pioneer_ws/install/goal_target/lib:/opt/ros/kilted/opt/zenoh_cpp_vendor/lib:/opt/ros/kilted/opt/gz_sim_vendor/lib:/opt/ros/kilted/opt/gz_sensors_vendor/lib:/opt/ros/kilted/opt/gz_physics_vendor/lib:/opt/ros/kilted/opt/sdformat_vendor/lib:/opt/ros/kilted/opt/gz_gui_vendor/lib:/opt/ros/kilted/opt/gz_transport_vendor/lib:/opt/ros/kilted/opt/gz_rendering_vendor/lib:/opt/ros/kilted/opt/gz_plugin_vendor/lib:/opt/ros/kilted/opt/gz_fuel_tools_vendor/lib:/opt/ros/kilted/opt/gz_msgs_vendor/lib:/opt/ros/kilted/opt/gz_common_vendor/lib:/opt/ros/kilted/opt/gz_math_vendor/lib:/opt/ros/kilted/opt/gz_utils_vendor/lib:/opt/ros/kilted/opt/rviz_ogre_vendor/lib:/opt/ros/kilted/lib/x86_64-linux-gnu:/opt/ros/kilted/opt/gz_tools_vendor/lib:/opt/ros/kilted/opt/gz_ogre_next_vendor/lib:/opt/ros/kilted/opt/gz_dartsim_vendor/lib:/opt/ros/kilted/opt/gz_cmake_vendor/lib:/opt/ros/kilted/lib PYTHONPATH=/home/liam-bouffard/Desktop/rob599_mobile_robotics/Homework_4/pioneer_ws/build/pioneer/prefix_override:/usr/lib/python3/dist-packages/colcon_core/task/python/colcon_distutils_commands:/home/liam-bouffard/Desktop/rob599_mobile_robotics/Homework_4/pioneer_ws/install/pioneer/lib/python3.12/site-packages:/home/liam-bouffard/Desktop/rob599_mobile_robotics/Homework_4/pioneer_ws/install/pioneer_interfaces/lib/python3.12/site-packages:/home/liam-bouffard/Desktop/rob599_mobile_robotics/Homework_4/pioneer_ws/install/goal_target/lib/python3.12/site-packages:/home/liam-bouffard/Desktop/rob599_mobile_robotics/Homework_4/pioneer_ws/build/pioneer:/home/liam-bouffard/Desktop/rob599_mobile_robotics/Homework_4/pioneer_ws/install/pioneer/lib/python3.12/site-packages:/home/liam-bouffard/Desktop/rob599_mobile_robotics/Homework_3/pioneer_ws/build/start_robot:/home/liam-bouffard/Desktop/rob599_mobile_robotics/Homework_3/pioneer_ws/install/start_robot/lib/python3.12/site-packages:/home/liam-bouffard/Desktop/rob599_mobile_robotics/Homework_3/pioneer_ws/build/pioneer:/home/liam-bouffard/Desktop/rob599_mobile_robotics/Homework_3/pioneer_ws/install/pioneer/lib/python3.12/site-packages:/home/liam-bouffard/Desktop/rob599_mobile_robotics/Homework_3/pioneer_ws/install/pioneer_interfaces/lib/python3.12/site-packages:/home/liam-bouffard/Desktop/rob599_mobile_robotics/Homework_3/pioneer_ws/install/goal_target/lib/python3.12/site-packages:/opt/ros/kilted/lib/python3.12/site-packages /usr/bin/python3 -W ignore:setup.py install is deprecated -W ignore:easy_install command is deprecated setup.py egg_info --egg-base ../../build/pioneer build --build-base /home/liam-bouffard/Desktop/rob599_mobile_robotics/Homework_4/pioneer_ws/build/pioneer/build install --record /home/liam-bouffard/Desktop/rob599_mobile_robotics/Homework_4/pioneer_ws/build/pioneer/install.log --single-version-externally-managed install_data --force
[3.565s] Level 1:colcon.colcon_core.environment:checking '/home/liam-bouffard/Desktop/rob599_mobile_robotics/Homework_4/pioneer_ws/install/pioneer' for CMake config files
[3.565s] Level 1:colcon.colcon_core.environment:checking '/home/liam-bouffard/Desktop/rob599_mobile_robotics/Homework_4/pioneer_ws/install/pioneer/lib'
[3.565s] Level 1:colcon.colcon_core.environment:checking '/home/liam-bouffard/Desktop/rob599_mobile_robotics/Homework_4/pioneer_ws/install/pioneer/bin'
[3.565s] Level 1:colcon.colcon_core.environment:checking '/home/liam-bouffard/Desktop/rob599_mobile_robotics/Homework_4/pioneer_ws/install/pioneer/lib/pkgconfig/pioneer.pc'
[3.565s] Level 1:colcon.colcon_core.environment:checking '/home/liam-bouffard/Desktop/rob599_mobile_robotics/Homework_4/pioneer_ws/install/pioneer/lib/python3.12/site-packages'
[3.566s] Level 1:colcon.colcon_core.shell:create_environment_hook('pioneer', 'pythonpath')
[3.566s] INFO:colcon.colcon_core.shell:Creating environment hook '/home/liam-bouffard/Desktop/rob599_mobile_robotics/Homework_4/pioneer_ws/install/pioneer/share/pioneer/hook/pythonpath.ps1'
[3.566s] INFO:colcon.colcon_core.shell:Creating environment descriptor '/home/liam-bouffard/Desktop/rob599_mobile_robotics/Homework_4/pioneer_ws/install/pioneer/share/pioneer/hook/pythonpath.dsv'
[3.566s] INFO:colcon.colcon_core.shell:Creating environment hook '/home/liam-bouffard/Desktop/rob599_mobile_robotics/Homework_4/pioneer_ws/install/pioneer/share/pioneer/hook/pythonpath.sh'
[3.567s] Level 1:colcon.colcon_core.environment:checking '/home/liam-bouffard/Desktop/rob599_mobile_robotics/Homework_4/pioneer_ws/install/pioneer/bin'
[3.567s] Level 1:colcon.colcon_core.environment:create_environment_scripts_only(pioneer)
[3.567s] INFO:colcon.colcon_core.shell:Creating package script '/home/liam-bouffard/Desktop/rob599_mobile_robotics/Homework_4/pioneer_ws/install/pioneer/share/pioneer/package.ps1'
[3.567s] INFO:colcon.colcon_core.shell:Creating package descriptor '/home/liam-bouffard/Desktop/rob599_mobile_robotics/Homework_4/pioneer_ws/install/pioneer/share/pioneer/package.dsv'
[3.568s] INFO:colcon.colcon_core.shell:Creating package script '/home/liam-bouffard/Desktop/rob599_mobile_robotics/Homework_4/pioneer_ws/install/pioneer/share/pioneer/package.sh'
[3.568s] INFO:colcon.colcon_core.shell:Creating package script '/home/liam-bouffard/Desktop/rob599_mobile_robotics/Homework_4/pioneer_ws/install/pioneer/share/pioneer/package.bash'
[3.568s] INFO:colcon.colcon_core.shell:Creating package script '/home/liam-bouffard/Desktop/rob599_mobile_robotics/Homework_4/pioneer_ws/install/pioneer/share/pioneer/package.zsh'
[3.568s] Level 1:colcon.colcon_core.environment:create_file_with_runtime_dependencies(/home/liam-bouffard/Desktop/rob599_mobile_robotics/Homework_4/pioneer_ws/install/pioneer/share/colcon-core/packages/pioneer)
[3.568s] DEBUG:colcon.colcon_parallel_executor.executor.parallel:closing loop
[3.569s] DEBUG:colcon.colcon_parallel_executor.executor.parallel:loop closed
[3.569s] DEBUG:colcon.colcon_parallel_executor.executor.parallel:run_until_complete finished with '0'
[3.569s] DEBUG:colcon.colcon_core.event_reactor:joining thread
[3.577s] INFO:colcon.colcon_core.plugin_system:Skipping extension 'colcon_notification.desktop_notification.terminal_notifier': Not used on non-Darwin systems
[3.577s] INFO:colcon.colcon_core.plugin_system:Skipping extension 'colcon_notification.desktop_notification.win32': Not used on non-Windows systems
[3.577s] INFO:colcon.colcon_notification.desktop_notification:Sending desktop notification using 'notify2'
[3.597s] DEBUG:colcon.colcon_core.event_reactor:joined thread
[3.598s] INFO:colcon.colcon_core.shell:Creating prefix script '/home/liam-bouffard/Desktop/rob599_mobile_robotics/Homework_4/pioneer_ws/install/local_setup.ps1'
[3.598s] INFO:colcon.colcon_core.shell:Creating prefix util module '/home/liam-bouffard/Desktop/rob599_mobile_robotics/Homework_4/pioneer_ws/install/_local_setup_util_ps1.py'
[3.600s] INFO:colcon.colcon_core.shell:Creating prefix chain script '/home/liam-bouffard/Desktop/rob599_mobile_robotics/Homework_4/pioneer_ws/install/setup.ps1'
[3.601s] INFO:colcon.colcon_core.shell:Creating prefix script '/home/liam-bouffard/Desktop/rob599_mobile_robotics/Homework_4/pioneer_ws/install/local_setup.sh'
[3.601s] INFO:colcon.colcon_core.shell:Creating prefix util module '/home/liam-bouffard/Desktop/rob599_mobile_robotics/Homework_4/pioneer_ws/install/_local_setup_util_sh.py'
[3.602s] INFO:colcon.colcon_core.shell:Creating prefix chain script '/home/liam-bouffard/Desktop/rob599_mobile_robotics/Homework_4/pioneer_ws/install/setup.sh'
[3.602s] INFO:colcon.colcon_core.shell:Creating prefix script '/home/liam-bouffard/Desktop/rob599_mobile_robotics/Homework_4/pioneer_ws/install/local_setup.bash'
[3.603s] INFO:colcon.colcon_core.shell:Creating prefix chain script '/home/liam-bouffard/Desktop/rob599_mobile_robotics/Homework_4/pioneer_ws/install/setup.bash'
[3.604s] INFO:colcon.colcon_core.shell:Creating prefix script '/home/liam-bouffard/Desktop/rob599_mobile_robotics/Homework_4/pioneer_ws/install/local_setup.zsh'
[3.604s] INFO:colcon.colcon_core.shell:Creating prefix chain script '/home/liam-bouffard/Desktop/rob599_mobile_robotics/Homework_4/pioneer_ws/install/setup.zsh'
