[0.084s] DEBUG:colcon:Command line arguments: ['/usr/bin/colcon', 'build']
[0.084s] DEBUG:colcon:Parsed command line arguments: Namespace(log_base=None, log_level=None, verb_name='build', build_base='build', install_base='install', merge_install=False, symlink_install=False, test_result_base=None, continue_on_error=False, executor='parallel', parallel_workers=32, event_handlers=None, ignore_user_meta=False, metas=['./colcon.meta'], base_paths=['.'], packages_ignore=None, packages_ignore_regex=None, paths=None, packages_up_to=None, packages_up_to_regex=None, packages_above=None, packages_above_and_dependencies=None, packages_above_depth=None, packages_select_by_dep=None, packages_skip_by_dep=None, packages_skip_up_to=None, packages_select_build_failed=False, packages_skip_build_finished=False, packages_select_test_failures=False, packages_skip_test_passed=False, packages_select=None, packages_skip=None, packages_select_regex=None, packages_skip_regex=None, packages_start=None, packages_end=None, allow_overriding=[], cmake_args=None, cmake_target=None, cmake_target_skip_unavailable=False, cmake_clean_cache=False, cmake_clean_first=False, cmake_force_configure=False, ament_cmake_args=None, catkin_cmake_args=None, catkin_skip_building_tests=False, mixin_files=None, mixin=None, verb_parser=<colcon_mixin.mixin.mixin_argument.MixinArgumentDecorator object at 0x71c0a2780e30>, verb_extension=<colcon_core.verb.build.BuildVerb object at 0x71c0a2780b00>, main=<bound method BuildVerb.main of <colcon_core.verb.build.BuildVerb object at 0x71c0a2780b00>>, mixin_verb=('build',))
[0.112s] Level 1:colcon.colcon_core.package_discovery:discover_packages(colcon_meta) check parameters
[0.112s] Level 1:colcon.colcon_core.package_discovery:discover_packages(recursive) check parameters
[0.112s] Level 1:colcon.colcon_core.package_discovery:discover_packages(ignore) check parameters
[0.112s] Level 1:colcon.colcon_core.package_discovery:discover_packages(path) check parameters
[0.112s] Level 1:colcon.colcon_core.package_discovery:discover_packages(colcon_meta) discover
[0.112s] Level 1:colcon.colcon_core.package_discovery:discover_packages(recursive) discover
[0.112s] INFO:colcon.colcon_core.package_discovery:Crawling recursively for packages in '/home/liam-bouffard/Desktop/rob599_mobile_robotics/Homework_4/pioneer_ws'
[0.112s] Level 1:colcon.colcon_core.package_identification:_identify(.) by extensions ['ignore', 'ignore_ament_install']
[0.112s] Level 1:colcon.colcon_core.package_identification:_identify(.) by extension 'ignore'
[0.112s] Level 1:colcon.colcon_core.package_identification:_identify(.) by extension 'ignore_ament_install'
[0.112s] Level 1:colcon.colcon_core.package_identification:_identify(.) by extensions ['colcon_pkg']
[0.112s] Level 1:colcon.colcon_core.package_identification:_identify(.) by extension 'colcon_pkg'
[0.112s] Level 1:colcon.colcon_core.package_identification:_identify(.) by extensions ['colcon_meta']
[0.112s] Level 1:colcon.colcon_core.package_identification:_identify(.) by extension 'colcon_meta'
[0.112s] Level 1:colcon.colcon_core.package_identification:_identify(.) by extensions ['ros']
[0.112s] Level 1:colcon.colcon_core.package_identification:_identify(.) by extension 'ros'
[0.131s] Level 1:colcon.colcon_core.package_identification:_identify(.) by extensions ['cmake', 'python']
[0.131s] Level 1:colcon.colcon_core.package_identification:_identify(.) by extension 'cmake'
[0.131s] Level 1:colcon.colcon_core.package_identification:_identify(.) by extension 'python'
[0.131s] Level 1:colcon.colcon_core.package_identification:_identify(.) by extensions ['python_setup_py']
[0.131s] Level 1:colcon.colcon_core.package_identification:_identify(.) by extension 'python_setup_py'
[0.131s] Level 1:colcon.colcon_core.package_identification:_identify(build) by extensions ['ignore', 'ignore_ament_install']
[0.131s] Level 1:colcon.colcon_core.package_identification:_identify(build) by extension 'ignore'
[0.131s] Level 1:colcon.colcon_core.package_identification:_identify(build) ignored
[0.131s] Level 1:colcon.colcon_core.package_identification:_identify(install) by extensions ['ignore', 'ignore_ament_install']
[0.131s] Level 1:colcon.colcon_core.package_identification:_identify(install) by extension 'ignore'
[0.131s] Level 1:colcon.colcon_core.package_identification:_identify(install) ignored
[0.131s] Level 1:colcon.colcon_core.package_identification:_identify(log) by extensions ['ignore', 'ignore_ament_install']
[0.131s] Level 1:colcon.colcon_core.package_identification:_identify(log) by extension 'ignore'
[0.131s] Level 1:colcon.colcon_core.package_identification:_identify(log) ignored
[0.131s] Level 1:colcon.colcon_core.package_identification:_identify(src) by extensions ['ignore', 'ignore_ament_install']
[0.131s] Level 1:colcon.colcon_core.package_identification:_identify(src) by extension 'ignore'
[0.131s] Level 1:colcon.colcon_core.package_identification:_identify(src) by extension 'ignore_ament_install'
[0.132s] Level 1:colcon.colcon_core.package_identification:_identify(src) by extensions ['colcon_pkg']
[0.132s] Level 1:colcon.colcon_core.package_identification:_identify(src) by extension 'colcon_pkg'
[0.132s] Level 1:colcon.colcon_core.package_identification:_identify(src) by extensions ['colcon_meta']
[0.132s] Level 1:colcon.colcon_core.package_identification:_identify(src) by extension 'colcon_meta'
[0.132s] Level 1:colcon.colcon_core.package_identification:_identify(src) by extensions ['ros']
[0.132s] Level 1:colcon.colcon_core.package_identification:_identify(src) by extension 'ros'
[0.132s] Level 1:colcon.colcon_core.package_identification:_identify(src) by extensions ['cmake', 'python']
[0.132s] Level 1:colcon.colcon_core.package_identification:_identify(src) by extension 'cmake'
[0.132s] Level 1:colcon.colcon_core.package_identification:_identify(src) by extension 'python'
[0.132s] Level 1:colcon.colcon_core.package_identification:_identify(src) by extensions ['python_setup_py']
[0.132s] Level 1:colcon.colcon_core.package_identification:_identify(src) by extension 'python_setup_py'
[0.132s] Level 1:colcon.colcon_core.package_identification:_identify(src/Stage) by extensions ['ignore', 'ignore_ament_install']
[0.132s] Level 1:colcon.colcon_core.package_identification:_identify(src/Stage) by extension 'ignore'
[0.132s] Level 1:colcon.colcon_core.package_identification:_identify(src/Stage) by extension 'ignore_ament_install'
[0.132s] Level 1:colcon.colcon_core.package_identification:_identify(src/Stage) by extensions ['colcon_pkg']
[0.132s] Level 1:colcon.colcon_core.package_identification:_identify(src/Stage) by extension 'colcon_pkg'
[0.132s] Level 1:colcon.colcon_core.package_identification:_identify(src/Stage) by extensions ['colcon_meta']
[0.132s] Level 1:colcon.colcon_core.package_identification:_identify(src/Stage) by extension 'colcon_meta'
[0.132s] Level 1:colcon.colcon_core.package_identification:_identify(src/Stage) by extensions ['ros']
[0.132s] Level 1:colcon.colcon_core.package_identification:_identify(src/Stage) by extension 'ros'
[0.134s] DEBUG:colcon.colcon_core.package_identification:Package 'src/Stage' with type 'ros.catkin' and name 'stage'
[0.134s] Level 1:colcon.colcon_core.package_identification:_identify(src/goal_target) by extensions ['ignore', 'ignore_ament_install']
[0.134s] Level 1:colcon.colcon_core.package_identification:_identify(src/goal_target) by extension 'ignore'
[0.134s] Level 1:colcon.colcon_core.package_identification:_identify(src/goal_target) by extension 'ignore_ament_install'
[0.134s] Level 1:colcon.colcon_core.package_identification:_identify(src/goal_target) by extensions ['colcon_pkg']
[0.134s] Level 1:colcon.colcon_core.package_identification:_identify(src/goal_target) by extension 'colcon_pkg'
[0.134s] Level 1:colcon.colcon_core.package_identification:_identify(src/goal_target) by extensions ['colcon_meta']
[0.134s] Level 1:colcon.colcon_core.package_identification:_identify(src/goal_target) by extension 'colcon_meta'
[0.134s] Level 1:colcon.colcon_core.package_identification:_identify(src/goal_target) by extensions ['ros']
[0.134s] Level 1:colcon.colcon_core.package_identification:_identify(src/goal_target) by extension 'ros'
[0.134s] DEBUG:colcon.colcon_core.package_identification:Package 'src/goal_target' with type 'ros.ament_cmake' and name 'goal_target'
[0.135s] Level 1:colcon.colcon_core.package_identification:_identify(src/pioneer) by extensions ['ignore', 'ignore_ament_install']
[0.135s] Level 1:colcon.colcon_core.package_identification:_identify(src/pioneer) by extension 'ignore'
[0.135s] Level 1:colcon.colcon_core.package_identification:_identify(src/pioneer) by extension 'ignore_ament_install'
[0.135s] Level 1:colcon.colcon_core.package_identification:_identify(src/pioneer) by extensions ['colcon_pkg']
[0.135s] Level 1:colcon.colcon_core.package_identification:_identify(src/pioneer) by extension 'colcon_pkg'
[0.135s] Level 1:colcon.colcon_core.package_identification:_identify(src/pioneer) by extensions ['colcon_meta']
[0.135s] Level 1:colcon.colcon_core.package_identification:_identify(src/pioneer) by extension 'colcon_meta'
[0.135s] Level 1:colcon.colcon_core.package_identification:_identify(src/pioneer) by extensions ['ros']
[0.135s] Level 1:colcon.colcon_core.package_identification:_identify(src/pioneer) by extension 'ros'
[0.135s] DEBUG:colcon.colcon_core.package_identification:Package 'src/pioneer' with type 'ros.ament_python' and name 'pioneer'
[0.135s] Level 1:colcon.colcon_core.package_identification:_identify(src/pioneer_interfaces) by extensions ['ignore', 'ignore_ament_install']
[0.135s] Level 1:colcon.colcon_core.package_identification:_identify(src/pioneer_interfaces) by extension 'ignore'
[0.135s] Level 1:colcon.colcon_core.package_identification:_identify(src/pioneer_interfaces) by extension 'ignore_ament_install'
[0.135s] Level 1:colcon.colcon_core.package_identification:_identify(src/pioneer_interfaces) by extensions ['colcon_pkg']
[0.135s] Level 1:colcon.colcon_core.package_identification:_identify(src/pioneer_interfaces) by extension 'colcon_pkg'
[0.135s] Level 1:colcon.colcon_core.package_identification:_identify(src/pioneer_interfaces) by extensions ['colcon_meta']
[0.135s] Level 1:colcon.colcon_core.package_identification:_identify(src/pioneer_interfaces) by extension 'colcon_meta'
[0.136s] Level 1:colcon.colcon_core.package_identification:_identify(src/pioneer_interfaces) by extensions ['ros']
[0.136s] Level 1:colcon.colcon_core.package_identification:_identify(src/pioneer_interfaces) by extension 'ros'
[0.136s] DEBUG:colcon.colcon_core.package_identification:Package 'src/pioneer_interfaces' with type 'ros.ament_cmake' and name 'pioneer_interfaces'
[0.136s] Level 1:colcon.colcon_core.package_identification:_identify(src/stage_ros2) by extensions ['ignore', 'ignore_ament_install']
[0.136s] Level 1:colcon.colcon_core.package_identification:_identify(src/stage_ros2) by extension 'ignore'
[0.136s] Level 1:colcon.colcon_core.package_identification:_identify(src/stage_ros2) by extension 'ignore_ament_install'
[0.136s] Level 1:colcon.colcon_core.package_identification:_identify(src/stage_ros2) by extensions ['colcon_pkg']
[0.136s] Level 1:colcon.colcon_core.package_identification:_identify(src/stage_ros2) by extension 'colcon_pkg'
[0.136s] Level 1:colcon.colcon_core.package_identification:_identify(src/stage_ros2) by extensions ['colcon_meta']
[0.136s] Level 1:colcon.colcon_core.package_identification:_identify(src/stage_ros2) by extension 'colcon_meta'
[0.136s] Level 1:colcon.colcon_core.package_identification:_identify(src/stage_ros2) by extensions ['ros']
[0.136s] Level 1:colcon.colcon_core.package_identification:_identify(src/stage_ros2) by extension 'ros'
[0.137s] DEBUG:colcon.colcon_core.package_identification:Package 'src/stage_ros2' with type 'ros.ament_cmake' and name 'stage_ros2'
[0.137s] Level 1:colcon.colcon_core.package_discovery:discover_packages(recursive) using defaults
[0.137s] Level 1:colcon.colcon_core.package_discovery:discover_packages(ignore) discover
[0.137s] Level 1:colcon.colcon_core.package_discovery:discover_packages(ignore) using defaults
[0.137s] Level 1:colcon.colcon_core.package_discovery:discover_packages(path) discover
[0.137s] Level 1:colcon.colcon_core.package_discovery:discover_packages(path) using defaults
[0.151s] Level 1:colcon.colcon_core.package_discovery:discover_packages(prefix_path) check parameters
[0.151s] Level 1:colcon.colcon_core.package_discovery:discover_packages(prefix_path) discover
[0.152s] DEBUG:colcon.colcon_installed_package_information.package_discovery:Found 5 installed packages in /home/liam-bouffard/Desktop/rob599_mobile_robotics/Homework_4/pioneer_ws/install
[0.153s] DEBUG:colcon.colcon_installed_package_information.package_discovery:Found 6 installed packages in /home/liam-bouffard/Desktop/rob599_mobile_robotics/Homework_3/pioneer_ws/install
[0.154s] DEBUG:colcon.colcon_installed_package_information.package_discovery:Found 408 installed packages in /opt/ros/kilted
[0.155s] Level 1:colcon.colcon_core.package_discovery:discover_packages(prefix_path) using defaults
[0.188s] Level 5:colcon.colcon_core.verb:set package 'goal_target' build argument 'cmake_args' from command line to 'None'
[0.188s] Level 5:colcon.colcon_core.verb:set package 'goal_target' build argument 'cmake_target' from command line to 'None'
[0.188s] Level 5:colcon.colcon_core.verb:set package 'goal_target' build argument 'cmake_target_skip_unavailable' from command line to 'False'
[0.188s] Level 5:colcon.colcon_core.verb:set package 'goal_target' build argument 'cmake_clean_cache' from command line to 'False'
[0.188s] Level 5:colcon.colcon_core.verb:set package 'goal_target' build argument 'cmake_clean_first' from command line to 'False'
[0.188s] Level 5:colcon.colcon_core.verb:set package 'goal_target' build argument 'cmake_force_configure' from command line to 'False'
[0.188s] Level 5:colcon.colcon_core.verb:set package 'goal_target' build argument 'ament_cmake_args' from command line to 'None'
[0.188s] Level 5:colcon.colcon_core.verb:set package 'goal_target' build argument 'catkin_cmake_args' from command line to 'None'
[0.188s] Level 5:colcon.colcon_core.verb:set package 'goal_target' build argument 'catkin_skip_building_tests' from command line to 'False'
[0.188s] DEBUG:colcon.colcon_core.verb:Building package 'goal_target' with the following arguments: {'ament_cmake_args': None, 'build_base': '/home/liam-bouffard/Desktop/rob599_mobile_robotics/Homework_4/pioneer_ws/build/goal_target', 'catkin_cmake_args': None, 'catkin_skip_building_tests': False, 'cmake_args': None, 'cmake_clean_cache': False, 'cmake_clean_first': False, 'cmake_force_configure': False, 'cmake_target': None, 'cmake_target_skip_unavailable': False, 'install_base': '/home/liam-bouffard/Desktop/rob599_mobile_robotics/Homework_4/pioneer_ws/install/goal_target', 'merge_install': False, 'path': '/home/liam-bouffard/Desktop/rob599_mobile_robotics/Homework_4/pioneer_ws/src/goal_target', 'symlink_install': False, 'test_result_base': None}
[0.188s] Level 5:colcon.colcon_core.verb:set package 'pioneer_interfaces' build argument 'cmake_args' from command line to 'None'
[0.188s] Level 5:colcon.colcon_core.verb:set package 'pioneer_interfaces' build argument 'cmake_target' from command line to 'None'
[0.188s] Level 5:colcon.colcon_core.verb:set package 'pioneer_interfaces' build argument 'cmake_target_skip_unavailable' from command line to 'False'
[0.188s] Level 5:colcon.colcon_core.verb:set package 'pioneer_interfaces' build argument 'cmake_clean_cache' from command line to 'False'
[0.188s] Level 5:colcon.colcon_core.verb:set package 'pioneer_interfaces' build argument 'cmake_clean_first' from command line to 'False'
[0.188s] Level 5:colcon.colcon_core.verb:set package 'pioneer_interfaces' build argument 'cmake_force_configure' from command line to 'False'
[0.188s] Level 5:colcon.colcon_core.verb:set package 'pioneer_interfaces' build argument 'ament_cmake_args' from command line to 'None'
[0.188s] Level 5:colcon.colcon_core.verb:set package 'pioneer_interfaces' build argument 'catkin_cmake_args' from command line to 'None'
[0.188s] Level 5:colcon.colcon_core.verb:set package 'pioneer_interfaces' build argument 'catkin_skip_building_tests' from command line to 'False'
[0.188s] DEBUG:colcon.colcon_core.verb:Building package 'pioneer_interfaces' with the following arguments: {'ament_cmake_args': None, 'build_base': '/home/liam-bouffard/Desktop/rob599_mobile_robotics/Homework_4/pioneer_ws/build/pioneer_interfaces', 'catkin_cmake_args': None, 'catkin_skip_building_tests': False, 'cmake_args': None, 'cmake_clean_cache': False, 'cmake_clean_first': False, 'cmake_force_configure': False, 'cmake_target': None, 'cmake_target_skip_unavailable': False, 'install_base': '/home/liam-bouffard/Desktop/rob599_mobile_robotics/Homework_4/pioneer_ws/install/pioneer_interfaces', 'merge_install': False, 'path': '/home/liam-bouffard/Desktop/rob599_mobile_robotics/Homework_4/pioneer_ws/src/pioneer_interfaces', 'symlink_install': False, 'test_result_base': None}
[0.189s] Level 5:colcon.colcon_core.verb:set package 'stage' build argument 'cmake_args' from command line to 'None'
[0.189s] Level 5:colcon.colcon_core.verb:set package 'stage' build argument 'cmake_target' from command line to 'None'
[0.189s] Level 5:colcon.colcon_core.verb:set package 'stage' build argument 'cmake_target_skip_unavailable' from command line to 'False'
[0.189s] Level 5:colcon.colcon_core.verb:set package 'stage' build argument 'cmake_clean_cache' from command line to 'False'
[0.189s] Level 5:colcon.colcon_core.verb:set package 'stage' build argument 'cmake_clean_first' from command line to 'False'
[0.189s] Level 5:colcon.colcon_core.verb:set package 'stage' build argument 'cmake_force_configure' from command line to 'False'
[0.189s] Level 5:colcon.colcon_core.verb:set package 'stage' build argument 'ament_cmake_args' from command line to 'None'
[0.189s] Level 5:colcon.colcon_core.verb:set package 'stage' build argument 'catkin_cmake_args' from command line to 'None'
[0.189s] Level 5:colcon.colcon_core.verb:set package 'stage' build argument 'catkin_skip_building_tests' from command line to 'False'
[0.189s] DEBUG:colcon.colcon_core.verb:Building package 'stage' with the following arguments: {'ament_cmake_args': None, 'build_base': '/home/liam-bouffard/Desktop/rob599_mobile_robotics/Homework_4/pioneer_ws/build/stage', 'catkin_cmake_args': None, 'catkin_skip_building_tests': False, 'cmake_args': None, 'cmake_clean_cache': False, 'cmake_clean_first': False, 'cmake_force_configure': False, 'cmake_target': None, 'cmake_target_skip_unavailable': False, 'install_base': '/home/liam-bouffard/Desktop/rob599_mobile_robotics/Homework_4/pioneer_ws/install/stage', 'merge_install': False, 'path': '/home/liam-bouffard/Desktop/rob599_mobile_robotics/Homework_4/pioneer_ws/src/Stage', 'symlink_install': False, 'test_result_base': None}
[0.189s] Level 5:colcon.colcon_core.verb:set package 'pioneer' build argument 'cmake_args' from command line to 'None'
[0.189s] Level 5:colcon.colcon_core.verb:set package 'pioneer' build argument 'cmake_target' from command line to 'None'
[0.189s] Level 5:colcon.colcon_core.verb:set package 'pioneer' build argument 'cmake_target_skip_unavailable' from command line to 'False'
[0.189s] Level 5:colcon.colcon_core.verb:set package 'pioneer' build argument 'cmake_clean_cache' from command line to 'False'
[0.189s] Level 5:colcon.colcon_core.verb:set package 'pioneer' build argument 'cmake_clean_first' from command line to 'False'
[0.189s] Level 5:colcon.colcon_core.verb:set package 'pioneer' build argument 'cmake_force_configure' from command line to 'False'
[0.189s] Level 5:colcon.colcon_core.verb:set package 'pioneer' build argument 'ament_cmake_args' from command line to 'None'
[0.189s] Level 5:colcon.colcon_core.verb:set package 'pioneer' build argument 'catkin_cmake_args' from command line to 'None'
[0.189s] Level 5:colcon.colcon_core.verb:set package 'pioneer' build argument 'catkin_skip_building_tests' from command line to 'False'
[0.189s] DEBUG:colcon.colcon_core.verb:Building package 'pioneer' with the following arguments: {'ament_cmake_args': None, 'build_base': '/home/liam-bouffard/Desktop/rob599_mobile_robotics/Homework_4/pioneer_ws/build/pioneer', 'catkin_cmake_args': None, 'catkin_skip_building_tests': False, 'cmake_args': None, 'cmake_clean_cache': False, 'cmake_clean_first': False, 'cmake_force_configure': False, 'cmake_target': None, 'cmake_target_skip_unavailable': False, 'install_base': '/home/liam-bouffard/Desktop/rob599_mobile_robotics/Homework_4/pioneer_ws/install/pioneer', 'merge_install': False, 'path': '/home/liam-bouffard/Desktop/rob599_mobile_robotics/Homework_4/pioneer_ws/src/pioneer', 'symlink_install': False, 'test_result_base': None}
[0.189s] Level 5:colcon.colcon_core.verb:set package 'stage_ros2' build argument 'cmake_args' from command line to 'None'
[0.189s] Level 5:colcon.colcon_core.verb:set package 'stage_ros2' build argument 'cmake_target' from command line to 'None'
[0.189s] Level 5:colcon.colcon_core.verb:set package 'stage_ros2' build argument 'cmake_target_skip_unavailable' from command line to 'False'
[0.189s] Level 5:colcon.colcon_core.verb:set package 'stage_ros2' build argument 'cmake_clean_cache' from command line to 'False'
[0.189s] Level 5:colcon.colcon_core.verb:set package 'stage_ros2' build argument 'cmake_clean_first' from command line to 'False'
[0.189s] Level 5:colcon.colcon_core.verb:set package 'stage_ros2' build argument 'cmake_force_configure' from command line to 'False'
[0.189s] Level 5:colcon.colcon_core.verb:set package 'stage_ros2' build argument 'ament_cmake_args' from command line to 'None'
[0.189s] Level 5:colcon.colcon_core.verb:set package 'stage_ros2' build argument 'catkin_cmake_args' from command line to 'None'
[0.189s] Level 5:colcon.colcon_core.verb:set package 'stage_ros2' build argument 'catkin_skip_building_tests' from command line to 'False'
[0.189s] DEBUG:colcon.colcon_core.verb:Building package 'stage_ros2' with the following arguments: {'ament_cmake_args': None, 'build_base': '/home/liam-bouffard/Desktop/rob599_mobile_robotics/Homework_4/pioneer_ws/build/stage_ros2', 'catkin_cmake_args': None, 'catkin_skip_building_tests': False, 'cmake_args': None, 'cmake_clean_cache': False, 'cmake_clean_first': False, 'cmake_force_configure': False, 'cmake_target': None, 'cmake_target_skip_unavailable': False, 'install_base': '/home/liam-bouffard/Desktop/rob599_mobile_robotics/Homework_4/pioneer_ws/install/stage_ros2', 'merge_install': False, 'path': '/home/liam-bouffard/Desktop/rob599_mobile_robotics/Homework_4/pioneer_ws/src/stage_ros2', 'symlink_install': False, 'test_result_base': None}
[0.189s] INFO:colcon.colcon_core.executor:Executing jobs using 'parallel' executor
[0.190s] DEBUG:colcon.colcon_parallel_executor.executor.parallel:run_until_complete
[0.190s] INFO:colcon.colcon_ros.task.ament_cmake.build:Building ROS package in '/home/liam-bouffard/Desktop/rob599_mobile_robotics/Homework_4/pioneer_ws/src/goal_target' with build type 'ament_cmake'
[0.190s] INFO:colcon.colcon_cmake.task.cmake.build:Building CMake package in '/home/liam-bouffard/Desktop/rob599_mobile_robotics/Homework_4/pioneer_ws/src/goal_target'
[0.192s] INFO:colcon.colcon_core.plugin_system:Skipping extension 'colcon_core.shell.bat': Not used on non-Windows systems
[0.192s] INFO:colcon.colcon_core.shell:Skip shell extension 'powershell' for command environment: Not usable outside of PowerShell
[0.192s] DEBUG:colcon.colcon_core.shell:Skip shell extension 'dsv' for command environment
[0.195s] INFO:colcon.colcon_ros.task.ament_cmake.build:Building ROS package in '/home/liam-bouffard/Desktop/rob599_mobile_robotics/Homework_4/pioneer_ws/src/pioneer_interfaces' with build type 'ament_cmake'
[0.195s] INFO:colcon.colcon_cmake.task.cmake.build:Building CMake package in '/home/liam-bouffard/Desktop/rob599_mobile_robotics/Homework_4/pioneer_ws/src/pioneer_interfaces'
[0.195s] INFO:colcon.colcon_core.shell:Skip shell extension 'powershell' for command environment: Not usable outside of PowerShell
[0.195s] DEBUG:colcon.colcon_core.shell:Skip shell extension 'dsv' for command environment
[0.198s] INFO:colcon.colcon_ros.task.catkin.build:Building ROS package in '/home/liam-bouffard/Desktop/rob599_mobile_robotics/Homework_4/pioneer_ws/src/Stage' with build type 'catkin'
[0.198s] INFO:colcon.colcon_cmake.task.cmake.build:Building CMake package in '/home/liam-bouffard/Desktop/rob599_mobile_robotics/Homework_4/pioneer_ws/src/Stage'
[0.199s] INFO:colcon.colcon_core.shell:Skip shell extension 'powershell' for command environment: Not usable outside of PowerShell
[0.199s] DEBUG:colcon.colcon_core.shell:Skip shell extension 'dsv' for command environment
[0.205s] DEBUG:colcon.colcon_core.event_handler.log_command:Invoking command in '/home/liam-bouffard/Desktop/rob599_mobile_robotics/Homework_4/pioneer_ws/build/goal_target': CMAKE_PREFIX_PATH=/home/liam-bouffard/Desktop/rob599_mobile_robotics/Homework_4/pioneer_ws/install/stage_ros2:/home/liam-bouffard/Desktop/rob599_mobile_robotics/Homework_4/pioneer_ws/install/pioneer:/home/liam-bouffard/Desktop/rob599_mobile_robotics/Homework_3/pioneer_ws/install/start_robot:/home/liam-bouffard/Desktop/rob599_mobile_robotics/Homework_3/pioneer_ws/install/pioneer:/home/liam-bouffard/Desktop/rob599_mobile_robotics/Homework_3/pioneer_ws/install/pioneer_interfaces:/home/liam-bouffard/Desktop/rob599_mobile_robotics/Homework_3/pioneer_ws/install/goal_target:/opt/ros/kilted:/home/liam-bouffard/Desktop/rob599_mobile_robotics/Homework_4/pioneer_ws/install/stage:/home/liam-bouffard/Desktop/rob599_mobile_robotics/Homework_4/pioneer_ws/install/pioneer_interfaces:/home/liam-bouffard/Desktop/rob599_mobile_robotics/Homework_4/pioneer_ws/install/goal_target:/home/liam-bouffard/Desktop/rob599_mobile_robotics/Homework_3/pioneer_ws/install/stage_ros2:/home/liam-bouffard/Desktop/rob599_mobile_robotics/Homework_3/pioneer_ws/install/stage:/opt/ros/kilted/opt/gz_sim_vendor:/opt/ros/kilted/opt/gz_sensors_vendor:/opt/ros/kilted/opt/gz_physics_vendor:/opt/ros/kilted/opt/sdformat_vendor:/opt/ros/kilted/opt/gz_gui_vendor:/opt/ros/kilted/opt/gz_transport_vendor:/opt/ros/kilted/opt/gz_rendering_vendor:/opt/ros/kilted/opt/gz_plugin_vendor:/opt/ros/kilted/opt/gz_fuel_tools_vendor:/opt/ros/kilted/opt/gz_msgs_vendor:/opt/ros/kilted/opt/gz_common_vendor:/opt/ros/kilted/opt/gz_math_vendor:/opt/ros/kilted/opt/gz_utils_vendor:/opt/ros/kilted/opt/gz_tools_vendor:/opt/ros/kilted/opt/gz_ogre_next_vendor:/opt/ros/kilted/opt/gz_dartsim_vendor:/opt/ros/kilted/opt/gz_cmake_vendor DEBUGINFOD_URLS=https://debuginfod.ubuntu.com /usr/bin/cmake --build /home/liam-bouffard/Desktop/rob599_mobile_robotics/Homework_4/pioneer_ws/build/goal_target -- -j32 -l32
[0.207s] DEBUG:colcon.colcon_core.event_handler.log_command:Invoking command in '/home/liam-bouffard/Desktop/rob599_mobile_robotics/Homework_4/pioneer_ws/build/pioneer_interfaces': CMAKE_PREFIX_PATH=/home/liam-bouffard/Desktop/rob599_mobile_robotics/Homework_4/pioneer_ws/install/stage_ros2:/home/liam-bouffard/Desktop/rob599_mobile_robotics/Homework_4/pioneer_ws/install/pioneer:/home/liam-bouffard/Desktop/rob599_mobile_robotics/Homework_3/pioneer_ws/install/start_robot:/home/liam-bouffard/Desktop/rob599_mobile_robotics/Homework_3/pioneer_ws/install/pioneer:/home/liam-bouffard/Desktop/rob599_mobile_robotics/Homework_3/pioneer_ws/install/pioneer_interfaces:/home/liam-bouffard/Desktop/rob599_mobile_robotics/Homework_3/pioneer_ws/install/goal_target:/opt/ros/kilted:/home/liam-bouffard/Desktop/rob599_mobile_robotics/Homework_4/pioneer_ws/install/stage:/home/liam-bouffard/Desktop/rob599_mobile_robotics/Homework_4/pioneer_ws/install/pioneer_interfaces:/home/liam-bouffard/Desktop/rob599_mobile_robotics/Homework_4/pioneer_ws/install/goal_target:/home/liam-bouffard/Desktop/rob599_mobile_robotics/Homework_3/pioneer_ws/install/stage_ros2:/home/liam-bouffard/Desktop/rob599_mobile_robotics/Homework_3/pioneer_ws/install/stage:/opt/ros/kilted/opt/gz_sim_vendor:/opt/ros/kilted/opt/gz_sensors_vendor:/opt/ros/kilted/opt/gz_physics_vendor:/opt/ros/kilted/opt/sdformat_vendor:/opt/ros/kilted/opt/gz_gui_vendor:/opt/ros/kilted/opt/gz_transport_vendor:/opt/ros/kilted/opt/gz_rendering_vendor:/opt/ros/kilted/opt/gz_plugin_vendor:/opt/ros/kilted/opt/gz_fuel_tools_vendor:/opt/ros/kilted/opt/gz_msgs_vendor:/opt/ros/kilted/opt/gz_common_vendor:/opt/ros/kilted/opt/gz_math_vendor:/opt/ros/kilted/opt/gz_utils_vendor:/opt/ros/kilted/opt/gz_tools_vendor:/opt/ros/kilted/opt/gz_ogre_next_vendor:/opt/ros/kilted/opt/gz_dartsim_vendor:/opt/ros/kilted/opt/gz_cmake_vendor DEBUGINFOD_URLS=https://debuginfod.ubuntu.com /usr/bin/cmake --build /home/liam-bouffard/Desktop/rob599_mobile_robotics/Homework_4/pioneer_ws/build/pioneer_interfaces -- -j32 -l32
[0.210s] DEBUG:colcon.colcon_core.event_handler.log_command:Invoking command in '/home/liam-bouffard/Desktop/rob599_mobile_robotics/Homework_4/pioneer_ws/build/stage': DEBUGINFOD_URLS=https://debuginfod.ubuntu.com /usr/bin/cmake --build /home/liam-bouffard/Desktop/rob599_mobile_robotics/Homework_4/pioneer_ws/build/stage -- -j32 -l32
[0.307s] DEBUG:colcon.colcon_core.event_handler.log_command:Invoked command in '/home/liam-bouffard/Desktop/rob599_mobile_robotics/Homework_4/pioneer_ws/build/stage' returned '0': DEBUGINFOD_URLS=https://debuginfod.ubuntu.com /usr/bin/cmake --build /home/liam-bouffard/Desktop/rob599_mobile_robotics/Homework_4/pioneer_ws/build/stage -- -j32 -l32
[0.317s] DEBUG:colcon.colcon_core.event_handler.log_command:Invoking command in '/home/liam-bouffard/Desktop/rob599_mobile_robotics/Homework_4/pioneer_ws/build/stage': DEBUGINFOD_URLS=https://debuginfod.ubuntu.com /usr/bin/cmake --install /home/liam-bouffard/Desktop/rob599_mobile_robotics/Homework_4/pioneer_ws/build/stage
[0.329s] DEBUG:colcon.colcon_core.event_handler.log_command:Invoked command in '/home/liam-bouffard/Desktop/rob599_mobile_robotics/Homework_4/pioneer_ws/build/stage' returned '0': DEBUGINFOD_URLS=https://debuginfod.ubuntu.com /usr/bin/cmake --install /home/liam-bouffard/Desktop/rob599_mobile_robotics/Homework_4/pioneer_ws/build/stage
[0.329s] Level 1:colcon.colcon_core.shell:create_environment_hook('stage', 'ros_package_path')
[0.330s] INFO:colcon.colcon_core.shell:Creating environment hook '/home/liam-bouffard/Desktop/rob599_mobile_robotics/Homework_4/pioneer_ws/install/stage/share/stage/hook/ros_package_path.ps1'
[0.330s] INFO:colcon.colcon_core.shell:Creating environment descriptor '/home/liam-bouffard/Desktop/rob599_mobile_robotics/Homework_4/pioneer_ws/install/stage/share/stage/hook/ros_package_path.dsv'
[0.330s] INFO:colcon.colcon_core.shell:Creating environment hook '/home/liam-bouffard/Desktop/rob599_mobile_robotics/Homework_4/pioneer_ws/install/stage/share/stage/hook/ros_package_path.sh'
[0.331s] Level 1:colcon.colcon_core.shell:create_environment_hook('stage', 'pkg_config_path')
[0.331s] INFO:colcon.colcon_core.shell:Creating environment hook '/home/liam-bouffard/Desktop/rob599_mobile_robotics/Homework_4/pioneer_ws/install/stage/share/stage/hook/pkg_config_path.ps1'
[0.331s] INFO:colcon.colcon_core.shell:Creating environment descriptor '/home/liam-bouffard/Desktop/rob599_mobile_robotics/Homework_4/pioneer_ws/install/stage/share/stage/hook/pkg_config_path.dsv'
[0.331s] INFO:colcon.colcon_core.shell:Creating environment hook '/home/liam-bouffard/Desktop/rob599_mobile_robotics/Homework_4/pioneer_ws/install/stage/share/stage/hook/pkg_config_path.sh'
[0.332s] Level 1:colcon.colcon_core.shell:create_environment_hook('stage', 'pkg_config_path_multiarch')
[0.332s] INFO:colcon.colcon_core.shell:Creating environment hook '/home/liam-bouffard/Desktop/rob599_mobile_robotics/Homework_4/pioneer_ws/install/stage/share/stage/hook/pkg_config_path_multiarch.ps1'
[0.333s] INFO:colcon.colcon_core.shell:Creating environment descriptor '/home/liam-bouffard/Desktop/rob599_mobile_robotics/Homework_4/pioneer_ws/install/stage/share/stage/hook/pkg_config_path_multiarch.dsv'
[0.333s] INFO:colcon.colcon_core.shell:Creating environment hook '/home/liam-bouffard/Desktop/rob599_mobile_robotics/Homework_4/pioneer_ws/install/stage/share/stage/hook/pkg_config_path_multiarch.sh'
[0.333s] Level 1:colcon.colcon_core.environment:create_environment_scripts_only(stage)
[0.335s] Level 1:colcon.colcon_core.environment:checking '/home/liam-bouffard/Desktop/rob599_mobile_robotics/Homework_4/pioneer_ws/install/stage' for CMake module files
[0.335s] Level 1:colcon.colcon_core.environment:checking '/home/liam-bouffard/Desktop/rob599_mobile_robotics/Homework_4/pioneer_ws/install/stage' for CMake config files
[0.335s] Level 1:colcon.colcon_core.shell:create_environment_hook('stage', 'cmake_prefix_path')
[0.335s] INFO:colcon.colcon_core.shell:Creating environment hook '/home/liam-bouffard/Desktop/rob599_mobile_robotics/Homework_4/pioneer_ws/install/stage/share/stage/hook/cmake_prefix_path.ps1'
[0.336s] INFO:colcon.colcon_core.shell:Creating environment descriptor '/home/liam-bouffard/Desktop/rob599_mobile_robotics/Homework_4/pioneer_ws/install/stage/share/stage/hook/cmake_prefix_path.dsv'
[0.336s] INFO:colcon.colcon_core.shell:Creating environment hook '/home/liam-bouffard/Desktop/rob599_mobile_robotics/Homework_4/pioneer_ws/install/stage/share/stage/hook/cmake_prefix_path.sh'
[0.336s] Level 1:colcon.colcon_core.environment:checking '/home/liam-bouffard/Desktop/rob599_mobile_robotics/Homework_4/pioneer_ws/install/stage/lib'
[0.336s] Level 1:colcon.colcon_core.shell:create_environment_hook('stage', 'ld_library_path_lib')
[0.337s] INFO:colcon.colcon_core.shell:Creating environment hook '/home/liam-bouffard/Desktop/rob599_mobile_robotics/Homework_4/pioneer_ws/install/stage/share/stage/hook/ld_library_path_lib.ps1'
[0.337s] INFO:colcon.colcon_core.shell:Creating environment descriptor '/home/liam-bouffard/Desktop/rob599_mobile_robotics/Homework_4/pioneer_ws/install/stage/share/stage/hook/ld_library_path_lib.dsv'
[0.337s] INFO:colcon.colcon_core.shell:Creating environment hook '/home/liam-bouffard/Desktop/rob599_mobile_robotics/Homework_4/pioneer_ws/install/stage/share/stage/hook/ld_library_path_lib.sh'
[0.337s] Level 1:colcon.colcon_core.environment:checking '/home/liam-bouffard/Desktop/rob599_mobile_robotics/Homework_4/pioneer_ws/install/stage/bin'
[0.337s] Level 1:colcon.colcon_core.shell:create_environment_hook('stage', 'path')
[0.337s] INFO:colcon.colcon_core.shell:Creating environment hook '/home/liam-bouffard/Desktop/rob599_mobile_robotics/Homework_4/pioneer_ws/install/stage/share/stage/hook/path.ps1'
[0.337s] INFO:colcon.colcon_core.shell:Creating environment descriptor '/home/liam-bouffard/Desktop/rob599_mobile_robotics/Homework_4/pioneer_ws/install/stage/share/stage/hook/path.dsv'
[0.338s] INFO:colcon.colcon_core.shell:Creating environment hook '/home/liam-bouffard/Desktop/rob599_mobile_robotics/Homework_4/pioneer_ws/install/stage/share/stage/hook/path.sh'
[0.338s] Level 1:colcon.colcon_core.environment:checking '/home/liam-bouffard/Desktop/rob599_mobile_robotics/Homework_4/pioneer_ws/install/stage/lib/pkgconfig/stage.pc'
[0.338s] Level 1:colcon.colcon_core.shell:create_environment_hook('stage', 'pkg_config')
[0.338s] INFO:colcon.colcon_core.shell:Creating environment hook '/home/liam-bouffard/Desktop/rob599_mobile_robotics/Homework_4/pioneer_ws/install/stage/share/stage/hook/pkg_config.ps1'
[0.338s] INFO:colcon.colcon_core.shell:Creating environment descriptor '/home/liam-bouffard/Desktop/rob599_mobile_robotics/Homework_4/pioneer_ws/install/stage/share/stage/hook/pkg_config.dsv'
[0.338s] INFO:colcon.colcon_core.shell:Creating environment hook '/home/liam-bouffard/Desktop/rob599_mobile_robotics/Homework_4/pioneer_ws/install/stage/share/stage/hook/pkg_config.sh'
[0.339s] Level 1:colcon.colcon_core.environment:checking '/home/liam-bouffard/Desktop/rob599_mobile_robotics/Homework_4/pioneer_ws/install/stage/lib/python3.12/site-packages'
[0.339s] Level 1:colcon.colcon_core.environment:checking '/home/liam-bouffard/Desktop/rob599_mobile_robotics/Homework_4/pioneer_ws/install/stage/bin'
[0.339s] Level 1:colcon.colcon_core.shell:create_environment_hook('stage', 'pythonscriptspath')
[0.339s] INFO:colcon.colcon_core.shell:Creating environment hook '/home/liam-bouffard/Desktop/rob599_mobile_robotics/Homework_4/pioneer_ws/install/stage/share/stage/hook/pythonscriptspath.ps1'
[0.339s] INFO:colcon.colcon_core.shell:Creating environment descriptor '/home/liam-bouffard/Desktop/rob599_mobile_robotics/Homework_4/pioneer_ws/install/stage/share/stage/hook/pythonscriptspath.dsv'
[0.339s] INFO:colcon.colcon_core.shell:Creating environment hook '/home/liam-bouffard/Desktop/rob599_mobile_robotics/Homework_4/pioneer_ws/install/stage/share/stage/hook/pythonscriptspath.sh'
[0.340s] INFO:colcon.colcon_core.shell:Creating package script '/home/liam-bouffard/Desktop/rob599_mobile_robotics/Homework_4/pioneer_ws/install/stage/share/stage/package.ps1'
[0.340s] INFO:colcon.colcon_core.shell:Creating package descriptor '/home/liam-bouffard/Desktop/rob599_mobile_robotics/Homework_4/pioneer_ws/install/stage/share/stage/package.dsv'
[0.341s] INFO:colcon.colcon_core.shell:Creating package script '/home/liam-bouffard/Desktop/rob599_mobile_robotics/Homework_4/pioneer_ws/install/stage/share/stage/package.sh'
[0.342s] INFO:colcon.colcon_core.shell:Creating package script '/home/liam-bouffard/Desktop/rob599_mobile_robotics/Homework_4/pioneer_ws/install/stage/share/stage/package.bash'
[0.342s] INFO:colcon.colcon_core.shell:Creating package script '/home/liam-bouffard/Desktop/rob599_mobile_robotics/Homework_4/pioneer_ws/install/stage/share/stage/package.zsh'
[0.342s] Level 1:colcon.colcon_core.environment:create_file_with_runtime_dependencies(/home/liam-bouffard/Desktop/rob599_mobile_robotics/Homework_4/pioneer_ws/install/stage/share/colcon-core/packages/stage)
[0.343s] INFO:colcon.colcon_ros.task.ament_cmake.build:Building ROS package in '/home/liam-bouffard/Desktop/rob599_mobile_robotics/Homework_4/pioneer_ws/src/stage_ros2' with build type 'ament_cmake'
[0.343s] INFO:colcon.colcon_cmake.task.cmake.build:Building CMake package in '/home/liam-bouffard/Desktop/rob599_mobile_robotics/Homework_4/pioneer_ws/src/stage_ros2'
[0.343s] INFO:colcon.colcon_core.shell:Skip shell extension 'powershell' for command environment: Not usable outside of PowerShell
[0.343s] DEBUG:colcon.colcon_core.shell:Skip shell extension 'dsv' for command environment
[0.354s] DEBUG:colcon.colcon_core.event_handler.log_command:Invoking command in '/home/liam-bouffard/Desktop/rob599_mobile_robotics/Homework_4/pioneer_ws/build/stage_ros2': CMAKE_PREFIX_PATH=/home/liam-bouffard/Desktop/rob599_mobile_robotics/Homework_4/pioneer_ws/install/pioneer:/home/liam-bouffard/Desktop/rob599_mobile_robotics/Homework_3/pioneer_ws/install/start_robot:/home/liam-bouffard/Desktop/rob599_mobile_robotics/Homework_3/pioneer_ws/install/pioneer:/home/liam-bouffard/Desktop/rob599_mobile_robotics/Homework_3/pioneer_ws/install/pioneer_interfaces:/home/liam-bouffard/Desktop/rob599_mobile_robotics/Homework_3/pioneer_ws/install/goal_target:/opt/ros/kilted:/home/liam-bouffard/Desktop/rob599_mobile_robotics/Homework_4/pioneer_ws/install/stage:/home/liam-bouffard/Desktop/rob599_mobile_robotics/Homework_4/pioneer_ws/install/stage_ros2:/home/liam-bouffard/Desktop/rob599_mobile_robotics/Homework_4/pioneer_ws/install/pioneer_interfaces:/home/liam-bouffard/Desktop/rob599_mobile_robotics/Homework_4/pioneer_ws/install/goal_target:/home/liam-bouffard/Desktop/rob599_mobile_robotics/Homework_3/pioneer_ws/install/stage_ros2:/home/liam-bouffard/Desktop/rob599_mobile_robotics/Homework_3/pioneer_ws/install/stage:/opt/ros/kilted/opt/gz_sim_vendor:/opt/ros/kilted/opt/gz_sensors_vendor:/opt/ros/kilted/opt/gz_physics_vendor:/opt/ros/kilted/opt/sdformat_vendor:/opt/ros/kilted/opt/gz_gui_vendor:/opt/ros/kilted/opt/gz_transport_vendor:/opt/ros/kilted/opt/gz_rendering_vendor:/opt/ros/kilted/opt/gz_plugin_vendor:/opt/ros/kilted/opt/gz_fuel_tools_vendor:/opt/ros/kilted/opt/gz_msgs_vendor:/opt/ros/kilted/opt/gz_common_vendor:/opt/ros/kilted/opt/gz_math_vendor:/opt/ros/kilted/opt/gz_utils_vendor:/opt/ros/kilted/opt/gz_tools_vendor:/opt/ros/kilted/opt/gz_ogre_next_vendor:/opt/ros/kilted/opt/gz_dartsim_vendor:/opt/ros/kilted/opt/gz_cmake_vendor DEBUGINFOD_URLS=https://debuginfod.ubuntu.com LD_LIBRARY_PATH=/home/liam-bouffard/Desktop/rob599_mobile_robotics/Homework_4/pioneer_ws/install/stage/lib:/home/liam-bouffard/Desktop/rob599_mobile_robotics/Homework_4/pioneer_ws/install/stage_ros2/lib:/home/liam-bouffard/Desktop/rob599_mobile_robotics/Homework_4/pioneer_ws/install/pioneer_interfaces/lib:/home/liam-bouffard/Desktop/rob599_mobile_robotics/Homework_4/pioneer_ws/install/goal_target/lib:/home/liam-bouffard/Desktop/rob599_mobile_robotics/Homework_3/pioneer_ws/install/stage_ros2/lib:/home/liam-bouffard/Desktop/rob599_mobile_robotics/Homework_3/pioneer_ws/install/stage/lib:/home/liam-bouffard/Desktop/rob599_mobile_robotics/Homework_3/pioneer_ws/install/pioneer_interfaces/lib:/home/liam-bouffard/Desktop/rob599_mobile_robotics/Homework_3/pioneer_ws/install/goal_target/lib:/opt/ros/kilted/opt/zenoh_cpp_vendor/lib:/opt/ros/kilted/opt/gz_sim_vendor/lib:/opt/ros/kilted/opt/gz_sensors_vendor/lib:/opt/ros/kilted/opt/gz_physics_vendor/lib:/opt/ros/kilted/opt/sdformat_vendor/lib:/opt/ros/kilted/opt/gz_gui_vendor/lib:/opt/ros/kilted/opt/gz_transport_vendor/lib:/opt/ros/kilted/opt/gz_rendering_vendor/lib:/opt/ros/kilted/opt/gz_plugin_vendor/lib:/opt/ros/kilted/opt/gz_fuel_tools_vendor/lib:/opt/ros/kilted/opt/gz_msgs_vendor/lib:/opt/ros/kilted/opt/gz_common_vendor/lib:/opt/ros/kilted/opt/gz_math_vendor/lib:/opt/ros/kilted/opt/gz_utils_vendor/lib:/opt/ros/kilted/opt/rviz_ogre_vendor/lib:/opt/ros/kilted/lib/x86_64-linux-gnu:/opt/ros/kilted/opt/gz_tools_vendor/lib:/opt/ros/kilted/opt/gz_ogre_next_vendor/lib:/opt/ros/kilted/opt/gz_dartsim_vendor/lib:/opt/ros/kilted/opt/gz_cmake_vendor/lib:/opt/ros/kilted/lib /usr/bin/cmake --build /home/liam-bouffard/Desktop/rob599_mobile_robotics/Homework_4/pioneer_ws/build/stage_ros2 -- -j32 -l32
[0.449s] DEBUG:colcon.colcon_core.event_handler.log_command:Invoked command in '/home/liam-bouffard/Desktop/rob599_mobile_robotics/Homework_4/pioneer_ws/build/stage_ros2' returned '0': CMAKE_PREFIX_PATH=/home/liam-bouffard/Desktop/rob599_mobile_robotics/Homework_4/pioneer_ws/install/pioneer:/home/liam-bouffard/Desktop/rob599_mobile_robotics/Homework_3/pioneer_ws/install/start_robot:/home/liam-bouffard/Desktop/rob599_mobile_robotics/Homework_3/pioneer_ws/install/pioneer:/home/liam-bouffard/Desktop/rob599_mobile_robotics/Homework_3/pioneer_ws/install/pioneer_interfaces:/home/liam-bouffard/Desktop/rob599_mobile_robotics/Homework_3/pioneer_ws/install/goal_target:/opt/ros/kilted:/home/liam-bouffard/Desktop/rob599_mobile_robotics/Homework_4/pioneer_ws/install/stage:/home/liam-bouffard/Desktop/rob599_mobile_robotics/Homework_4/pioneer_ws/install/stage_ros2:/home/liam-bouffard/Desktop/rob599_mobile_robotics/Homework_4/pioneer_ws/install/pioneer_interfaces:/home/liam-bouffard/Desktop/rob599_mobile_robotics/Homework_4/pioneer_ws/install/goal_target:/home/liam-bouffard/Desktop/rob599_mobile_robotics/Homework_3/pioneer_ws/install/stage_ros2:/home/liam-bouffard/Desktop/rob599_mobile_robotics/Homework_3/pioneer_ws/install/stage:/opt/ros/kilted/opt/gz_sim_vendor:/opt/ros/kilted/opt/gz_sensors_vendor:/opt/ros/kilted/opt/gz_physics_vendor:/opt/ros/kilted/opt/sdformat_vendor:/opt/ros/kilted/opt/gz_gui_vendor:/opt/ros/kilted/opt/gz_transport_vendor:/opt/ros/kilted/opt/gz_rendering_vendor:/opt/ros/kilted/opt/gz_plugin_vendor:/opt/ros/kilted/opt/gz_fuel_tools_vendor:/opt/ros/kilted/opt/gz_msgs_vendor:/opt/ros/kilted/opt/gz_common_vendor:/opt/ros/kilted/opt/gz_math_vendor:/opt/ros/kilted/opt/gz_utils_vendor:/opt/ros/kilted/opt/gz_tools_vendor:/opt/ros/kilted/opt/gz_ogre_next_vendor:/opt/ros/kilted/opt/gz_dartsim_vendor:/opt/ros/kilted/opt/gz_cmake_vendor DEBUGINFOD_URLS=https://debuginfod.ubuntu.com LD_LIBRARY_PATH=/home/liam-bouffard/Desktop/rob599_mobile_robotics/Homework_4/pioneer_ws/install/stage/lib:/home/liam-bouffard/Desktop/rob599_mobile_robotics/Homework_4/pioneer_ws/install/stage_ros2/lib:/home/liam-bouffard/Desktop/rob599_mobile_robotics/Homework_4/pioneer_ws/install/pioneer_interfaces/lib:/home/liam-bouffard/Desktop/rob599_mobile_robotics/Homework_4/pioneer_ws/install/goal_target/lib:/home/liam-bouffard/Desktop/rob599_mobile_robotics/Homework_3/pioneer_ws/install/stage_ros2/lib:/home/liam-bouffard/Desktop/rob599_mobile_robotics/Homework_3/pioneer_ws/install/stage/lib:/home/liam-bouffard/Desktop/rob599_mobile_robotics/Homework_3/pioneer_ws/install/pioneer_interfaces/lib:/home/liam-bouffard/Desktop/rob599_mobile_robotics/Homework_3/pioneer_ws/install/goal_target/lib:/opt/ros/kilted/opt/zenoh_cpp_vendor/lib:/opt/ros/kilted/opt/gz_sim_vendor/lib:/opt/ros/kilted/opt/gz_sensors_vendor/lib:/opt/ros/kilted/opt/gz_physics_vendor/lib:/opt/ros/kilted/opt/sdformat_vendor/lib:/opt/ros/kilted/opt/gz_gui_vendor/lib:/opt/ros/kilted/opt/gz_transport_vendor/lib:/opt/ros/kilted/opt/gz_rendering_vendor/lib:/opt/ros/kilted/opt/gz_plugin_vendor/lib:/opt/ros/kilted/opt/gz_fuel_tools_vendor/lib:/opt/ros/kilted/opt/gz_msgs_vendor/lib:/opt/ros/kilted/opt/gz_common_vendor/lib:/opt/ros/kilted/opt/gz_math_vendor/lib:/opt/ros/kilted/opt/gz_utils_vendor/lib:/opt/ros/kilted/opt/rviz_ogre_vendor/lib:/opt/ros/kilted/lib/x86_64-linux-gnu:/opt/ros/kilted/opt/gz_tools_vendor/lib:/opt/ros/kilted/opt/gz_ogre_next_vendor/lib:/opt/ros/kilted/opt/gz_dartsim_vendor/lib:/opt/ros/kilted/opt/gz_cmake_vendor/lib:/opt/ros/kilted/lib /usr/bin/cmake --build /home/liam-bouffard/Desktop/rob599_mobile_robotics/Homework_4/pioneer_ws/build/stage_ros2 -- -j32 -l32
[0.450s] DEBUG:colcon.colcon_core.event_handler.log_command:Invoking command in '/home/liam-bouffard/Desktop/rob599_mobile_robotics/Homework_4/pioneer_ws/build/stage_ros2': CMAKE_PREFIX_PATH=/home/liam-bouffard/Desktop/rob599_mobile_robotics/Homework_4/pioneer_ws/install/pioneer:/home/liam-bouffard/Desktop/rob599_mobile_robotics/Homework_3/pioneer_ws/install/start_robot:/home/liam-bouffard/Desktop/rob599_mobile_robotics/Homework_3/pioneer_ws/install/pioneer:/home/liam-bouffard/Desktop/rob599_mobile_robotics/Homework_3/pioneer_ws/install/pioneer_interfaces:/home/liam-bouffard/Desktop/rob599_mobile_robotics/Homework_3/pioneer_ws/install/goal_target:/opt/ros/kilted:/home/liam-bouffard/Desktop/rob599_mobile_robotics/Homework_4/pioneer_ws/install/stage:/home/liam-bouffard/Desktop/rob599_mobile_robotics/Homework_4/pioneer_ws/install/stage_ros2:/home/liam-bouffard/Desktop/rob599_mobile_robotics/Homework_4/pioneer_ws/install/pioneer_interfaces:/home/liam-bouffard/Desktop/rob599_mobile_robotics/Homework_4/pioneer_ws/install/goal_target:/home/liam-bouffard/Desktop/rob599_mobile_robotics/Homework_3/pioneer_ws/install/stage_ros2:/home/liam-bouffard/Desktop/rob599_mobile_robotics/Homework_3/pioneer_ws/install/stage:/opt/ros/kilted/opt/gz_sim_vendor:/opt/ros/kilted/opt/gz_sensors_vendor:/opt/ros/kilted/opt/gz_physics_vendor:/opt/ros/kilted/opt/sdformat_vendor:/opt/ros/kilted/opt/gz_gui_vendor:/opt/ros/kilted/opt/gz_transport_vendor:/opt/ros/kilted/opt/gz_rendering_vendor:/opt/ros/kilted/opt/gz_plugin_vendor:/opt/ros/kilted/opt/gz_fuel_tools_vendor:/opt/ros/kilted/opt/gz_msgs_vendor:/opt/ros/kilted/opt/gz_common_vendor:/opt/ros/kilted/opt/gz_math_vendor:/opt/ros/kilted/opt/gz_utils_vendor:/opt/ros/kilted/opt/gz_tools_vendor:/opt/ros/kilted/opt/gz_ogre_next_vendor:/opt/ros/kilted/opt/gz_dartsim_vendor:/opt/ros/kilted/opt/gz_cmake_vendor DEBUGINFOD_URLS=https://debuginfod.ubuntu.com LD_LIBRARY_PATH=/home/liam-bouffard/Desktop/rob599_mobile_robotics/Homework_4/pioneer_ws/install/stage/lib:/home/liam-bouffard/Desktop/rob599_mobile_robotics/Homework_4/pioneer_ws/install/stage_ros2/lib:/home/liam-bouffard/Desktop/rob599_mobile_robotics/Homework_4/pioneer_ws/install/pioneer_interfaces/lib:/home/liam-bouffard/Desktop/rob599_mobile_robotics/Homework_4/pioneer_ws/install/goal_target/lib:/home/liam-bouffard/Desktop/rob599_mobile_robotics/Homework_3/pioneer_ws/install/stage_ros2/lib:/home/liam-bouffard/Desktop/rob599_mobile_robotics/Homework_3/pioneer_ws/install/stage/lib:/home/liam-bouffard/Desktop/rob599_mobile_robotics/Homework_3/pioneer_ws/install/pioneer_interfaces/lib:/home/liam-bouffard/Desktop/rob599_mobile_robotics/Homework_3/pioneer_ws/install/goal_target/lib:/opt/ros/kilted/opt/zenoh_cpp_vendor/lib:/opt/ros/kilted/opt/gz_sim_vendor/lib:/opt/ros/kilted/opt/gz_sensors_vendor/lib:/opt/ros/kilted/opt/gz_physics_vendor/lib:/opt/ros/kilted/opt/sdformat_vendor/lib:/opt/ros/kilted/opt/gz_gui_vendor/lib:/opt/ros/kilted/opt/gz_transport_vendor/lib:/opt/ros/kilted/opt/gz_rendering_vendor/lib:/opt/ros/kilted/opt/gz_plugin_vendor/lib:/opt/ros/kilted/opt/gz_fuel_tools_vendor/lib:/opt/ros/kilted/opt/gz_msgs_vendor/lib:/opt/ros/kilted/opt/gz_common_vendor/lib:/opt/ros/kilted/opt/gz_math_vendor/lib:/opt/ros/kilted/opt/gz_utils_vendor/lib:/opt/ros/kilted/opt/rviz_ogre_vendor/lib:/opt/ros/kilted/lib/x86_64-linux-gnu:/opt/ros/kilted/opt/gz_tools_vendor/lib:/opt/ros/kilted/opt/gz_ogre_next_vendor/lib:/opt/ros/kilted/opt/gz_dartsim_vendor/lib:/opt/ros/kilted/opt/gz_cmake_vendor/lib:/opt/ros/kilted/lib /usr/bin/cmake --install /home/liam-bouffard/Desktop/rob599_mobile_robotics/Homework_4/pioneer_ws/build/stage_ros2
[0.459s] Level 1:colcon.colcon_core.environment:create_environment_scripts_only(stage_ros2)
[0.460s] Level 1:colcon.colcon_core.environment:checking '/home/liam-bouffard/Desktop/rob599_mobile_robotics/Homework_4/pioneer_ws/install/stage_ros2' for CMake module files
[0.461s] Level 1:colcon.colcon_core.environment:checking '/home/liam-bouffard/Desktop/rob599_mobile_robotics/Homework_4/pioneer_ws/install/stage_ros2' for CMake config files
[0.461s] DEBUG:colcon.colcon_core.event_handler.log_command:Invoked command in '/home/liam-bouffard/Desktop/rob599_mobile_robotics/Homework_4/pioneer_ws/build/stage_ros2' returned '0': CMAKE_PREFIX_PATH=/home/liam-bouffard/Desktop/rob599_mobile_robotics/Homework_4/pioneer_ws/install/pioneer:/home/liam-bouffard/Desktop/rob599_mobile_robotics/Homework_3/pioneer_ws/install/start_robot:/home/liam-bouffard/Desktop/rob599_mobile_robotics/Homework_3/pioneer_ws/install/pioneer:/home/liam-bouffard/Desktop/rob599_mobile_robotics/Homework_3/pioneer_ws/install/pioneer_interfaces:/home/liam-bouffard/Desktop/rob599_mobile_robotics/Homework_3/pioneer_ws/install/goal_target:/opt/ros/kilted:/home/liam-bouffard/Desktop/rob599_mobile_robotics/Homework_4/pioneer_ws/install/stage:/home/liam-bouffard/Desktop/rob599_mobile_robotics/Homework_4/pioneer_ws/install/stage_ros2:/home/liam-bouffard/Desktop/rob599_mobile_robotics/Homework_4/pioneer_ws/install/pioneer_interfaces:/home/liam-bouffard/Desktop/rob599_mobile_robotics/Homework_4/pioneer_ws/install/goal_target:/home/liam-bouffard/Desktop/rob599_mobile_robotics/Homework_3/pioneer_ws/install/stage_ros2:/home/liam-bouffard/Desktop/rob599_mobile_robotics/Homework_3/pioneer_ws/install/stage:/opt/ros/kilted/opt/gz_sim_vendor:/opt/ros/kilted/opt/gz_sensors_vendor:/opt/ros/kilted/opt/gz_physics_vendor:/opt/ros/kilted/opt/sdformat_vendor:/opt/ros/kilted/opt/gz_gui_vendor:/opt/ros/kilted/opt/gz_transport_vendor:/opt/ros/kilted/opt/gz_rendering_vendor:/opt/ros/kilted/opt/gz_plugin_vendor:/opt/ros/kilted/opt/gz_fuel_tools_vendor:/opt/ros/kilted/opt/gz_msgs_vendor:/opt/ros/kilted/opt/gz_common_vendor:/opt/ros/kilted/opt/gz_math_vendor:/opt/ros/kilted/opt/gz_utils_vendor:/opt/ros/kilted/opt/gz_tools_vendor:/opt/ros/kilted/opt/gz_ogre_next_vendor:/opt/ros/kilted/opt/gz_dartsim_vendor:/opt/ros/kilted/opt/gz_cmake_vendor DEBUGINFOD_URLS=https://debuginfod.ubuntu.com LD_LIBRARY_PATH=/home/liam-bouffard/Desktop/rob599_mobile_robotics/Homework_4/pioneer_ws/install/stage/lib:/home/liam-bouffard/Desktop/rob599_mobile_robotics/Homework_4/pioneer_ws/install/stage_ros2/lib:/home/liam-bouffard/Desktop/rob599_mobile_robotics/Homework_4/pioneer_ws/install/pioneer_interfaces/lib:/home/liam-bouffard/Desktop/rob599_mobile_robotics/Homework_4/pioneer_ws/install/goal_target/lib:/home/liam-bouffard/Desktop/rob599_mobile_robotics/Homework_3/pioneer_ws/install/stage_ros2/lib:/home/liam-bouffard/Desktop/rob599_mobile_robotics/Homework_3/pioneer_ws/install/stage/lib:/home/liam-bouffard/Desktop/rob599_mobile_robotics/Homework_3/pioneer_ws/install/pioneer_interfaces/lib:/home/liam-bouffard/Desktop/rob599_mobile_robotics/Homework_3/pioneer_ws/install/goal_target/lib:/opt/ros/kilted/opt/zenoh_cpp_vendor/lib:/opt/ros/kilted/opt/gz_sim_vendor/lib:/opt/ros/kilted/opt/gz_sensors_vendor/lib:/opt/ros/kilted/opt/gz_physics_vendor/lib:/opt/ros/kilted/opt/sdformat_vendor/lib:/opt/ros/kilted/opt/gz_gui_vendor/lib:/opt/ros/kilted/opt/gz_transport_vendor/lib:/opt/ros/kilted/opt/gz_rendering_vendor/lib:/opt/ros/kilted/opt/gz_plugin_vendor/lib:/opt/ros/kilted/opt/gz_fuel_tools_vendor/lib:/opt/ros/kilted/opt/gz_msgs_vendor/lib:/opt/ros/kilted/opt/gz_common_vendor/lib:/opt/ros/kilted/opt/gz_math_vendor/lib:/opt/ros/kilted/opt/gz_utils_vendor/lib:/opt/ros/kilted/opt/rviz_ogre_vendor/lib:/opt/ros/kilted/lib/x86_64-linux-gnu:/opt/ros/kilted/opt/gz_tools_vendor/lib:/opt/ros/kilted/opt/gz_ogre_next_vendor/lib:/opt/ros/kilted/opt/gz_dartsim_vendor/lib:/opt/ros/kilted/opt/gz_cmake_vendor/lib:/opt/ros/kilted/lib /usr/bin/cmake --install /home/liam-bouffard/Desktop/rob599_mobile_robotics/Homework_4/pioneer_ws/build/stage_ros2
[0.461s] Level 1:colcon.colcon_core.shell:create_environment_hook('stage_ros2', 'cmake_prefix_path')
[0.461s] INFO:colcon.colcon_core.shell:Creating environment hook '/home/liam-bouffard/Desktop/rob599_mobile_robotics/Homework_4/pioneer_ws/install/stage_ros2/share/stage_ros2/hook/cmake_prefix_path.ps1'
[0.462s] INFO:colcon.colcon_core.shell:Creating environment descriptor '/home/liam-bouffard/Desktop/rob599_mobile_robotics/Homework_4/pioneer_ws/install/stage_ros2/share/stage_ros2/hook/cmake_prefix_path.dsv'
[0.462s] INFO:colcon.colcon_core.shell:Creating environment hook '/home/liam-bouffard/Desktop/rob599_mobile_robotics/Homework_4/pioneer_ws/install/stage_ros2/share/stage_ros2/hook/cmake_prefix_path.sh'
[0.462s] Level 1:colcon.colcon_core.environment:checking '/home/liam-bouffard/Desktop/rob599_mobile_robotics/Homework_4/pioneer_ws/install/stage_ros2/lib'
[0.462s] Level 1:colcon.colcon_core.shell:create_environment_hook('stage_ros2', 'ld_library_path_lib')
[0.462s] INFO:colcon.colcon_core.shell:Creating environment hook '/home/liam-bouffard/Desktop/rob599_mobile_robotics/Homework_4/pioneer_ws/install/stage_ros2/share/stage_ros2/hook/ld_library_path_lib.ps1'
[0.463s] INFO:colcon.colcon_core.shell:Creating environment descriptor '/home/liam-bouffard/Desktop/rob599_mobile_robotics/Homework_4/pioneer_ws/install/stage_ros2/share/stage_ros2/hook/ld_library_path_lib.dsv'
[0.463s] INFO:colcon.colcon_core.shell:Creating environment hook '/home/liam-bouffard/Desktop/rob599_mobile_robotics/Homework_4/pioneer_ws/install/stage_ros2/share/stage_ros2/hook/ld_library_path_lib.sh'
[0.463s] Level 1:colcon.colcon_core.environment:checking '/home/liam-bouffard/Desktop/rob599_mobile_robotics/Homework_4/pioneer_ws/install/stage_ros2/bin'
[0.463s] Level 1:colcon.colcon_core.environment:checking '/home/liam-bouffard/Desktop/rob599_mobile_robotics/Homework_4/pioneer_ws/install/stage_ros2/lib/pkgconfig/stage_ros2.pc'
[0.463s] Level 1:colcon.colcon_core.environment:checking '/home/liam-bouffard/Desktop/rob599_mobile_robotics/Homework_4/pioneer_ws/install/stage_ros2/lib/python3.12/site-packages'
[0.463s] Level 1:colcon.colcon_core.environment:checking '/home/liam-bouffard/Desktop/rob599_mobile_robotics/Homework_4/pioneer_ws/install/stage_ros2/bin'
[0.464s] INFO:colcon.colcon_core.shell:Creating package script '/home/liam-bouffard/Desktop/rob599_mobile_robotics/Homework_4/pioneer_ws/install/stage_ros2/share/stage_ros2/package.ps1'
[0.464s] INFO:colcon.colcon_core.shell:Creating package descriptor '/home/liam-bouffard/Desktop/rob599_mobile_robotics/Homework_4/pioneer_ws/install/stage_ros2/share/stage_ros2/package.dsv'
[0.464s] INFO:colcon.colcon_core.shell:Creating package script '/home/liam-bouffard/Desktop/rob599_mobile_robotics/Homework_4/pioneer_ws/install/stage_ros2/share/stage_ros2/package.sh'
[0.464s] INFO:colcon.colcon_core.shell:Creating package script '/home/liam-bouffard/Desktop/rob599_mobile_robotics/Homework_4/pioneer_ws/install/stage_ros2/share/stage_ros2/package.bash'
[0.464s] INFO:colcon.colcon_core.shell:Creating package script '/home/liam-bouffard/Desktop/rob599_mobile_robotics/Homework_4/pioneer_ws/install/stage_ros2/share/stage_ros2/package.zsh'
[0.465s] Level 1:colcon.colcon_core.environment:create_file_with_runtime_dependencies(/home/liam-bouffard/Desktop/rob599_mobile_robotics/Homework_4/pioneer_ws/install/stage_ros2/share/colcon-core/packages/stage_ros2)
[0.465s] Level 1:colcon.colcon_core.environment:create_environment_scripts_only(stage_ros2)
[0.465s] Level 1:colcon.colcon_core.environment:checking '/home/liam-bouffard/Desktop/rob599_mobile_robotics/Homework_4/pioneer_ws/install/stage_ros2' for CMake module files
[0.465s] Level 1:colcon.colcon_core.environment:checking '/home/liam-bouffard/Desktop/rob599_mobile_robotics/Homework_4/pioneer_ws/install/stage_ros2' for CMake config files
[0.465s] Level 1:colcon.colcon_core.shell:create_environment_hook('stage_ros2', 'cmake_prefix_path')
[0.465s] INFO:colcon.colcon_core.shell:Creating environment hook '/home/liam-bouffard/Desktop/rob599_mobile_robotics/Homework_4/pioneer_ws/install/stage_ros2/share/stage_ros2/hook/cmake_prefix_path.ps1'
[0.466s] INFO:colcon.colcon_core.shell:Creating environment descriptor '/home/liam-bouffard/Desktop/rob599_mobile_robotics/Homework_4/pioneer_ws/install/stage_ros2/share/stage_ros2/hook/cmake_prefix_path.dsv'
[0.466s] INFO:colcon.colcon_core.shell:Creating environment hook '/home/liam-bouffard/Desktop/rob599_mobile_robotics/Homework_4/pioneer_ws/install/stage_ros2/share/stage_ros2/hook/cmake_prefix_path.sh'
[0.466s] Level 1:colcon.colcon_core.environment:checking '/home/liam-bouffard/Desktop/rob599_mobile_robotics/Homework_4/pioneer_ws/install/stage_ros2/lib'
[0.466s] Level 1:colcon.colcon_core.shell:create_environment_hook('stage_ros2', 'ld_library_path_lib')
[0.467s] INFO:colcon.colcon_core.shell:Creating environment hook '/home/liam-bouffard/Desktop/rob599_mobile_robotics/Homework_4/pioneer_ws/install/stage_ros2/share/stage_ros2/hook/ld_library_path_lib.ps1'
[0.467s] INFO:colcon.colcon_core.shell:Creating environment descriptor '/home/liam-bouffard/Desktop/rob599_mobile_robotics/Homework_4/pioneer_ws/install/stage_ros2/share/stage_ros2/hook/ld_library_path_lib.dsv'
[0.467s] INFO:colcon.colcon_core.shell:Creating environment hook '/home/liam-bouffard/Desktop/rob599_mobile_robotics/Homework_4/pioneer_ws/install/stage_ros2/share/stage_ros2/hook/ld_library_path_lib.sh'
[0.467s] Level 1:colcon.colcon_core.environment:checking '/home/liam-bouffard/Desktop/rob599_mobile_robotics/Homework_4/pioneer_ws/install/stage_ros2/bin'
[0.467s] Level 1:colcon.colcon_core.environment:checking '/home/liam-bouffard/Desktop/rob599_mobile_robotics/Homework_4/pioneer_ws/install/stage_ros2/lib/pkgconfig/stage_ros2.pc'
[0.467s] Level 1:colcon.colcon_core.environment:checking '/home/liam-bouffard/Desktop/rob599_mobile_robotics/Homework_4/pioneer_ws/install/stage_ros2/lib/python3.12/site-packages'
[0.468s] Level 1:colcon.colcon_core.environment:checking '/home/liam-bouffard/Desktop/rob599_mobile_robotics/Homework_4/pioneer_ws/install/stage_ros2/bin'
[0.468s] INFO:colcon.colcon_core.shell:Creating package script '/home/liam-bouffard/Desktop/rob599_mobile_robotics/Homework_4/pioneer_ws/install/stage_ros2/share/stage_ros2/package.ps1'
[0.468s] INFO:colcon.colcon_core.shell:Creating package descriptor '/home/liam-bouffard/Desktop/rob599_mobile_robotics/Homework_4/pioneer_ws/install/stage_ros2/share/stage_ros2/package.dsv'
[0.469s] INFO:colcon.colcon_core.shell:Creating package script '/home/liam-bouffard/Desktop/rob599_mobile_robotics/Homework_4/pioneer_ws/install/stage_ros2/share/stage_ros2/package.sh'
[0.469s] INFO:colcon.colcon_core.shell:Creating package script '/home/liam-bouffard/Desktop/rob599_mobile_robotics/Homework_4/pioneer_ws/install/stage_ros2/share/stage_ros2/package.bash'
[0.469s] INFO:colcon.colcon_core.shell:Creating package script '/home/liam-bouffard/Desktop/rob599_mobile_robotics/Homework_4/pioneer_ws/install/stage_ros2/share/stage_ros2/package.zsh'
[0.469s] Level 1:colcon.colcon_core.environment:create_file_with_runtime_dependencies(/home/liam-bouffard/Desktop/rob599_mobile_robotics/Homework_4/pioneer_ws/install/stage_ros2/share/colcon-core/packages/stage_ros2)
[0.565s] DEBUG:colcon.colcon_core.event_handler.log_command:Invoked command in '/home/liam-bouffard/Desktop/rob599_mobile_robotics/Homework_4/pioneer_ws/build/goal_target' returned '0': CMAKE_PREFIX_PATH=/home/liam-bouffard/Desktop/rob599_mobile_robotics/Homework_4/pioneer_ws/install/stage_ros2:/home/liam-bouffard/Desktop/rob599_mobile_robotics/Homework_4/pioneer_ws/install/pioneer:/home/liam-bouffard/Desktop/rob599_mobile_robotics/Homework_3/pioneer_ws/install/start_robot:/home/liam-bouffard/Desktop/rob599_mobile_robotics/Homework_3/pioneer_ws/install/pioneer:/home/liam-bouffard/Desktop/rob599_mobile_robotics/Homework_3/pioneer_ws/install/pioneer_interfaces:/home/liam-bouffard/Desktop/rob599_mobile_robotics/Homework_3/pioneer_ws/install/goal_target:/opt/ros/kilted:/home/liam-bouffard/Desktop/rob599_mobile_robotics/Homework_4/pioneer_ws/install/stage:/home/liam-bouffard/Desktop/rob599_mobile_robotics/Homework_4/pioneer_ws/install/pioneer_interfaces:/home/liam-bouffard/Desktop/rob599_mobile_robotics/Homework_4/pioneer_ws/install/goal_target:/home/liam-bouffard/Desktop/rob599_mobile_robotics/Homework_3/pioneer_ws/install/stage_ros2:/home/liam-bouffard/Desktop/rob599_mobile_robotics/Homework_3/pioneer_ws/install/stage:/opt/ros/kilted/opt/gz_sim_vendor:/opt/ros/kilted/opt/gz_sensors_vendor:/opt/ros/kilted/opt/gz_physics_vendor:/opt/ros/kilted/opt/sdformat_vendor:/opt/ros/kilted/opt/gz_gui_vendor:/opt/ros/kilted/opt/gz_transport_vendor:/opt/ros/kilted/opt/gz_rendering_vendor:/opt/ros/kilted/opt/gz_plugin_vendor:/opt/ros/kilted/opt/gz_fuel_tools_vendor:/opt/ros/kilted/opt/gz_msgs_vendor:/opt/ros/kilted/opt/gz_common_vendor:/opt/ros/kilted/opt/gz_math_vendor:/opt/ros/kilted/opt/gz_utils_vendor:/opt/ros/kilted/opt/gz_tools_vendor:/opt/ros/kilted/opt/gz_ogre_next_vendor:/opt/ros/kilted/opt/gz_dartsim_vendor:/opt/ros/kilted/opt/gz_cmake_vendor DEBUGINFOD_URLS=https://debuginfod.ubuntu.com /usr/bin/cmake --build /home/liam-bouffard/Desktop/rob599_mobile_robotics/Homework_4/pioneer_ws/build/goal_target -- -j32 -l32
[0.566s] DEBUG:colcon.colcon_core.event_handler.log_command:Invoking command in '/home/liam-bouffard/Desktop/rob599_mobile_robotics/Homework_4/pioneer_ws/build/goal_target': CMAKE_PREFIX_PATH=/home/liam-bouffard/Desktop/rob599_mobile_robotics/Homework_4/pioneer_ws/install/stage_ros2:/home/liam-bouffard/Desktop/rob599_mobile_robotics/Homework_4/pioneer_ws/install/pioneer:/home/liam-bouffard/Desktop/rob599_mobile_robotics/Homework_3/pioneer_ws/install/start_robot:/home/liam-bouffard/Desktop/rob599_mobile_robotics/Homework_3/pioneer_ws/install/pioneer:/home/liam-bouffard/Desktop/rob599_mobile_robotics/Homework_3/pioneer_ws/install/pioneer_interfaces:/home/liam-bouffard/Desktop/rob599_mobile_robotics/Homework_3/pioneer_ws/install/goal_target:/opt/ros/kilted:/home/liam-bouffard/Desktop/rob599_mobile_robotics/Homework_4/pioneer_ws/install/stage:/home/liam-bouffard/Desktop/rob599_mobile_robotics/Homework_4/pioneer_ws/install/pioneer_interfaces:/home/liam-bouffard/Desktop/rob599_mobile_robotics/Homework_4/pioneer_ws/install/goal_target:/home/liam-bouffard/Desktop/rob599_mobile_robotics/Homework_3/pioneer_ws/install/stage_ros2:/home/liam-bouffard/Desktop/rob599_mobile_robotics/Homework_3/pioneer_ws/install/stage:/opt/ros/kilted/opt/gz_sim_vendor:/opt/ros/kilted/opt/gz_sensors_vendor:/opt/ros/kilted/opt/gz_physics_vendor:/opt/ros/kilted/opt/sdformat_vendor:/opt/ros/kilted/opt/gz_gui_vendor:/opt/ros/kilted/opt/gz_transport_vendor:/opt/ros/kilted/opt/gz_rendering_vendor:/opt/ros/kilted/opt/gz_plugin_vendor:/opt/ros/kilted/opt/gz_fuel_tools_vendor:/opt/ros/kilted/opt/gz_msgs_vendor:/opt/ros/kilted/opt/gz_common_vendor:/opt/ros/kilted/opt/gz_math_vendor:/opt/ros/kilted/opt/gz_utils_vendor:/opt/ros/kilted/opt/gz_tools_vendor:/opt/ros/kilted/opt/gz_ogre_next_vendor:/opt/ros/kilted/opt/gz_dartsim_vendor:/opt/ros/kilted/opt/gz_cmake_vendor DEBUGINFOD_URLS=https://debuginfod.ubuntu.com /usr/bin/cmake --install /home/liam-bouffard/Desktop/rob599_mobile_robotics/Homework_4/pioneer_ws/build/goal_target
[0.567s] DEBUG:colcon.colcon_core.event_handler.log_command:Invoked command in '/home/liam-bouffard/Desktop/rob599_mobile_robotics/Homework_4/pioneer_ws/build/pioneer_interfaces' returned '0': CMAKE_PREFIX_PATH=/home/liam-bouffard/Desktop/rob599_mobile_robotics/Homework_4/pioneer_ws/install/stage_ros2:/home/liam-bouffard/Desktop/rob599_mobile_robotics/Homework_4/pioneer_ws/install/pioneer:/home/liam-bouffard/Desktop/rob599_mobile_robotics/Homework_3/pioneer_ws/install/start_robot:/home/liam-bouffard/Desktop/rob599_mobile_robotics/Homework_3/pioneer_ws/install/pioneer:/home/liam-bouffard/Desktop/rob599_mobile_robotics/Homework_3/pioneer_ws/install/pioneer_interfaces:/home/liam-bouffard/Desktop/rob599_mobile_robotics/Homework_3/pioneer_ws/install/goal_target:/opt/ros/kilted:/home/liam-bouffard/Desktop/rob599_mobile_robotics/Homework_4/pioneer_ws/install/stage:/home/liam-bouffard/Desktop/rob599_mobile_robotics/Homework_4/pioneer_ws/install/pioneer_interfaces:/home/liam-bouffard/Desktop/rob599_mobile_robotics/Homework_4/pioneer_ws/install/goal_target:/home/liam-bouffard/Desktop/rob599_mobile_robotics/Homework_3/pioneer_ws/install/stage_ros2:/home/liam-bouffard/Desktop/rob599_mobile_robotics/Homework_3/pioneer_ws/install/stage:/opt/ros/kilted/opt/gz_sim_vendor:/opt/ros/kilted/opt/gz_sensors_vendor:/opt/ros/kilted/opt/gz_physics_vendor:/opt/ros/kilted/opt/sdformat_vendor:/opt/ros/kilted/opt/gz_gui_vendor:/opt/ros/kilted/opt/gz_transport_vendor:/opt/ros/kilted/opt/gz_rendering_vendor:/opt/ros/kilted/opt/gz_plugin_vendor:/opt/ros/kilted/opt/gz_fuel_tools_vendor:/opt/ros/kilted/opt/gz_msgs_vendor:/opt/ros/kilted/opt/gz_common_vendor:/opt/ros/kilted/opt/gz_math_vendor:/opt/ros/kilted/opt/gz_utils_vendor:/opt/ros/kilted/opt/gz_tools_vendor:/opt/ros/kilted/opt/gz_ogre_next_vendor:/opt/ros/kilted/opt/gz_dartsim_vendor:/opt/ros/kilted/opt/gz_cmake_vendor DEBUGINFOD_URLS=https://debuginfod.ubuntu.com /usr/bin/cmake --build /home/liam-bouffard/Desktop/rob599_mobile_robotics/Homework_4/pioneer_ws/build/pioneer_interfaces -- -j32 -l32
[0.568s] DEBUG:colcon.colcon_core.event_handler.log_command:Invoking command in '/home/liam-bouffard/Desktop/rob599_mobile_robotics/Homework_4/pioneer_ws/build/pioneer_interfaces': CMAKE_PREFIX_PATH=/home/liam-bouffard/Desktop/rob599_mobile_robotics/Homework_4/pioneer_ws/install/stage_ros2:/home/liam-bouffard/Desktop/rob599_mobile_robotics/Homework_4/pioneer_ws/install/pioneer:/home/liam-bouffard/Desktop/rob599_mobile_robotics/Homework_3/pioneer_ws/install/start_robot:/home/liam-bouffard/Desktop/rob599_mobile_robotics/Homework_3/pioneer_ws/install/pioneer:/home/liam-bouffard/Desktop/rob599_mobile_robotics/Homework_3/pioneer_ws/install/pioneer_interfaces:/home/liam-bouffard/Desktop/rob599_mobile_robotics/Homework_3/pioneer_ws/install/goal_target:/opt/ros/kilted:/home/liam-bouffard/Desktop/rob599_mobile_robotics/Homework_4/pioneer_ws/install/stage:/home/liam-bouffard/Desktop/rob599_mobile_robotics/Homework_4/pioneer_ws/install/pioneer_interfaces:/home/liam-bouffard/Desktop/rob599_mobile_robotics/Homework_4/pioneer_ws/install/goal_target:/home/liam-bouffard/Desktop/rob599_mobile_robotics/Homework_3/pioneer_ws/install/stage_ros2:/home/liam-bouffard/Desktop/rob599_mobile_robotics/Homework_3/pioneer_ws/install/stage:/opt/ros/kilted/opt/gz_sim_vendor:/opt/ros/kilted/opt/gz_sensors_vendor:/opt/ros/kilted/opt/gz_physics_vendor:/opt/ros/kilted/opt/sdformat_vendor:/opt/ros/kilted/opt/gz_gui_vendor:/opt/ros/kilted/opt/gz_transport_vendor:/opt/ros/kilted/opt/gz_rendering_vendor:/opt/ros/kilted/opt/gz_plugin_vendor:/opt/ros/kilted/opt/gz_fuel_tools_vendor:/opt/ros/kilted/opt/gz_msgs_vendor:/opt/ros/kilted/opt/gz_common_vendor:/opt/ros/kilted/opt/gz_math_vendor:/opt/ros/kilted/opt/gz_utils_vendor:/opt/ros/kilted/opt/gz_tools_vendor:/opt/ros/kilted/opt/gz_ogre_next_vendor:/opt/ros/kilted/opt/gz_dartsim_vendor:/opt/ros/kilted/opt/gz_cmake_vendor DEBUGINFOD_URLS=https://debuginfod.ubuntu.com /usr/bin/cmake --install /home/liam-bouffard/Desktop/rob599_mobile_robotics/Homework_4/pioneer_ws/build/pioneer_interfaces
[0.628s] Level 1:colcon.colcon_core.environment:create_environment_scripts_only(goal_target)
[0.628s] Level 1:colcon.colcon_core.environment:checking '/home/liam-bouffard/Desktop/rob599_mobile_robotics/Homework_4/pioneer_ws/install/goal_target' for CMake module files
[0.629s] DEBUG:colcon.colcon_core.event_handler.log_command:Invoked command in '/home/liam-bouffard/Desktop/rob599_mobile_robotics/Homework_4/pioneer_ws/build/goal_target' returned '0': CMAKE_PREFIX_PATH=/home/liam-bouffard/Desktop/rob599_mobile_robotics/Homework_4/pioneer_ws/install/stage_ros2:/home/liam-bouffard/Desktop/rob599_mobile_robotics/Homework_4/pioneer_ws/install/pioneer:/home/liam-bouffard/Desktop/rob599_mobile_robotics/Homework_3/pioneer_ws/install/start_robot:/home/liam-bouffard/Desktop/rob599_mobile_robotics/Homework_3/pioneer_ws/install/pioneer:/home/liam-bouffard/Desktop/rob599_mobile_robotics/Homework_3/pioneer_ws/install/pioneer_interfaces:/home/liam-bouffard/Desktop/rob599_mobile_robotics/Homework_3/pioneer_ws/install/goal_target:/opt/ros/kilted:/home/liam-bouffard/Desktop/rob599_mobile_robotics/Homework_4/pioneer_ws/install/stage:/home/liam-bouffard/Desktop/rob599_mobile_robotics/Homework_4/pioneer_ws/install/pioneer_interfaces:/home/liam-bouffard/Desktop/rob599_mobile_robotics/Homework_4/pioneer_ws/install/goal_target:/home/liam-bouffard/Desktop/rob599_mobile_robotics/Homework_3/pioneer_ws/install/stage_ros2:/home/liam-bouffard/Desktop/rob599_mobile_robotics/Homework_3/pioneer_ws/install/stage:/opt/ros/kilted/opt/gz_sim_vendor:/opt/ros/kilted/opt/gz_sensors_vendor:/opt/ros/kilted/opt/gz_physics_vendor:/opt/ros/kilted/opt/sdformat_vendor:/opt/ros/kilted/opt/gz_gui_vendor:/opt/ros/kilted/opt/gz_transport_vendor:/opt/ros/kilted/opt/gz_rendering_vendor:/opt/ros/kilted/opt/gz_plugin_vendor:/opt/ros/kilted/opt/gz_fuel_tools_vendor:/opt/ros/kilted/opt/gz_msgs_vendor:/opt/ros/kilted/opt/gz_common_vendor:/opt/ros/kilted/opt/gz_math_vendor:/opt/ros/kilted/opt/gz_utils_vendor:/opt/ros/kilted/opt/gz_tools_vendor:/opt/ros/kilted/opt/gz_ogre_next_vendor:/opt/ros/kilted/opt/gz_dartsim_vendor:/opt/ros/kilted/opt/gz_cmake_vendor DEBUGINFOD_URLS=https://debuginfod.ubuntu.com /usr/bin/cmake --install /home/liam-bouffard/Desktop/rob599_mobile_robotics/Homework_4/pioneer_ws/build/goal_target
[0.630s] Level 1:colcon.colcon_core.environment:checking '/home/liam-bouffard/Desktop/rob599_mobile_robotics/Homework_4/pioneer_ws/install/goal_target' for CMake config files
[0.631s] Level 1:colcon.colcon_core.shell:create_environment_hook('goal_target', 'cmake_prefix_path')
[0.632s] INFO:colcon.colcon_core.shell:Creating environment hook '/home/liam-bouffard/Desktop/rob599_mobile_robotics/Homework_4/pioneer_ws/install/goal_target/share/goal_target/hook/cmake_prefix_path.ps1'
[0.632s] INFO:colcon.colcon_core.shell:Creating environment descriptor '/home/liam-bouffard/Desktop/rob599_mobile_robotics/Homework_4/pioneer_ws/install/goal_target/share/goal_target/hook/cmake_prefix_path.dsv'
[0.633s] INFO:colcon.colcon_core.shell:Creating environment hook '/home/liam-bouffard/Desktop/rob599_mobile_robotics/Homework_4/pioneer_ws/install/goal_target/share/goal_target/hook/cmake_prefix_path.sh'
[0.633s] Level 1:colcon.colcon_core.environment:checking '/home/liam-bouffard/Desktop/rob599_mobile_robotics/Homework_4/pioneer_ws/install/goal_target/lib'
[0.633s] Level 1:colcon.colcon_core.shell:create_environment_hook('goal_target', 'ld_library_path_lib')
[0.634s] INFO:colcon.colcon_core.shell:Creating environment hook '/home/liam-bouffard/Desktop/rob599_mobile_robotics/Homework_4/pioneer_ws/install/goal_target/share/goal_target/hook/ld_library_path_lib.ps1'
[0.634s] INFO:colcon.colcon_core.shell:Creating environment descriptor '/home/liam-bouffard/Desktop/rob599_mobile_robotics/Homework_4/pioneer_ws/install/goal_target/share/goal_target/hook/ld_library_path_lib.dsv'
[0.634s] INFO:colcon.colcon_core.shell:Creating environment hook '/home/liam-bouffard/Desktop/rob599_mobile_robotics/Homework_4/pioneer_ws/install/goal_target/share/goal_target/hook/ld_library_path_lib.sh'
[0.634s] Level 1:colcon.colcon_core.environment:checking '/home/liam-bouffard/Desktop/rob599_mobile_robotics/Homework_4/pioneer_ws/install/goal_target/bin'
[0.634s] Level 1:colcon.colcon_core.environment:checking '/home/liam-bouffard/Desktop/rob599_mobile_robotics/Homework_4/pioneer_ws/install/goal_target/lib/pkgconfig/goal_target.pc'
[0.635s] Level 1:colcon.colcon_core.environment:checking '/home/liam-bouffard/Desktop/rob599_mobile_robotics/Homework_4/pioneer_ws/install/goal_target/lib/python3.12/site-packages'
[0.635s] Level 1:colcon.colcon_core.shell:create_environment_hook('goal_target', 'pythonpath')
[0.635s] INFO:colcon.colcon_core.shell:Creating environment hook '/home/liam-bouffard/Desktop/rob599_mobile_robotics/Homework_4/pioneer_ws/install/goal_target/share/goal_target/hook/pythonpath.ps1'
[0.635s] INFO:colcon.colcon_core.shell:Creating environment descriptor '/home/liam-bouffard/Desktop/rob599_mobile_robotics/Homework_4/pioneer_ws/install/goal_target/share/goal_target/hook/pythonpath.dsv'
[0.635s] INFO:colcon.colcon_core.shell:Creating environment hook '/home/liam-bouffard/Desktop/rob599_mobile_robotics/Homework_4/pioneer_ws/install/goal_target/share/goal_target/hook/pythonpath.sh'
[0.636s] Level 1:colcon.colcon_core.environment:checking '/home/liam-bouffard/Desktop/rob599_mobile_robotics/Homework_4/pioneer_ws/install/goal_target/bin'
[0.636s] INFO:colcon.colcon_core.shell:Creating package script '/home/liam-bouffard/Desktop/rob599_mobile_robotics/Homework_4/pioneer_ws/install/goal_target/share/goal_target/package.ps1'
[0.636s] INFO:colcon.colcon_core.shell:Creating package descriptor '/home/liam-bouffard/Desktop/rob599_mobile_robotics/Homework_4/pioneer_ws/install/goal_target/share/goal_target/package.dsv'
[0.637s] INFO:colcon.colcon_core.shell:Creating package script '/home/liam-bouffard/Desktop/rob599_mobile_robotics/Homework_4/pioneer_ws/install/goal_target/share/goal_target/package.sh'
[0.637s] INFO:colcon.colcon_core.shell:Creating package script '/home/liam-bouffard/Desktop/rob599_mobile_robotics/Homework_4/pioneer_ws/install/goal_target/share/goal_target/package.bash'
[0.637s] INFO:colcon.colcon_core.shell:Creating package script '/home/liam-bouffard/Desktop/rob599_mobile_robotics/Homework_4/pioneer_ws/install/goal_target/share/goal_target/package.zsh'
[0.637s] Level 1:colcon.colcon_core.environment:create_file_with_runtime_dependencies(/home/liam-bouffard/Desktop/rob599_mobile_robotics/Homework_4/pioneer_ws/install/goal_target/share/colcon-core/packages/goal_target)
[0.638s] Level 1:colcon.colcon_core.environment:create_environment_scripts_only(goal_target)
[0.638s] Level 1:colcon.colcon_core.environment:checking '/home/liam-bouffard/Desktop/rob599_mobile_robotics/Homework_4/pioneer_ws/install/goal_target' for CMake module files
[0.638s] Level 1:colcon.colcon_core.environment:checking '/home/liam-bouffard/Desktop/rob599_mobile_robotics/Homework_4/pioneer_ws/install/goal_target' for CMake config files
[0.638s] Level 1:colcon.colcon_core.shell:create_environment_hook('goal_target', 'cmake_prefix_path')
[0.638s] INFO:colcon.colcon_core.shell:Creating environment hook '/home/liam-bouffard/Desktop/rob599_mobile_robotics/Homework_4/pioneer_ws/install/goal_target/share/goal_target/hook/cmake_prefix_path.ps1'
[0.639s] INFO:colcon.colcon_core.shell:Creating environment descriptor '/home/liam-bouffard/Desktop/rob599_mobile_robotics/Homework_4/pioneer_ws/install/goal_target/share/goal_target/hook/cmake_prefix_path.dsv'
[0.639s] INFO:colcon.colcon_core.shell:Creating environment hook '/home/liam-bouffard/Desktop/rob599_mobile_robotics/Homework_4/pioneer_ws/install/goal_target/share/goal_target/hook/cmake_prefix_path.sh'
[0.639s] Level 1:colcon.colcon_core.environment:checking '/home/liam-bouffard/Desktop/rob599_mobile_robotics/Homework_4/pioneer_ws/install/goal_target/lib'
[0.639s] Level 1:colcon.colcon_core.shell:create_environment_hook('goal_target', 'ld_library_path_lib')
[0.639s] INFO:colcon.colcon_core.shell:Creating environment hook '/home/liam-bouffard/Desktop/rob599_mobile_robotics/Homework_4/pioneer_ws/install/goal_target/share/goal_target/hook/ld_library_path_lib.ps1'
[0.640s] INFO:colcon.colcon_core.shell:Creating environment descriptor '/home/liam-bouffard/Desktop/rob599_mobile_robotics/Homework_4/pioneer_ws/install/goal_target/share/goal_target/hook/ld_library_path_lib.dsv'
[0.640s] INFO:colcon.colcon_core.shell:Creating environment hook '/home/liam-bouffard/Desktop/rob599_mobile_robotics/Homework_4/pioneer_ws/install/goal_target/share/goal_target/hook/ld_library_path_lib.sh'
[0.640s] Level 1:colcon.colcon_core.environment:checking '/home/liam-bouffard/Desktop/rob599_mobile_robotics/Homework_4/pioneer_ws/install/goal_target/bin'
[0.640s] Level 1:colcon.colcon_core.environment:checking '/home/liam-bouffard/Desktop/rob599_mobile_robotics/Homework_4/pioneer_ws/install/goal_target/lib/pkgconfig/goal_target.pc'
[0.640s] Level 1:colcon.colcon_core.environment:checking '/home/liam-bouffard/Desktop/rob599_mobile_robotics/Homework_4/pioneer_ws/install/goal_target/lib/python3.12/site-packages'
[0.640s] Level 1:colcon.colcon_core.shell:create_environment_hook('goal_target', 'pythonpath')
[0.640s] INFO:colcon.colcon_core.shell:Creating environment hook '/home/liam-bouffard/Desktop/rob599_mobile_robotics/Homework_4/pioneer_ws/install/goal_target/share/goal_target/hook/pythonpath.ps1'
[0.641s] INFO:colcon.colcon_core.shell:Creating environment descriptor '/home/liam-bouffard/Desktop/rob599_mobile_robotics/Homework_4/pioneer_ws/install/goal_target/share/goal_target/hook/pythonpath.dsv'
[0.641s] INFO:colcon.colcon_core.shell:Creating environment hook '/home/liam-bouffard/Desktop/rob599_mobile_robotics/Homework_4/pioneer_ws/install/goal_target/share/goal_target/hook/pythonpath.sh'
[0.641s] Level 1:colcon.colcon_core.environment:checking '/home/liam-bouffard/Desktop/rob599_mobile_robotics/Homework_4/pioneer_ws/install/goal_target/bin'
[0.641s] INFO:colcon.colcon_core.shell:Creating package script '/home/liam-bouffard/Desktop/rob599_mobile_robotics/Homework_4/pioneer_ws/install/goal_target/share/goal_target/package.ps1'
[0.642s] INFO:colcon.colcon_core.shell:Creating package descriptor '/home/liam-bouffard/Desktop/rob599_mobile_robotics/Homework_4/pioneer_ws/install/goal_target/share/goal_target/package.dsv'
[0.642s] INFO:colcon.colcon_core.shell:Creating package script '/home/liam-bouffard/Desktop/rob599_mobile_robotics/Homework_4/pioneer_ws/install/goal_target/share/goal_target/package.sh'
[0.642s] INFO:colcon.colcon_core.shell:Creating package script '/home/liam-bouffard/Desktop/rob599_mobile_robotics/Homework_4/pioneer_ws/install/goal_target/share/goal_target/package.bash'
[0.642s] INFO:colcon.colcon_core.shell:Creating package script '/home/liam-bouffard/Desktop/rob599_mobile_robotics/Homework_4/pioneer_ws/install/goal_target/share/goal_target/package.zsh'
[0.642s] Level 1:colcon.colcon_core.environment:create_file_with_runtime_dependencies(/home/liam-bouffard/Desktop/rob599_mobile_robotics/Homework_4/pioneer_ws/install/goal_target/share/colcon-core/packages/goal_target)
[0.643s] Level 1:colcon.colcon_core.environment:create_environment_scripts_only(pioneer_interfaces)
[0.644s] Level 1:colcon.colcon_core.environment:checking '/home/liam-bouffard/Desktop/rob599_mobile_robotics/Homework_4/pioneer_ws/install/pioneer_interfaces' for CMake module files
[0.644s] DEBUG:colcon.colcon_core.event_handler.log_command:Invoked command in '/home/liam-bouffard/Desktop/rob599_mobile_robotics/Homework_4/pioneer_ws/build/pioneer_interfaces' returned '0': CMAKE_PREFIX_PATH=/home/liam-bouffard/Desktop/rob599_mobile_robotics/Homework_4/pioneer_ws/install/stage_ros2:/home/liam-bouffard/Desktop/rob599_mobile_robotics/Homework_4/pioneer_ws/install/pioneer:/home/liam-bouffard/Desktop/rob599_mobile_robotics/Homework_3/pioneer_ws/install/start_robot:/home/liam-bouffard/Desktop/rob599_mobile_robotics/Homework_3/pioneer_ws/install/pioneer:/home/liam-bouffard/Desktop/rob599_mobile_robotics/Homework_3/pioneer_ws/install/pioneer_interfaces:/home/liam-bouffard/Desktop/rob599_mobile_robotics/Homework_3/pioneer_ws/install/goal_target:/opt/ros/kilted:/home/liam-bouffard/Desktop/rob599_mobile_robotics/Homework_4/pioneer_ws/install/stage:/home/liam-bouffard/Desktop/rob599_mobile_robotics/Homework_4/pioneer_ws/install/pioneer_interfaces:/home/liam-bouffard/Desktop/rob599_mobile_robotics/Homework_4/pioneer_ws/install/goal_target:/home/liam-bouffard/Desktop/rob599_mobile_robotics/Homework_3/pioneer_ws/install/stage_ros2:/home/liam-bouffard/Desktop/rob599_mobile_robotics/Homework_3/pioneer_ws/install/stage:/opt/ros/kilted/opt/gz_sim_vendor:/opt/ros/kilted/opt/gz_sensors_vendor:/opt/ros/kilted/opt/gz_physics_vendor:/opt/ros/kilted/opt/sdformat_vendor:/opt/ros/kilted/opt/gz_gui_vendor:/opt/ros/kilted/opt/gz_transport_vendor:/opt/ros/kilted/opt/gz_rendering_vendor:/opt/ros/kilted/opt/gz_plugin_vendor:/opt/ros/kilted/opt/gz_fuel_tools_vendor:/opt/ros/kilted/opt/gz_msgs_vendor:/opt/ros/kilted/opt/gz_common_vendor:/opt/ros/kilted/opt/gz_math_vendor:/opt/ros/kilted/opt/gz_utils_vendor:/opt/ros/kilted/opt/gz_tools_vendor:/opt/ros/kilted/opt/gz_ogre_next_vendor:/opt/ros/kilted/opt/gz_dartsim_vendor:/opt/ros/kilted/opt/gz_cmake_vendor DEBUGINFOD_URLS=https://debuginfod.ubuntu.com /usr/bin/cmake --install /home/liam-bouffard/Desktop/rob599_mobile_robotics/Homework_4/pioneer_ws/build/pioneer_interfaces
[0.645s] Level 1:colcon.colcon_core.environment:checking '/home/liam-bouffard/Desktop/rob599_mobile_robotics/Homework_4/pioneer_ws/install/pioneer_interfaces' for CMake config files
[0.646s] Level 1:colcon.colcon_core.shell:create_environment_hook('pioneer_interfaces', 'cmake_prefix_path')
[0.646s] INFO:colcon.colcon_core.shell:Creating environment hook '/home/liam-bouffard/Desktop/rob599_mobile_robotics/Homework_4/pioneer_ws/install/pioneer_interfaces/share/pioneer_interfaces/hook/cmake_prefix_path.ps1'
[0.646s] INFO:colcon.colcon_core.shell:Creating environment descriptor '/home/liam-bouffard/Desktop/rob599_mobile_robotics/Homework_4/pioneer_ws/install/pioneer_interfaces/share/pioneer_interfaces/hook/cmake_prefix_path.dsv'
[0.646s] INFO:colcon.colcon_core.shell:Creating environment hook '/home/liam-bouffard/Desktop/rob599_mobile_robotics/Homework_4/pioneer_ws/install/pioneer_interfaces/share/pioneer_interfaces/hook/cmake_prefix_path.sh'
[0.647s] Level 1:colcon.colcon_core.environment:checking '/home/liam-bouffard/Desktop/rob599_mobile_robotics/Homework_4/pioneer_ws/install/pioneer_interfaces/lib'
[0.647s] Level 1:colcon.colcon_core.shell:create_environment_hook('pioneer_interfaces', 'ld_library_path_lib')
[0.647s] INFO:colcon.colcon_core.shell:Creating environment hook '/home/liam-bouffard/Desktop/rob599_mobile_robotics/Homework_4/pioneer_ws/install/pioneer_interfaces/share/pioneer_interfaces/hook/ld_library_path_lib.ps1'
[0.647s] INFO:colcon.colcon_core.shell:Creating environment descriptor '/home/liam-bouffard/Desktop/rob599_mobile_robotics/Homework_4/pioneer_ws/install/pioneer_interfaces/share/pioneer_interfaces/hook/ld_library_path_lib.dsv'
[0.647s] INFO:colcon.colcon_core.shell:Creating environment hook '/home/liam-bouffard/Desktop/rob599_mobile_robotics/Homework_4/pioneer_ws/install/pioneer_interfaces/share/pioneer_interfaces/hook/ld_library_path_lib.sh'
[0.647s] Level 1:colcon.colcon_core.environment:checking '/home/liam-bouffard/Desktop/rob599_mobile_robotics/Homework_4/pioneer_ws/install/pioneer_interfaces/bin'
[0.647s] Level 1:colcon.colcon_core.environment:checking '/home/liam-bouffard/Desktop/rob599_mobile_robotics/Homework_4/pioneer_ws/install/pioneer_interfaces/lib/pkgconfig/pioneer_interfaces.pc'
[0.648s] Level 1:colcon.colcon_core.environment:checking '/home/liam-bouffard/Desktop/rob599_mobile_robotics/Homework_4/pioneer_ws/install/pioneer_interfaces/lib/python3.12/site-packages'
[0.648s] Level 1:colcon.colcon_core.shell:create_environment_hook('pioneer_interfaces', 'pythonpath')
[0.648s] INFO:colcon.colcon_core.shell:Creating environment hook '/home/liam-bouffard/Desktop/rob599_mobile_robotics/Homework_4/pioneer_ws/install/pioneer_interfaces/share/pioneer_interfaces/hook/pythonpath.ps1'
[0.648s] INFO:colcon.colcon_core.shell:Creating environment descriptor '/home/liam-bouffard/Desktop/rob599_mobile_robotics/Homework_4/pioneer_ws/install/pioneer_interfaces/share/pioneer_interfaces/hook/pythonpath.dsv'
[0.648s] INFO:colcon.colcon_core.shell:Creating environment hook '/home/liam-bouffard/Desktop/rob599_mobile_robotics/Homework_4/pioneer_ws/install/pioneer_interfaces/share/pioneer_interfaces/hook/pythonpath.sh'
[0.649s] Level 1:colcon.colcon_core.environment:checking '/home/liam-bouffard/Desktop/rob599_mobile_robotics/Homework_4/pioneer_ws/install/pioneer_interfaces/bin'
[0.649s] INFO:colcon.colcon_core.shell:Creating package script '/home/liam-bouffard/Desktop/rob599_mobile_robotics/Homework_4/pioneer_ws/install/pioneer_interfaces/share/pioneer_interfaces/package.ps1'
[0.649s] INFO:colcon.colcon_core.shell:Creating package descriptor '/home/liam-bouffard/Desktop/rob599_mobile_robotics/Homework_4/pioneer_ws/install/pioneer_interfaces/share/pioneer_interfaces/package.dsv'
[0.650s] INFO:colcon.colcon_core.shell:Creating package script '/home/liam-bouffard/Desktop/rob599_mobile_robotics/Homework_4/pioneer_ws/install/pioneer_interfaces/share/pioneer_interfaces/package.sh'
[0.650s] INFO:colcon.colcon_core.shell:Creating package script '/home/liam-bouffard/Desktop/rob599_mobile_robotics/Homework_4/pioneer_ws/install/pioneer_interfaces/share/pioneer_interfaces/package.bash'
[0.650s] INFO:colcon.colcon_core.shell:Creating package script '/home/liam-bouffard/Desktop/rob599_mobile_robotics/Homework_4/pioneer_ws/install/pioneer_interfaces/share/pioneer_interfaces/package.zsh'
[0.659s] Level 1:colcon.colcon_core.environment:create_file_with_runtime_dependencies(/home/liam-bouffard/Desktop/rob599_mobile_robotics/Homework_4/pioneer_ws/install/pioneer_interfaces/share/colcon-core/packages/pioneer_interfaces)
[0.660s] Level 1:colcon.colcon_core.environment:create_environment_scripts_only(pioneer_interfaces)
[0.660s] Level 1:colcon.colcon_core.environment:checking '/home/liam-bouffard/Desktop/rob599_mobile_robotics/Homework_4/pioneer_ws/install/pioneer_interfaces' for CMake module files
[0.660s] Level 1:colcon.colcon_core.environment:checking '/home/liam-bouffard/Desktop/rob599_mobile_robotics/Homework_4/pioneer_ws/install/pioneer_interfaces' for CMake config files
[0.661s] Level 1:colcon.colcon_core.shell:create_environment_hook('pioneer_interfaces', 'cmake_prefix_path')
[0.661s] INFO:colcon.colcon_core.shell:Creating environment hook '/home/liam-bouffard/Desktop/rob599_mobile_robotics/Homework_4/pioneer_ws/install/pioneer_interfaces/share/pioneer_interfaces/hook/cmake_prefix_path.ps1'
[0.661s] INFO:colcon.colcon_core.shell:Creating environment descriptor '/home/liam-bouffard/Desktop/rob599_mobile_robotics/Homework_4/pioneer_ws/install/pioneer_interfaces/share/pioneer_interfaces/hook/cmake_prefix_path.dsv'
[0.661s] INFO:colcon.colcon_core.shell:Creating environment hook '/home/liam-bouffard/Desktop/rob599_mobile_robotics/Homework_4/pioneer_ws/install/pioneer_interfaces/share/pioneer_interfaces/hook/cmake_prefix_path.sh'
[0.661s] Level 1:colcon.colcon_core.environment:checking '/home/liam-bouffard/Desktop/rob599_mobile_robotics/Homework_4/pioneer_ws/install/pioneer_interfaces/lib'
[0.661s] Level 1:colcon.colcon_core.shell:create_environment_hook('pioneer_interfaces', 'ld_library_path_lib')
[0.662s] INFO:colcon.colcon_core.shell:Creating environment hook '/home/liam-bouffard/Desktop/rob599_mobile_robotics/Homework_4/pioneer_ws/install/pioneer_interfaces/share/pioneer_interfaces/hook/ld_library_path_lib.ps1'
[0.662s] INFO:colcon.colcon_core.shell:Creating environment descriptor '/home/liam-bouffard/Desktop/rob599_mobile_robotics/Homework_4/pioneer_ws/install/pioneer_interfaces/share/pioneer_interfaces/hook/ld_library_path_lib.dsv'
[0.662s] INFO:colcon.colcon_core.shell:Creating environment hook '/home/liam-bouffard/Desktop/rob599_mobile_robotics/Homework_4/pioneer_ws/install/pioneer_interfaces/share/pioneer_interfaces/hook/ld_library_path_lib.sh'
[0.662s] Level 1:colcon.colcon_core.environment:checking '/home/liam-bouffard/Desktop/rob599_mobile_robotics/Homework_4/pioneer_ws/install/pioneer_interfaces/bin'
[0.662s] Level 1:colcon.colcon_core.environment:checking '/home/liam-bouffard/Desktop/rob599_mobile_robotics/Homework_4/pioneer_ws/install/pioneer_interfaces/lib/pkgconfig/pioneer_interfaces.pc'
[0.662s] Level 1:colcon.colcon_core.environment:checking '/home/liam-bouffard/Desktop/rob599_mobile_robotics/Homework_4/pioneer_ws/install/pioneer_interfaces/lib/python3.12/site-packages'
[0.662s] Level 1:colcon.colcon_core.shell:create_environment_hook('pioneer_interfaces', 'pythonpath')
[0.663s] INFO:colcon.colcon_core.shell:Creating environment hook '/home/liam-bouffard/Desktop/rob599_mobile_robotics/Homework_4/pioneer_ws/install/pioneer_interfaces/share/pioneer_interfaces/hook/pythonpath.ps1'
[0.663s] INFO:colcon.colcon_core.shell:Creating environment descriptor '/home/liam-bouffard/Desktop/rob599_mobile_robotics/Homework_4/pioneer_ws/install/pioneer_interfaces/share/pioneer_interfaces/hook/pythonpath.dsv'
[0.663s] INFO:colcon.colcon_core.shell:Creating environment hook '/home/liam-bouffard/Desktop/rob599_mobile_robotics/Homework_4/pioneer_ws/install/pioneer_interfaces/share/pioneer_interfaces/hook/pythonpath.sh'
[0.663s] Level 1:colcon.colcon_core.environment:checking '/home/liam-bouffard/Desktop/rob599_mobile_robotics/Homework_4/pioneer_ws/install/pioneer_interfaces/bin'
[0.664s] INFO:colcon.colcon_core.shell:Creating package script '/home/liam-bouffard/Desktop/rob599_mobile_robotics/Homework_4/pioneer_ws/install/pioneer_interfaces/share/pioneer_interfaces/package.ps1'
[0.664s] INFO:colcon.colcon_core.shell:Creating package descriptor '/home/liam-bouffard/Desktop/rob599_mobile_robotics/Homework_4/pioneer_ws/install/pioneer_interfaces/share/pioneer_interfaces/package.dsv'
[0.664s] INFO:colcon.colcon_core.shell:Creating package script '/home/liam-bouffard/Desktop/rob599_mobile_robotics/Homework_4/pioneer_ws/install/pioneer_interfaces/share/pioneer_interfaces/package.sh'
[0.664s] INFO:colcon.colcon_core.shell:Creating package script '/home/liam-bouffard/Desktop/rob599_mobile_robotics/Homework_4/pioneer_ws/install/pioneer_interfaces/share/pioneer_interfaces/package.bash'
[0.665s] INFO:colcon.colcon_core.shell:Creating package script '/home/liam-bouffard/Desktop/rob599_mobile_robotics/Homework_4/pioneer_ws/install/pioneer_interfaces/share/pioneer_interfaces/package.zsh'
[0.665s] Level 1:colcon.colcon_core.environment:create_file_with_runtime_dependencies(/home/liam-bouffard/Desktop/rob599_mobile_robotics/Homework_4/pioneer_ws/install/pioneer_interfaces/share/colcon-core/packages/pioneer_interfaces)
[0.665s] INFO:colcon.colcon_ros.task.ament_python.build:Building ROS package in '/home/liam-bouffard/Desktop/rob599_mobile_robotics/Homework_4/pioneer_ws/src/pioneer' with build type 'ament_python'
[0.665s] Level 1:colcon.colcon_core.shell:create_environment_hook('pioneer', 'ament_prefix_path')
[0.665s] INFO:colcon.colcon_core.shell:Creating environment hook '/home/liam-bouffard/Desktop/rob599_mobile_robotics/Homework_4/pioneer_ws/install/pioneer/share/pioneer/hook/ament_prefix_path.ps1'
[0.666s] INFO:colcon.colcon_core.shell:Creating environment descriptor '/home/liam-bouffard/Desktop/rob599_mobile_robotics/Homework_4/pioneer_ws/install/pioneer/share/pioneer/hook/ament_prefix_path.dsv'
[0.666s] INFO:colcon.colcon_core.shell:Creating environment hook '/home/liam-bouffard/Desktop/rob599_mobile_robotics/Homework_4/pioneer_ws/install/pioneer/share/pioneer/hook/ament_prefix_path.sh'
[0.667s] INFO:colcon.colcon_core.shell:Skip shell extension 'powershell' for command environment: Not usable outside of PowerShell
[0.667s] DEBUG:colcon.colcon_core.shell:Skip shell extension 'dsv' for command environment
[0.853s] INFO:colcon.colcon_core.task.python.build:Building Python package in '/home/liam-bouffard/Desktop/rob599_mobile_robotics/Homework_4/pioneer_ws/src/pioneer'
[0.853s] INFO:colcon.colcon_core.shell:Skip shell extension 'powershell' for command environment: Not usable outside of PowerShell
[0.853s] DEBUG:colcon.colcon_core.shell:Skip shell extension 'dsv' for command environment
[1.361s] DEBUG:colcon.colcon_core.event_handler.log_command:Invoking command in '/home/liam-bouffard/Desktop/rob599_mobile_robotics/Homework_4/pioneer_ws/src/pioneer': CMAKE_PREFIX_PATH=/home/liam-bouffard/Desktop/rob599_mobile_robotics/Homework_4/pioneer_ws/install/pioneer_interfaces:/home/liam-bouffard/Desktop/rob599_mobile_robotics/Homework_4/pioneer_ws/install/goal_target:/home/liam-bouffard/Desktop/rob599_mobile_robotics/Homework_4/pioneer_ws/install/stage_ros2:/home/liam-bouffard/Desktop/rob599_mobile_robotics/Homework_4/pioneer_ws/install/stage:/home/liam-bouffard/Desktop/rob599_mobile_robotics/Homework_3/pioneer_ws/install/stage_ros2:/home/liam-bouffard/Desktop/rob599_mobile_robotics/Homework_3/pioneer_ws/install/stage:/opt/ros/kilted/opt/gz_sim_vendor:/opt/ros/kilted/opt/gz_sensors_vendor:/opt/ros/kilted/opt/gz_physics_vendor:/opt/ros/kilted/opt/sdformat_vendor:/opt/ros/kilted/opt/gz_gui_vendor:/opt/ros/kilted/opt/gz_transport_vendor:/opt/ros/kilted/opt/gz_rendering_vendor:/opt/ros/kilted/opt/gz_plugin_vendor:/opt/ros/kilted/opt/gz_fuel_tools_vendor:/opt/ros/kilted/opt/gz_msgs_vendor:/opt/ros/kilted/opt/gz_common_vendor:/opt/ros/kilted/opt/gz_math_vendor:/opt/ros/kilted/opt/gz_utils_vendor:/opt/ros/kilted/opt/gz_tools_vendor:/opt/ros/kilted/opt/gz_ogre_next_vendor:/opt/ros/kilted/opt/gz_dartsim_vendor:/opt/ros/kilted/opt/gz_cmake_vendor DEBUGINFOD_URLS=https://debuginfod.ubuntu.com LD_LIBRARY_PATH=/home/liam-bouffard/Desktop/rob599_mobile_robotics/Homework_4/pioneer_ws/install/pioneer_interfaces/lib:/home/liam-bouffard/Desktop/rob599_mobile_robotics/Homework_4/pioneer_ws/install/goal_target/lib:/home/liam-bouffard/Desktop/rob599_mobile_robotics/Homework_4/pioneer_ws/install/stage_ros2/lib:/home/liam-bouffard/Desktop/rob599_mobile_robotics/Homework_4/pioneer_ws/install/stage/lib:/home/liam-bouffard/Desktop/rob599_mobile_robotics/Homework_3/pioneer_ws/install/stage_ros2/lib:/home/liam-bouffard/Desktop/rob599_mobile_robotics/Homework_3/pioneer_ws/install/stage/lib:/home/liam-bouffard/Desktop/rob599_mobile_robotics/Homework_3/pioneer_ws/install/pioneer_interfaces/lib:/home/liam-bouffard/Desktop/rob599_mobile_robotics/Homework_3/pioneer_ws/install/goal_target/lib:/opt/ros/kilted/opt/zenoh_cpp_vendor/lib:/opt/ros/kilted/opt/gz_sim_vendor/lib:/opt/ros/kilted/opt/gz_sensors_vendor/lib:/opt/ros/kilted/opt/gz_physics_vendor/lib:/opt/ros/kilted/opt/sdformat_vendor/lib:/opt/ros/kilted/opt/gz_gui_vendor/lib:/opt/ros/kilted/opt/gz_transport_vendor/lib:/opt/ros/kilted/opt/gz_rendering_vendor/lib:/opt/ros/kilted/opt/gz_plugin_vendor/lib:/opt/ros/kilted/opt/gz_fuel_tools_vendor/lib:/opt/ros/kilted/opt/gz_msgs_vendor/lib:/opt/ros/kilted/opt/gz_common_vendor/lib:/opt/ros/kilted/opt/gz_math_vendor/lib:/opt/ros/kilted/opt/gz_utils_vendor/lib:/opt/ros/kilted/opt/rviz_ogre_vendor/lib:/opt/ros/kilted/lib/x86_64-linux-gnu:/opt/ros/kilted/opt/gz_tools_vendor/lib:/opt/ros/kilted/opt/gz_ogre_next_vendor/lib:/opt/ros/kilted/opt/gz_dartsim_vendor/lib:/opt/ros/kilted/opt/gz_cmake_vendor/lib:/opt/ros/kilted/lib PYTHONPATH=/home/liam-bouffard/Desktop/rob599_mobile_robotics/Homework_4/pioneer_ws/build/pioneer/prefix_override:/usr/lib/python3/dist-packages/colcon_core/task/python/colcon_distutils_commands:/home/liam-bouffard/Desktop/rob599_mobile_robotics/Homework_4/pioneer_ws/install/pioneer/lib/python3.12/site-packages:/home/liam-bouffard/Desktop/rob599_mobile_robotics/Homework_4/pioneer_ws/install/pioneer_interfaces/lib/python3.12/site-packages:/home/liam-bouffard/Desktop/rob599_mobile_robotics/Homework_4/pioneer_ws/install/goal_target/lib/python3.12/site-packages:/home/liam-bouffard/Desktop/rob599_mobile_robotics/Homework_4/pioneer_ws/build/pioneer:/home/liam-bouffard/Desktop/rob599_mobile_robotics/Homework_4/pioneer_ws/install/pioneer/lib/python3.12/site-packages:/home/liam-bouffard/Desktop/rob599_mobile_robotics/Homework_3/pioneer_ws/build/start_robot:/home/liam-bouffard/Desktop/rob599_mobile_robotics/Homework_3/pioneer_ws/install/start_robot/lib/python3.12/site-packages:/home/liam-bouffard/Desktop/rob599_mobile_robotics/Homework_3/pioneer_ws/build/pioneer:/home/liam-bouffard/Desktop/rob599_mobile_robotics/Homework_3/pioneer_ws/install/pioneer/lib/python3.12/site-packages:/home/liam-bouffard/Desktop/rob599_mobile_robotics/Homework_3/pioneer_ws/install/pioneer_interfaces/lib/python3.12/site-packages:/home/liam-bouffard/Desktop/rob599_mobile_robotics/Homework_3/pioneer_ws/install/goal_target/lib/python3.12/site-packages:/opt/ros/kilted/lib/python3.12/site-packages /usr/bin/python3 -W ignore:setup.py install is deprecated -W ignore:easy_install command is deprecated setup.py egg_info --egg-base ../../build/pioneer build --build-base /home/liam-bouffard/Desktop/rob599_mobile_robotics/Homework_4/pioneer_ws/build/pioneer/build install --record /home/liam-bouffard/Desktop/rob599_mobile_robotics/Homework_4/pioneer_ws/build/pioneer/install.log --single-version-externally-managed install_data
[1.822s] Level 1:colcon.colcon_core.environment:checking '/home/liam-bouffard/Desktop/rob599_mobile_robotics/Homework_4/pioneer_ws/install/pioneer' for CMake module files
[1.823s] DEBUG:colcon.colcon_core.event_handler.log_command:Invoked command in '/home/liam-bouffard/Desktop/rob599_mobile_robotics/Homework_4/pioneer_ws/src/pioneer' returned '0': CMAKE_PREFIX_PATH=/home/liam-bouffard/Desktop/rob599_mobile_robotics/Homework_4/pioneer_ws/install/pioneer_interfaces:/home/liam-bouffard/Desktop/rob599_mobile_robotics/Homework_4/pioneer_ws/install/goal_target:/home/liam-bouffard/Desktop/rob599_mobile_robotics/Homework_4/pioneer_ws/install/stage_ros2:/home/liam-bouffard/Desktop/rob599_mobile_robotics/Homework_4/pioneer_ws/install/stage:/home/liam-bouffard/Desktop/rob599_mobile_robotics/Homework_3/pioneer_ws/install/stage_ros2:/home/liam-bouffard/Desktop/rob599_mobile_robotics/Homework_3/pioneer_ws/install/stage:/opt/ros/kilted/opt/gz_sim_vendor:/opt/ros/kilted/opt/gz_sensors_vendor:/opt/ros/kilted/opt/gz_physics_vendor:/opt/ros/kilted/opt/sdformat_vendor:/opt/ros/kilted/opt/gz_gui_vendor:/opt/ros/kilted/opt/gz_transport_vendor:/opt/ros/kilted/opt/gz_rendering_vendor:/opt/ros/kilted/opt/gz_plugin_vendor:/opt/ros/kilted/opt/gz_fuel_tools_vendor:/opt/ros/kilted/opt/gz_msgs_vendor:/opt/ros/kilted/opt/gz_common_vendor:/opt/ros/kilted/opt/gz_math_vendor:/opt/ros/kilted/opt/gz_utils_vendor:/opt/ros/kilted/opt/gz_tools_vendor:/opt/ros/kilted/opt/gz_ogre_next_vendor:/opt/ros/kilted/opt/gz_dartsim_vendor:/opt/ros/kilted/opt/gz_cmake_vendor DEBUGINFOD_URLS=https://debuginfod.ubuntu.com LD_LIBRARY_PATH=/home/liam-bouffard/Desktop/rob599_mobile_robotics/Homework_4/pioneer_ws/install/pioneer_interfaces/lib:/home/liam-bouffard/Desktop/rob599_mobile_robotics/Homework_4/pioneer_ws/install/goal_target/lib:/home/liam-bouffard/Desktop/rob599_mobile_robotics/Homework_4/pioneer_ws/install/stage_ros2/lib:/home/liam-bouffard/Desktop/rob599_mobile_robotics/Homework_4/pioneer_ws/install/stage/lib:/home/liam-bouffard/Desktop/rob599_mobile_robotics/Homework_3/pioneer_ws/install/stage_ros2/lib:/home/liam-bouffard/Desktop/rob599_mobile_robotics/Homework_3/pioneer_ws/install/stage/lib:/home/liam-bouffard/Desktop/rob599_mobile_robotics/Homework_3/pioneer_ws/install/pioneer_interfaces/lib:/home/liam-bouffard/Desktop/rob599_mobile_robotics/Homework_3/pioneer_ws/install/goal_target/lib:/opt/ros/kilted/opt/zenoh_cpp_vendor/lib:/opt/ros/kilted/opt/gz_sim_vendor/lib:/opt/ros/kilted/opt/gz_sensors_vendor/lib:/opt/ros/kilted/opt/gz_physics_vendor/lib:/opt/ros/kilted/opt/sdformat_vendor/lib:/opt/ros/kilted/opt/gz_gui_vendor/lib:/opt/ros/kilted/opt/gz_transport_vendor/lib:/opt/ros/kilted/opt/gz_rendering_vendor/lib:/opt/ros/kilted/opt/gz_plugin_vendor/lib:/opt/ros/kilted/opt/gz_fuel_tools_vendor/lib:/opt/ros/kilted/opt/gz_msgs_vendor/lib:/opt/ros/kilted/opt/gz_common_vendor/lib:/opt/ros/kilted/opt/gz_math_vendor/lib:/opt/ros/kilted/opt/gz_utils_vendor/lib:/opt/ros/kilted/opt/rviz_ogre_vendor/lib:/opt/ros/kilted/lib/x86_64-linux-gnu:/opt/ros/kilted/opt/gz_tools_vendor/lib:/opt/ros/kilted/opt/gz_ogre_next_vendor/lib:/opt/ros/kilted/opt/gz_dartsim_vendor/lib:/opt/ros/kilted/opt/gz_cmake_vendor/lib:/opt/ros/kilted/lib PYTHONPATH=/home/liam-bouffard/Desktop/rob599_mobile_robotics/Homework_4/pioneer_ws/build/pioneer/prefix_override:/usr/lib/python3/dist-packages/colcon_core/task/python/colcon_distutils_commands:/home/liam-bouffard/Desktop/rob599_mobile_robotics/Homework_4/pioneer_ws/install/pioneer/lib/python3.12/site-packages:/home/liam-bouffard/Desktop/rob599_mobile_robotics/Homework_4/pioneer_ws/install/pioneer_interfaces/lib/python3.12/site-packages:/home/liam-bouffard/Desktop/rob599_mobile_robotics/Homework_4/pioneer_ws/install/goal_target/lib/python3.12/site-packages:/home/liam-bouffard/Desktop/rob599_mobile_robotics/Homework_4/pioneer_ws/build/pioneer:/home/liam-bouffard/Desktop/rob599_mobile_robotics/Homework_4/pioneer_ws/install/pioneer/lib/python3.12/site-packages:/home/liam-bouffard/Desktop/rob599_mobile_robotics/Homework_3/pioneer_ws/build/start_robot:/home/liam-bouffard/Desktop/rob599_mobile_robotics/Homework_3/pioneer_ws/install/start_robot/lib/python3.12/site-packages:/home/liam-bouffard/Desktop/rob599_mobile_robotics/Homework_3/pioneer_ws/build/pioneer:/home/liam-bouffard/Desktop/rob599_mobile_robotics/Homework_3/pioneer_ws/install/pioneer/lib/python3.12/site-packages:/home/liam-bouffard/Desktop/rob599_mobile_robotics/Homework_3/pioneer_ws/install/pioneer_interfaces/lib/python3.12/site-packages:/home/liam-bouffard/Desktop/rob599_mobile_robotics/Homework_3/pioneer_ws/install/goal_target/lib/python3.12/site-packages:/opt/ros/kilted/lib/python3.12/site-packages /usr/bin/python3 -W ignore:setup.py install is deprecated -W ignore:easy_install command is deprecated setup.py egg_info --egg-base ../../build/pioneer build --build-base /home/liam-bouffard/Desktop/rob599_mobile_robotics/Homework_4/pioneer_ws/build/pioneer/build install --record /home/liam-bouffard/Desktop/rob599_mobile_robotics/Homework_4/pioneer_ws/build/pioneer/install.log --single-version-externally-managed install_data
[1.823s] Level 1:colcon.colcon_core.environment:checking '/home/liam-bouffard/Desktop/rob599_mobile_robotics/Homework_4/pioneer_ws/install/pioneer' for CMake config files
[1.824s] Level 1:colcon.colcon_core.environment:checking '/home/liam-bouffard/Desktop/rob599_mobile_robotics/Homework_4/pioneer_ws/install/pioneer/lib'
[1.824s] Level 1:colcon.colcon_core.environment:checking '/home/liam-bouffard/Desktop/rob599_mobile_robotics/Homework_4/pioneer_ws/install/pioneer/bin'
[1.824s] Level 1:colcon.colcon_core.environment:checking '/home/liam-bouffard/Desktop/rob599_mobile_robotics/Homework_4/pioneer_ws/install/pioneer/lib/pkgconfig/pioneer.pc'
[1.824s] Level 1:colcon.colcon_core.environment:checking '/home/liam-bouffard/Desktop/rob599_mobile_robotics/Homework_4/pioneer_ws/install/pioneer/lib/python3.12/site-packages'
[1.824s] Level 1:colcon.colcon_core.shell:create_environment_hook('pioneer', 'pythonpath')
[1.824s] INFO:colcon.colcon_core.shell:Creating environment hook '/home/liam-bouffard/Desktop/rob599_mobile_robotics/Homework_4/pioneer_ws/install/pioneer/share/pioneer/hook/pythonpath.ps1'
[1.825s] INFO:colcon.colcon_core.shell:Creating environment descriptor '/home/liam-bouffard/Desktop/rob599_mobile_robotics/Homework_4/pioneer_ws/install/pioneer/share/pioneer/hook/pythonpath.dsv'
[1.825s] INFO:colcon.colcon_core.shell:Creating environment hook '/home/liam-bouffard/Desktop/rob599_mobile_robotics/Homework_4/pioneer_ws/install/pioneer/share/pioneer/hook/pythonpath.sh'
[1.825s] Level 1:colcon.colcon_core.environment:checking '/home/liam-bouffard/Desktop/rob599_mobile_robotics/Homework_4/pioneer_ws/install/pioneer/bin'
[1.825s] Level 1:colcon.colcon_core.environment:create_environment_scripts_only(pioneer)
[1.826s] INFO:colcon.colcon_core.shell:Creating package script '/home/liam-bouffard/Desktop/rob599_mobile_robotics/Homework_4/pioneer_ws/install/pioneer/share/pioneer/package.ps1'
[1.826s] INFO:colcon.colcon_core.shell:Creating package descriptor '/home/liam-bouffard/Desktop/rob599_mobile_robotics/Homework_4/pioneer_ws/install/pioneer/share/pioneer/package.dsv'
[1.826s] INFO:colcon.colcon_core.shell:Creating package script '/home/liam-bouffard/Desktop/rob599_mobile_robotics/Homework_4/pioneer_ws/install/pioneer/share/pioneer/package.sh'
[1.826s] INFO:colcon.colcon_core.shell:Creating package script '/home/liam-bouffard/Desktop/rob599_mobile_robotics/Homework_4/pioneer_ws/install/pioneer/share/pioneer/package.bash'
[1.826s] INFO:colcon.colcon_core.shell:Creating package script '/home/liam-bouffard/Desktop/rob599_mobile_robotics/Homework_4/pioneer_ws/install/pioneer/share/pioneer/package.zsh'
[1.827s] Level 1:colcon.colcon_core.environment:create_file_with_runtime_dependencies(/home/liam-bouffard/Desktop/rob599_mobile_robotics/Homework_4/pioneer_ws/install/pioneer/share/colcon-core/packages/pioneer)
[1.827s] DEBUG:colcon.colcon_parallel_executor.executor.parallel:closing loop
[1.827s] DEBUG:colcon.colcon_parallel_executor.executor.parallel:loop closed
[1.827s] DEBUG:colcon.colcon_parallel_executor.executor.parallel:run_until_complete finished with '0'
[1.827s] DEBUG:colcon.colcon_core.event_reactor:joining thread
[1.832s] INFO:colcon.colcon_core.plugin_system:Skipping extension 'colcon_notification.desktop_notification.terminal_notifier': Not used on non-Darwin systems
[1.832s] INFO:colcon.colcon_core.plugin_system:Skipping extension 'colcon_notification.desktop_notification.win32': Not used on non-Windows systems
[1.832s] INFO:colcon.colcon_notification.desktop_notification:Sending desktop notification using 'notify2'
[1.844s] DEBUG:colcon.colcon_core.event_reactor:joined thread
[1.844s] INFO:colcon.colcon_core.shell:Creating prefix script '/home/liam-bouffard/Desktop/rob599_mobile_robotics/Homework_4/pioneer_ws/install/local_setup.ps1'
[1.845s] INFO:colcon.colcon_core.shell:Creating prefix util module '/home/liam-bouffard/Desktop/rob599_mobile_robotics/Homework_4/pioneer_ws/install/_local_setup_util_ps1.py'
[1.845s] INFO:colcon.colcon_core.shell:Creating prefix chain script '/home/liam-bouffard/Desktop/rob599_mobile_robotics/Homework_4/pioneer_ws/install/setup.ps1'
[1.846s] INFO:colcon.colcon_core.shell:Creating prefix script '/home/liam-bouffard/Desktop/rob599_mobile_robotics/Homework_4/pioneer_ws/install/local_setup.sh'
[1.846s] INFO:colcon.colcon_core.shell:Creating prefix util module '/home/liam-bouffard/Desktop/rob599_mobile_robotics/Homework_4/pioneer_ws/install/_local_setup_util_sh.py'
[1.847s] INFO:colcon.colcon_core.shell:Creating prefix chain script '/home/liam-bouffard/Desktop/rob599_mobile_robotics/Homework_4/pioneer_ws/install/setup.sh'
[1.848s] INFO:colcon.colcon_core.shell:Creating prefix script '/home/liam-bouffard/Desktop/rob599_mobile_robotics/Homework_4/pioneer_ws/install/local_setup.bash'
[1.848s] INFO:colcon.colcon_core.shell:Creating prefix chain script '/home/liam-bouffard/Desktop/rob599_mobile_robotics/Homework_4/pioneer_ws/install/setup.bash'
[1.848s] INFO:colcon.colcon_core.shell:Creating prefix script '/home/liam-bouffard/Desktop/rob599_mobile_robotics/Homework_4/pioneer_ws/install/local_setup.zsh'
[1.849s] INFO:colcon.colcon_core.shell:Creating prefix chain script '/home/liam-bouffard/Desktop/rob599_mobile_robotics/Homework_4/pioneer_ws/install/setup.zsh'
