[0.072s] DEBUG:colcon:Command line arguments: ['/usr/bin/colcon', 'build', '--symlink-install']
[0.072s] DEBUG:colcon:Parsed command line arguments: Namespace(log_base=None, log_level=None, verb_name='build', build_base='build', install_base='install', merge_install=False, symlink_install=True, test_result_base=None, continue_on_error=False, executor='parallel', parallel_workers=32, event_handlers=None, ignore_user_meta=False, metas=['./colcon.meta'], base_paths=['.'], packages_ignore=None, packages_ignore_regex=None, paths=None, packages_up_to=None, packages_up_to_regex=None, packages_above=None, packages_above_and_dependencies=None, packages_above_depth=None, packages_select_by_dep=None, packages_skip_by_dep=None, packages_skip_up_to=None, packages_select_build_failed=False, packages_skip_build_finished=False, packages_select_test_failures=False, packages_skip_test_passed=False, packages_select=None, packages_skip=None, packages_select_regex=None, packages_skip_regex=None, packages_start=None, packages_end=None, allow_overriding=[], cmake_args=None, cmake_target=None, cmake_target_skip_unavailable=False, cmake_clean_cache=False, cmake_clean_first=False, cmake_force_configure=False, ament_cmake_args=None, catkin_cmake_args=None, catkin_skip_building_tests=False, mixin_files=None, mixin=None, verb_parser=<colcon_mixin.mixin.mixin_argument.MixinArgumentDecorator object at 0x7012383a75c0>, verb_extension=<colcon_core.verb.build.BuildVerb object at 0x7012383a7380>, main=<bound method BuildVerb.main of <colcon_core.verb.build.BuildVerb object at 0x7012383a7380>>, mixin_verb=('build',))
[0.097s] Level 1:colcon.colcon_core.package_discovery:discover_packages(colcon_meta) check parameters
[0.097s] Level 1:colcon.colcon_core.package_discovery:discover_packages(recursive) check parameters
[0.097s] Level 1:colcon.colcon_core.package_discovery:discover_packages(ignore) check parameters
[0.097s] Level 1:colcon.colcon_core.package_discovery:discover_packages(path) check parameters
[0.097s] Level 1:colcon.colcon_core.package_discovery:discover_packages(colcon_meta) discover
[0.097s] Level 1:colcon.colcon_core.package_discovery:discover_packages(recursive) discover
[0.097s] INFO:colcon.colcon_core.package_discovery:Crawling recursively for packages in '/home/liam-bouffard/Desktop/rob599_mobile_robotics/Homework_3/pioneer_ws'
[0.097s] Level 1:colcon.colcon_core.package_identification:_identify(.) by extensions ['ignore', 'ignore_ament_install']
[0.098s] Level 1:colcon.colcon_core.package_identification:_identify(.) by extension 'ignore'
[0.098s] Level 1:colcon.colcon_core.package_identification:_identify(.) by extension 'ignore_ament_install'
[0.098s] Level 1:colcon.colcon_core.package_identification:_identify(.) by extensions ['colcon_pkg']
[0.098s] Level 1:colcon.colcon_core.package_identification:_identify(.) by extension 'colcon_pkg'
[0.098s] Level 1:colcon.colcon_core.package_identification:_identify(.) by extensions ['colcon_meta']
[0.098s] Level 1:colcon.colcon_core.package_identification:_identify(.) by extension 'colcon_meta'
[0.098s] Level 1:colcon.colcon_core.package_identification:_identify(.) by extensions ['ros']
[0.098s] Level 1:colcon.colcon_core.package_identification:_identify(.) by extension 'ros'
[0.115s] Level 1:colcon.colcon_core.package_identification:_identify(.) by extensions ['cmake', 'python']
[0.115s] Level 1:colcon.colcon_core.package_identification:_identify(.) by extension 'cmake'
[0.115s] Level 1:colcon.colcon_core.package_identification:_identify(.) by extension 'python'
[0.115s] Level 1:colcon.colcon_core.package_identification:_identify(.) by extensions ['python_setup_py']
[0.115s] Level 1:colcon.colcon_core.package_identification:_identify(.) by extension 'python_setup_py'
[0.115s] Level 1:colcon.colcon_core.package_identification:_identify(build) by extensions ['ignore', 'ignore_ament_install']
[0.116s] Level 1:colcon.colcon_core.package_identification:_identify(build) by extension 'ignore'
[0.116s] Level 1:colcon.colcon_core.package_identification:_identify(build) ignored
[0.116s] Level 1:colcon.colcon_core.package_identification:_identify(install) by extensions ['ignore', 'ignore_ament_install']
[0.116s] Level 1:colcon.colcon_core.package_identification:_identify(install) by extension 'ignore'
[0.116s] Level 1:colcon.colcon_core.package_identification:_identify(install) ignored
[0.116s] Level 1:colcon.colcon_core.package_identification:_identify(log) by extensions ['ignore', 'ignore_ament_install']
[0.116s] Level 1:colcon.colcon_core.package_identification:_identify(log) by extension 'ignore'
[0.116s] Level 1:colcon.colcon_core.package_identification:_identify(log) ignored
[0.116s] Level 1:colcon.colcon_core.package_identification:_identify(src) by extensions ['ignore', 'ignore_ament_install']
[0.116s] Level 1:colcon.colcon_core.package_identification:_identify(src) by extension 'ignore'
[0.116s] Level 1:colcon.colcon_core.package_identification:_identify(src) by extension 'ignore_ament_install'
[0.116s] Level 1:colcon.colcon_core.package_identification:_identify(src) by extensions ['colcon_pkg']
[0.116s] Level 1:colcon.colcon_core.package_identification:_identify(src) by extension 'colcon_pkg'
[0.116s] Level 1:colcon.colcon_core.package_identification:_identify(src) by extensions ['colcon_meta']
[0.116s] Level 1:colcon.colcon_core.package_identification:_identify(src) by extension 'colcon_meta'
[0.116s] Level 1:colcon.colcon_core.package_identification:_identify(src) by extensions ['ros']
[0.116s] Level 1:colcon.colcon_core.package_identification:_identify(src) by extension 'ros'
[0.116s] Level 1:colcon.colcon_core.package_identification:_identify(src) by extensions ['cmake', 'python']
[0.116s] Level 1:colcon.colcon_core.package_identification:_identify(src) by extension 'cmake'
[0.116s] Level 1:colcon.colcon_core.package_identification:_identify(src) by extension 'python'
[0.116s] Level 1:colcon.colcon_core.package_identification:_identify(src) by extensions ['python_setup_py']
[0.116s] Level 1:colcon.colcon_core.package_identification:_identify(src) by extension 'python_setup_py'
[0.116s] Level 1:colcon.colcon_core.package_identification:_identify(src/Stage) by extensions ['ignore', 'ignore_ament_install']
[0.116s] Level 1:colcon.colcon_core.package_identification:_identify(src/Stage) by extension 'ignore'
[0.116s] Level 1:colcon.colcon_core.package_identification:_identify(src/Stage) by extension 'ignore_ament_install'
[0.116s] Level 1:colcon.colcon_core.package_identification:_identify(src/Stage) by extensions ['colcon_pkg']
[0.116s] Level 1:colcon.colcon_core.package_identification:_identify(src/Stage) by extension 'colcon_pkg'
[0.116s] Level 1:colcon.colcon_core.package_identification:_identify(src/Stage) by extensions ['colcon_meta']
[0.116s] Level 1:colcon.colcon_core.package_identification:_identify(src/Stage) by extension 'colcon_meta'
[0.116s] Level 1:colcon.colcon_core.package_identification:_identify(src/Stage) by extensions ['ros']
[0.116s] Level 1:colcon.colcon_core.package_identification:_identify(src/Stage) by extension 'ros'
[0.118s] DEBUG:colcon.colcon_core.package_identification:Package 'src/Stage' with type 'ros.catkin' and name 'stage'
[0.118s] Level 1:colcon.colcon_core.package_identification:_identify(src/goal_target) by extensions ['ignore', 'ignore_ament_install']
[0.118s] Level 1:colcon.colcon_core.package_identification:_identify(src/goal_target) by extension 'ignore'
[0.118s] Level 1:colcon.colcon_core.package_identification:_identify(src/goal_target) by extension 'ignore_ament_install'
[0.118s] Level 1:colcon.colcon_core.package_identification:_identify(src/goal_target) by extensions ['colcon_pkg']
[0.118s] Level 1:colcon.colcon_core.package_identification:_identify(src/goal_target) by extension 'colcon_pkg'
[0.118s] Level 1:colcon.colcon_core.package_identification:_identify(src/goal_target) by extensions ['colcon_meta']
[0.118s] Level 1:colcon.colcon_core.package_identification:_identify(src/goal_target) by extension 'colcon_meta'
[0.118s] Level 1:colcon.colcon_core.package_identification:_identify(src/goal_target) by extensions ['ros']
[0.118s] Level 1:colcon.colcon_core.package_identification:_identify(src/goal_target) by extension 'ros'
[0.119s] DEBUG:colcon.colcon_core.package_identification:Package 'src/goal_target' with type 'ros.ament_cmake' and name 'goal_target'
[0.119s] Level 1:colcon.colcon_core.package_identification:_identify(src/pioneer) by extensions ['ignore', 'ignore_ament_install']
[0.119s] Level 1:colcon.colcon_core.package_identification:_identify(src/pioneer) by extension 'ignore'
[0.119s] Level 1:colcon.colcon_core.package_identification:_identify(src/pioneer) by extension 'ignore_ament_install'
[0.119s] Level 1:colcon.colcon_core.package_identification:_identify(src/pioneer) by extensions ['colcon_pkg']
[0.119s] Level 1:colcon.colcon_core.package_identification:_identify(src/pioneer) by extension 'colcon_pkg'
[0.119s] Level 1:colcon.colcon_core.package_identification:_identify(src/pioneer) by extensions ['colcon_meta']
[0.119s] Level 1:colcon.colcon_core.package_identification:_identify(src/pioneer) by extension 'colcon_meta'
[0.119s] Level 1:colcon.colcon_core.package_identification:_identify(src/pioneer) by extensions ['ros']
[0.119s] Level 1:colcon.colcon_core.package_identification:_identify(src/pioneer) by extension 'ros'
[0.119s] DEBUG:colcon.colcon_core.package_identification:Package 'src/pioneer' with type 'ros.ament_python' and name 'pioneer'
[0.119s] Level 1:colcon.colcon_core.package_identification:_identify(src/pioneer_interfaces) by extensions ['ignore', 'ignore_ament_install']
[0.119s] Level 1:colcon.colcon_core.package_identification:_identify(src/pioneer_interfaces) by extension 'ignore'
[0.120s] Level 1:colcon.colcon_core.package_identification:_identify(src/pioneer_interfaces) by extension 'ignore_ament_install'
[0.120s] Level 1:colcon.colcon_core.package_identification:_identify(src/pioneer_interfaces) by extensions ['colcon_pkg']
[0.120s] Level 1:colcon.colcon_core.package_identification:_identify(src/pioneer_interfaces) by extension 'colcon_pkg'
[0.120s] Level 1:colcon.colcon_core.package_identification:_identify(src/pioneer_interfaces) by extensions ['colcon_meta']
[0.120s] Level 1:colcon.colcon_core.package_identification:_identify(src/pioneer_interfaces) by extension 'colcon_meta'
[0.120s] Level 1:colcon.colcon_core.package_identification:_identify(src/pioneer_interfaces) by extensions ['ros']
[0.120s] Level 1:colcon.colcon_core.package_identification:_identify(src/pioneer_interfaces) by extension 'ros'
[0.120s] DEBUG:colcon.colcon_core.package_identification:Package 'src/pioneer_interfaces' with type 'ros.ament_cmake' and name 'pioneer_interfaces'
[0.120s] Level 1:colcon.colcon_core.package_identification:_identify(src/stage_ros2) by extensions ['ignore', 'ignore_ament_install']
[0.120s] Level 1:colcon.colcon_core.package_identification:_identify(src/stage_ros2) by extension 'ignore'
[0.120s] Level 1:colcon.colcon_core.package_identification:_identify(src/stage_ros2) by extension 'ignore_ament_install'
[0.120s] Level 1:colcon.colcon_core.package_identification:_identify(src/stage_ros2) by extensions ['colcon_pkg']
[0.120s] Level 1:colcon.colcon_core.package_identification:_identify(src/stage_ros2) by extension 'colcon_pkg'
[0.120s] Level 1:colcon.colcon_core.package_identification:_identify(src/stage_ros2) by extensions ['colcon_meta']
[0.120s] Level 1:colcon.colcon_core.package_identification:_identify(src/stage_ros2) by extension 'colcon_meta'
[0.120s] Level 1:colcon.colcon_core.package_identification:_identify(src/stage_ros2) by extensions ['ros']
[0.120s] Level 1:colcon.colcon_core.package_identification:_identify(src/stage_ros2) by extension 'ros'
[0.121s] DEBUG:colcon.colcon_core.package_identification:Package 'src/stage_ros2' with type 'ros.ament_cmake' and name 'stage_ros2'
[0.121s] Level 1:colcon.colcon_core.package_identification:_identify(src/start_robot) by extensions ['ignore', 'ignore_ament_install']
[0.121s] Level 1:colcon.colcon_core.package_identification:_identify(src/start_robot) by extension 'ignore'
[0.121s] Level 1:colcon.colcon_core.package_identification:_identify(src/start_robot) by extension 'ignore_ament_install'
[0.121s] Level 1:colcon.colcon_core.package_identification:_identify(src/start_robot) by extensions ['colcon_pkg']
[0.121s] Level 1:colcon.colcon_core.package_identification:_identify(src/start_robot) by extension 'colcon_pkg'
[0.121s] Level 1:colcon.colcon_core.package_identification:_identify(src/start_robot) by extensions ['colcon_meta']
[0.121s] Level 1:colcon.colcon_core.package_identification:_identify(src/start_robot) by extension 'colcon_meta'
[0.121s] Level 1:colcon.colcon_core.package_identification:_identify(src/start_robot) by extensions ['ros']
[0.121s] Level 1:colcon.colcon_core.package_identification:_identify(src/start_robot) by extension 'ros'
[0.121s] DEBUG:colcon.colcon_core.package_identification:Package 'src/start_robot' with type 'ros.ament_python' and name 'start_robot'
[0.121s] Level 1:colcon.colcon_core.package_discovery:discover_packages(recursive) using defaults
[0.121s] Level 1:colcon.colcon_core.package_discovery:discover_packages(ignore) discover
[0.121s] Level 1:colcon.colcon_core.package_discovery:discover_packages(ignore) using defaults
[0.121s] Level 1:colcon.colcon_core.package_discovery:discover_packages(path) discover
[0.121s] Level 1:colcon.colcon_core.package_discovery:discover_packages(path) using defaults
[0.134s] Level 1:colcon.colcon_core.package_discovery:discover_packages(prefix_path) check parameters
[0.134s] Level 1:colcon.colcon_core.package_discovery:discover_packages(prefix_path) discover
[0.135s] WARNING:colcon.colcon_ros.prefix_path.ament:The path '/home/liam-bouffard/Desktop/rob599_mobile_robotics/Homework_3/pioneer_ws/install/start_robot' in the environment variable AMENT_PREFIX_PATH doesn't exist
[0.135s] WARNING:colcon.colcon_ros.prefix_path.ament:The path '/home/liam-bouffard/Desktop/rob599_mobile_robotics/Homework_3/pioneer_ws/install/stage_ros2' in the environment variable AMENT_PREFIX_PATH doesn't exist
[0.135s] WARNING:colcon.colcon_ros.prefix_path.ament:The path '/home/liam-bouffard/Desktop/rob599_mobile_robotics/Homework_3/pioneer_ws/install/pioneer' in the environment variable AMENT_PREFIX_PATH doesn't exist
[0.135s] WARNING:colcon.colcon_ros.prefix_path.ament:The path '/home/liam-bouffard/Desktop/rob599_mobile_robotics/Homework_3/pioneer_ws/install/pioneer_interfaces' in the environment variable AMENT_PREFIX_PATH doesn't exist
[0.135s] WARNING:colcon.colcon_ros.prefix_path.ament:The path '/home/liam-bouffard/Desktop/rob599_mobile_robotics/Homework_3/pioneer_ws/install/goal_target' in the environment variable AMENT_PREFIX_PATH doesn't exist
[0.135s] WARNING:colcon.colcon_ros.prefix_path.catkin:The path '/home/liam-bouffard/Desktop/rob599_mobile_robotics/Homework_3/pioneer_ws/install/stage_ros2' in the environment variable CMAKE_PREFIX_PATH doesn't exist
[0.135s] WARNING:colcon.colcon_ros.prefix_path.catkin:The path '/home/liam-bouffard/Desktop/rob599_mobile_robotics/Homework_3/pioneer_ws/install/stage' in the environment variable CMAKE_PREFIX_PATH doesn't exist
[0.135s] WARNING:colcon.colcon_ros.prefix_path.catkin:The path '/home/liam-bouffard/Desktop/rob599_mobile_robotics/Homework_3/pioneer_ws/install/pioneer_interfaces' in the environment variable CMAKE_PREFIX_PATH doesn't exist
[0.135s] WARNING:colcon.colcon_ros.prefix_path.catkin:The path '/home/liam-bouffard/Desktop/rob599_mobile_robotics/Homework_3/pioneer_ws/install/goal_target' in the environment variable CMAKE_PREFIX_PATH doesn't exist
[0.135s] DEBUG:colcon.colcon_installed_package_information.package_discovery:Found 0 installed packages in /home/liam-bouffard/Desktop/rob599_mobile_robotics/Homework_3/pioneer_ws/install
[0.136s] DEBUG:colcon.colcon_installed_package_information.package_discovery:Found 407 installed packages in /opt/ros/kilted
[0.137s] Level 1:colcon.colcon_core.package_discovery:discover_packages(prefix_path) using defaults
[0.169s] Level 5:colcon.colcon_core.verb:set package 'goal_target' build argument 'cmake_args' from command line to 'None'
[0.169s] Level 5:colcon.colcon_core.verb:set package 'goal_target' build argument 'cmake_target' from command line to 'None'
[0.169s] Level 5:colcon.colcon_core.verb:set package 'goal_target' build argument 'cmake_target_skip_unavailable' from command line to 'False'
[0.169s] Level 5:colcon.colcon_core.verb:set package 'goal_target' build argument 'cmake_clean_cache' from command line to 'False'
[0.169s] Level 5:colcon.colcon_core.verb:set package 'goal_target' build argument 'cmake_clean_first' from command line to 'False'
[0.169s] Level 5:colcon.colcon_core.verb:set package 'goal_target' build argument 'cmake_force_configure' from command line to 'False'
[0.169s] Level 5:colcon.colcon_core.verb:set package 'goal_target' build argument 'ament_cmake_args' from command line to 'None'
[0.169s] Level 5:colcon.colcon_core.verb:set package 'goal_target' build argument 'catkin_cmake_args' from command line to 'None'
[0.169s] Level 5:colcon.colcon_core.verb:set package 'goal_target' build argument 'catkin_skip_building_tests' from command line to 'False'
[0.169s] DEBUG:colcon.colcon_core.verb:Building package 'goal_target' with the following arguments: {'ament_cmake_args': None, 'build_base': '/home/liam-bouffard/Desktop/rob599_mobile_robotics/Homework_3/pioneer_ws/build/goal_target', 'catkin_cmake_args': None, 'catkin_skip_building_tests': False, 'cmake_args': None, 'cmake_clean_cache': False, 'cmake_clean_first': False, 'cmake_force_configure': False, 'cmake_target': None, 'cmake_target_skip_unavailable': False, 'install_base': '/home/liam-bouffard/Desktop/rob599_mobile_robotics/Homework_3/pioneer_ws/install/goal_target', 'merge_install': False, 'path': '/home/liam-bouffard/Desktop/rob599_mobile_robotics/Homework_3/pioneer_ws/src/goal_target', 'symlink_install': True, 'test_result_base': None}
[0.169s] Level 5:colcon.colcon_core.verb:set package 'pioneer_interfaces' build argument 'cmake_args' from command line to 'None'
[0.169s] Level 5:colcon.colcon_core.verb:set package 'pioneer_interfaces' build argument 'cmake_target' from command line to 'None'
[0.169s] Level 5:colcon.colcon_core.verb:set package 'pioneer_interfaces' build argument 'cmake_target_skip_unavailable' from command line to 'False'
[0.169s] Level 5:colcon.colcon_core.verb:set package 'pioneer_interfaces' build argument 'cmake_clean_cache' from command line to 'False'
[0.169s] Level 5:colcon.colcon_core.verb:set package 'pioneer_interfaces' build argument 'cmake_clean_first' from command line to 'False'
[0.169s] Level 5:colcon.colcon_core.verb:set package 'pioneer_interfaces' build argument 'cmake_force_configure' from command line to 'False'
[0.169s] Level 5:colcon.colcon_core.verb:set package 'pioneer_interfaces' build argument 'ament_cmake_args' from command line to 'None'
[0.169s] Level 5:colcon.colcon_core.verb:set package 'pioneer_interfaces' build argument 'catkin_cmake_args' from command line to 'None'
[0.169s] Level 5:colcon.colcon_core.verb:set package 'pioneer_interfaces' build argument 'catkin_skip_building_tests' from command line to 'False'
[0.169s] DEBUG:colcon.colcon_core.verb:Building package 'pioneer_interfaces' with the following arguments: {'ament_cmake_args': None, 'build_base': '/home/liam-bouffard/Desktop/rob599_mobile_robotics/Homework_3/pioneer_ws/build/pioneer_interfaces', 'catkin_cmake_args': None, 'catkin_skip_building_tests': False, 'cmake_args': None, 'cmake_clean_cache': False, 'cmake_clean_first': False, 'cmake_force_configure': False, 'cmake_target': None, 'cmake_target_skip_unavailable': False, 'install_base': '/home/liam-bouffard/Desktop/rob599_mobile_robotics/Homework_3/pioneer_ws/install/pioneer_interfaces', 'merge_install': False, 'path': '/home/liam-bouffard/Desktop/rob599_mobile_robotics/Homework_3/pioneer_ws/src/pioneer_interfaces', 'symlink_install': True, 'test_result_base': None}
[0.170s] Level 5:colcon.colcon_core.verb:set package 'stage' build argument 'cmake_args' from command line to 'None'
[0.170s] Level 5:colcon.colcon_core.verb:set package 'stage' build argument 'cmake_target' from command line to 'None'
[0.170s] Level 5:colcon.colcon_core.verb:set package 'stage' build argument 'cmake_target_skip_unavailable' from command line to 'False'
[0.170s] Level 5:colcon.colcon_core.verb:set package 'stage' build argument 'cmake_clean_cache' from command line to 'False'
[0.170s] Level 5:colcon.colcon_core.verb:set package 'stage' build argument 'cmake_clean_first' from command line to 'False'
[0.170s] Level 5:colcon.colcon_core.verb:set package 'stage' build argument 'cmake_force_configure' from command line to 'False'
[0.170s] Level 5:colcon.colcon_core.verb:set package 'stage' build argument 'ament_cmake_args' from command line to 'None'
[0.170s] Level 5:colcon.colcon_core.verb:set package 'stage' build argument 'catkin_cmake_args' from command line to 'None'
[0.170s] Level 5:colcon.colcon_core.verb:set package 'stage' build argument 'catkin_skip_building_tests' from command line to 'False'
[0.170s] DEBUG:colcon.colcon_core.verb:Building package 'stage' with the following arguments: {'ament_cmake_args': None, 'build_base': '/home/liam-bouffard/Desktop/rob599_mobile_robotics/Homework_3/pioneer_ws/build/stage', 'catkin_cmake_args': None, 'catkin_skip_building_tests': False, 'cmake_args': None, 'cmake_clean_cache': False, 'cmake_clean_first': False, 'cmake_force_configure': False, 'cmake_target': None, 'cmake_target_skip_unavailable': False, 'install_base': '/home/liam-bouffard/Desktop/rob599_mobile_robotics/Homework_3/pioneer_ws/install/stage', 'merge_install': False, 'path': '/home/liam-bouffard/Desktop/rob599_mobile_robotics/Homework_3/pioneer_ws/src/Stage', 'symlink_install': True, 'test_result_base': None}
[0.170s] Level 5:colcon.colcon_core.verb:set package 'start_robot' build argument 'cmake_args' from command line to 'None'
[0.177s] Level 5:colcon.colcon_core.verb:set package 'start_robot' build argument 'cmake_target' from command line to 'None'
[0.177s] Level 5:colcon.colcon_core.verb:set package 'start_robot' build argument 'cmake_target_skip_unavailable' from command line to 'False'
[0.177s] Level 5:colcon.colcon_core.verb:set package 'start_robot' build argument 'cmake_clean_cache' from command line to 'False'
[0.177s] Level 5:colcon.colcon_core.verb:set package 'start_robot' build argument 'cmake_clean_first' from command line to 'False'
[0.177s] Level 5:colcon.colcon_core.verb:set package 'start_robot' build argument 'cmake_force_configure' from command line to 'False'
[0.177s] Level 5:colcon.colcon_core.verb:set package 'start_robot' build argument 'ament_cmake_args' from command line to 'None'
[0.177s] Level 5:colcon.colcon_core.verb:set package 'start_robot' build argument 'catkin_cmake_args' from command line to 'None'
[0.177s] Level 5:colcon.colcon_core.verb:set package 'start_robot' build argument 'catkin_skip_building_tests' from command line to 'False'
[0.177s] DEBUG:colcon.colcon_core.verb:Building package 'start_robot' with the following arguments: {'ament_cmake_args': None, 'build_base': '/home/liam-bouffard/Desktop/rob599_mobile_robotics/Homework_3/pioneer_ws/build/start_robot', 'catkin_cmake_args': None, 'catkin_skip_building_tests': False, 'cmake_args': None, 'cmake_clean_cache': False, 'cmake_clean_first': False, 'cmake_force_configure': False, 'cmake_target': None, 'cmake_target_skip_unavailable': False, 'install_base': '/home/liam-bouffard/Desktop/rob599_mobile_robotics/Homework_3/pioneer_ws/install/start_robot', 'merge_install': False, 'path': '/home/liam-bouffard/Desktop/rob599_mobile_robotics/Homework_3/pioneer_ws/src/start_robot', 'symlink_install': True, 'test_result_base': None}
[0.177s] Level 5:colcon.colcon_core.verb:set package 'pioneer' build argument 'cmake_args' from command line to 'None'
[0.177s] Level 5:colcon.colcon_core.verb:set package 'pioneer' build argument 'cmake_target' from command line to 'None'
[0.177s] Level 5:colcon.colcon_core.verb:set package 'pioneer' build argument 'cmake_target_skip_unavailable' from command line to 'False'
[0.177s] Level 5:colcon.colcon_core.verb:set package 'pioneer' build argument 'cmake_clean_cache' from command line to 'False'
[0.177s] Level 5:colcon.colcon_core.verb:set package 'pioneer' build argument 'cmake_clean_first' from command line to 'False'
[0.177s] Level 5:colcon.colcon_core.verb:set package 'pioneer' build argument 'cmake_force_configure' from command line to 'False'
[0.177s] Level 5:colcon.colcon_core.verb:set package 'pioneer' build argument 'ament_cmake_args' from command line to 'None'
[0.177s] Level 5:colcon.colcon_core.verb:set package 'pioneer' build argument 'catkin_cmake_args' from command line to 'None'
[0.177s] Level 5:colcon.colcon_core.verb:set package 'pioneer' build argument 'catkin_skip_building_tests' from command line to 'False'
[0.177s] DEBUG:colcon.colcon_core.verb:Building package 'pioneer' with the following arguments: {'ament_cmake_args': None, 'build_base': '/home/liam-bouffard/Desktop/rob599_mobile_robotics/Homework_3/pioneer_ws/build/pioneer', 'catkin_cmake_args': None, 'catkin_skip_building_tests': False, 'cmake_args': None, 'cmake_clean_cache': False, 'cmake_clean_first': False, 'cmake_force_configure': False, 'cmake_target': None, 'cmake_target_skip_unavailable': False, 'install_base': '/home/liam-bouffard/Desktop/rob599_mobile_robotics/Homework_3/pioneer_ws/install/pioneer', 'merge_install': False, 'path': '/home/liam-bouffard/Desktop/rob599_mobile_robotics/Homework_3/pioneer_ws/src/pioneer', 'symlink_install': True, 'test_result_base': None}
[0.178s] Level 5:colcon.colcon_core.verb:set package 'stage_ros2' build argument 'cmake_args' from command line to 'None'
[0.178s] Level 5:colcon.colcon_core.verb:set package 'stage_ros2' build argument 'cmake_target' from command line to 'None'
[0.178s] Level 5:colcon.colcon_core.verb:set package 'stage_ros2' build argument 'cmake_target_skip_unavailable' from command line to 'False'
[0.178s] Level 5:colcon.colcon_core.verb:set package 'stage_ros2' build argument 'cmake_clean_cache' from command line to 'False'
[0.178s] Level 5:colcon.colcon_core.verb:set package 'stage_ros2' build argument 'cmake_clean_first' from command line to 'False'
[0.178s] Level 5:colcon.colcon_core.verb:set package 'stage_ros2' build argument 'cmake_force_configure' from command line to 'False'
[0.178s] Level 5:colcon.colcon_core.verb:set package 'stage_ros2' build argument 'ament_cmake_args' from command line to 'None'
[0.178s] Level 5:colcon.colcon_core.verb:set package 'stage_ros2' build argument 'catkin_cmake_args' from command line to 'None'
[0.178s] Level 5:colcon.colcon_core.verb:set package 'stage_ros2' build argument 'catkin_skip_building_tests' from command line to 'False'
[0.178s] DEBUG:colcon.colcon_core.verb:Building package 'stage_ros2' with the following arguments: {'ament_cmake_args': None, 'build_base': '/home/liam-bouffard/Desktop/rob599_mobile_robotics/Homework_3/pioneer_ws/build/stage_ros2', 'catkin_cmake_args': None, 'catkin_skip_building_tests': False, 'cmake_args': None, 'cmake_clean_cache': False, 'cmake_clean_first': False, 'cmake_force_configure': False, 'cmake_target': None, 'cmake_target_skip_unavailable': False, 'install_base': '/home/liam-bouffard/Desktop/rob599_mobile_robotics/Homework_3/pioneer_ws/install/stage_ros2', 'merge_install': False, 'path': '/home/liam-bouffard/Desktop/rob599_mobile_robotics/Homework_3/pioneer_ws/src/stage_ros2', 'symlink_install': True, 'test_result_base': None}
[0.178s] INFO:colcon.colcon_core.executor:Executing jobs using 'parallel' executor
[0.179s] DEBUG:colcon.colcon_parallel_executor.executor.parallel:run_until_complete
[0.179s] INFO:colcon.colcon_ros.task.ament_cmake.build:Building ROS package in '/home/liam-bouffard/Desktop/rob599_mobile_robotics/Homework_3/pioneer_ws/src/goal_target' with build type 'ament_cmake'
[0.179s] INFO:colcon.colcon_cmake.task.cmake.build:Building CMake package in '/home/liam-bouffard/Desktop/rob599_mobile_robotics/Homework_3/pioneer_ws/src/goal_target'
[0.180s] INFO:colcon.colcon_core.plugin_system:Skipping extension 'colcon_core.shell.bat': Not used on non-Windows systems
[0.180s] INFO:colcon.colcon_core.shell:Skip shell extension 'powershell' for command environment: Not usable outside of PowerShell
[0.180s] DEBUG:colcon.colcon_core.shell:Skip shell extension 'dsv' for command environment
[0.183s] INFO:colcon.colcon_ros.task.ament_cmake.build:Building ROS package in '/home/liam-bouffard/Desktop/rob599_mobile_robotics/Homework_3/pioneer_ws/src/pioneer_interfaces' with build type 'ament_cmake'
[0.183s] INFO:colcon.colcon_cmake.task.cmake.build:Building CMake package in '/home/liam-bouffard/Desktop/rob599_mobile_robotics/Homework_3/pioneer_ws/src/pioneer_interfaces'
[0.183s] INFO:colcon.colcon_core.shell:Skip shell extension 'powershell' for command environment: Not usable outside of PowerShell
[0.183s] DEBUG:colcon.colcon_core.shell:Skip shell extension 'dsv' for command environment
[0.185s] INFO:colcon.colcon_ros.task.catkin.build:Building ROS package in '/home/liam-bouffard/Desktop/rob599_mobile_robotics/Homework_3/pioneer_ws/src/Stage' with build type 'catkin'
[0.185s] INFO:colcon.colcon_cmake.task.cmake.build:Building CMake package in '/home/liam-bouffard/Desktop/rob599_mobile_robotics/Homework_3/pioneer_ws/src/Stage'
[0.185s] INFO:colcon.colcon_core.shell:Skip shell extension 'powershell' for command environment: Not usable outside of PowerShell
[0.185s] DEBUG:colcon.colcon_core.shell:Skip shell extension 'dsv' for command environment
[0.187s] INFO:colcon.colcon_ros.task.ament_python.build:Building ROS package in '/home/liam-bouffard/Desktop/rob599_mobile_robotics/Homework_3/pioneer_ws/src/start_robot' with build type 'ament_python'
[0.187s] Level 1:colcon.colcon_core.shell:create_environment_hook('start_robot', 'ament_prefix_path')
[0.187s] INFO:colcon.colcon_core.shell:Creating environment hook '/home/liam-bouffard/Desktop/rob599_mobile_robotics/Homework_3/pioneer_ws/install/start_robot/share/start_robot/hook/ament_prefix_path.ps1'
[0.188s] INFO:colcon.colcon_core.shell:Creating environment descriptor '/home/liam-bouffard/Desktop/rob599_mobile_robotics/Homework_3/pioneer_ws/install/start_robot/share/start_robot/hook/ament_prefix_path.dsv'
[0.188s] INFO:colcon.colcon_core.shell:Creating environment hook '/home/liam-bouffard/Desktop/rob599_mobile_robotics/Homework_3/pioneer_ws/install/start_robot/share/start_robot/hook/ament_prefix_path.sh'
[0.188s] INFO:colcon.colcon_core.shell:Skip shell extension 'powershell' for command environment: Not usable outside of PowerShell
[0.188s] DEBUG:colcon.colcon_core.shell:Skip shell extension 'dsv' for command environment
[0.193s] DEBUG:colcon.colcon_core.event_handler.log_command:Invoking command in '/home/liam-bouffard/Desktop/rob599_mobile_robotics/Homework_3/pioneer_ws/build/goal_target': CMAKE_PREFIX_PATH=${CMAKE_PREFIX_PATH}:/home/liam-bouffard/Desktop/rob599_mobile_robotics/Homework_3/pioneer_ws/install/start_robot:/home/liam-bouffard/Desktop/rob599_mobile_robotics/Homework_3/pioneer_ws/install/pioneer:/opt/ros/kilted DEBUGINFOD_URLS=https://debuginfod.ubuntu.com /usr/bin/cmake /home/liam-bouffard/Desktop/rob599_mobile_robotics/Homework_3/pioneer_ws/src/goal_target -DAMENT_CMAKE_SYMLINK_INSTALL=1 -DCMAKE_INSTALL_PREFIX=/home/liam-bouffard/Desktop/rob599_mobile_robotics/Homework_3/pioneer_ws/install/goal_target
[0.194s] DEBUG:colcon.colcon_core.event_handler.log_command:Invoking command in '/home/liam-bouffard/Desktop/rob599_mobile_robotics/Homework_3/pioneer_ws/build/pioneer_interfaces': CMAKE_PREFIX_PATH=${CMAKE_PREFIX_PATH}:/home/liam-bouffard/Desktop/rob599_mobile_robotics/Homework_3/pioneer_ws/install/start_robot:/home/liam-bouffard/Desktop/rob599_mobile_robotics/Homework_3/pioneer_ws/install/pioneer:/opt/ros/kilted DEBUGINFOD_URLS=https://debuginfod.ubuntu.com /usr/bin/cmake /home/liam-bouffard/Desktop/rob599_mobile_robotics/Homework_3/pioneer_ws/src/pioneer_interfaces -DAMENT_CMAKE_SYMLINK_INSTALL=1 -DCMAKE_INSTALL_PREFIX=/home/liam-bouffard/Desktop/rob599_mobile_robotics/Homework_3/pioneer_ws/install/pioneer_interfaces
[0.195s] DEBUG:colcon.colcon_core.event_handler.log_command:Invoking command in '/home/liam-bouffard/Desktop/rob599_mobile_robotics/Homework_3/pioneer_ws/build/stage': DEBUGINFOD_URLS=https://debuginfod.ubuntu.com /usr/bin/cmake /home/liam-bouffard/Desktop/rob599_mobile_robotics/Homework_3/pioneer_ws/src/Stage -DCATKIN_INSTALL_INTO_PREFIX_ROOT=0 -DCATKIN_SYMLINK_INSTALL=ON -DCMAKE_INSTALL_PREFIX=/home/liam-bouffard/Desktop/rob599_mobile_robotics/Homework_3/pioneer_ws/install/stage
[0.365s] INFO:colcon.colcon_core.task.python.build:Building Python package in '/home/liam-bouffard/Desktop/rob599_mobile_robotics/Homework_3/pioneer_ws/src/start_robot'
[0.365s] INFO:colcon.colcon_core.shell:Skip shell extension 'powershell' for command environment: Not usable outside of PowerShell
[0.365s] DEBUG:colcon.colcon_core.shell:Skip shell extension 'dsv' for command environment
[0.833s] DEBUG:colcon.colcon_core.event_handler.log_command:Invoking command in '/home/liam-bouffard/Desktop/rob599_mobile_robotics/Homework_3/pioneer_ws/build/start_robot': DEBUGINFOD_URLS=https://debuginfod.ubuntu.com PYTHONPATH=/home/liam-bouffard/Desktop/rob599_mobile_robotics/Homework_3/pioneer_ws/build/start_robot/prefix_override:/usr/lib/python3/dist-packages/colcon_core/task/python/colcon_distutils_commands:/home/liam-bouffard/Desktop/rob599_mobile_robotics/Homework_3/pioneer_ws/install/start_robot/lib/python3.12/site-packages:${PYTHONPATH} /usr/bin/python3 -W ignore:setup.py install is deprecated -W ignore:easy_install command is deprecated setup.py develop --editable --build-directory /home/liam-bouffard/Desktop/rob599_mobile_robotics/Homework_3/pioneer_ws/build/start_robot/build --no-deps symlink_data
[1.234s] DEBUG:colcon.colcon_core.event_handler.log_command:Invoked command in '/home/liam-bouffard/Desktop/rob599_mobile_robotics/Homework_3/pioneer_ws/build/stage' returned '0': DEBUGINFOD_URLS=https://debuginfod.ubuntu.com /usr/bin/cmake /home/liam-bouffard/Desktop/rob599_mobile_robotics/Homework_3/pioneer_ws/src/Stage -DCATKIN_INSTALL_INTO_PREFIX_ROOT=0 -DCATKIN_SYMLINK_INSTALL=ON -DCMAKE_INSTALL_PREFIX=/home/liam-bouffard/Desktop/rob599_mobile_robotics/Homework_3/pioneer_ws/install/stage
[1.234s] DEBUG:colcon.colcon_core.event_handler.log_command:Invoking command in '/home/liam-bouffard/Desktop/rob599_mobile_robotics/Homework_3/pioneer_ws/build/stage': DEBUGINFOD_URLS=https://debuginfod.ubuntu.com /usr/bin/cmake --build /home/liam-bouffard/Desktop/rob599_mobile_robotics/Homework_3/pioneer_ws/build/stage -- -j32 -l32
[1.340s] Level 1:colcon.colcon_core.shell:create_environment_hook('start_robot', 'pythonpath_develop')
[1.341s] INFO:colcon.colcon_core.shell:Creating environment hook '/home/liam-bouffard/Desktop/rob599_mobile_robotics/Homework_3/pioneer_ws/build/start_robot/share/start_robot/hook/pythonpath_develop.ps1'
[1.341s] INFO:colcon.colcon_core.shell:Creating environment descriptor '/home/liam-bouffard/Desktop/rob599_mobile_robotics/Homework_3/pioneer_ws/build/start_robot/share/start_robot/hook/pythonpath_develop.dsv'
[1.342s] INFO:colcon.colcon_core.shell:Creating environment hook '/home/liam-bouffard/Desktop/rob599_mobile_robotics/Homework_3/pioneer_ws/build/start_robot/share/start_robot/hook/pythonpath_develop.sh'
[1.349s] Level 1:colcon.colcon_core.environment:checking '/home/liam-bouffard/Desktop/rob599_mobile_robotics/Homework_3/pioneer_ws/install/start_robot' for CMake module files
[1.350s] Level 1:colcon.colcon_core.environment:checking '/home/liam-bouffard/Desktop/rob599_mobile_robotics/Homework_3/pioneer_ws/install/start_robot' for CMake config files
[1.350s] Level 1:colcon.colcon_core.environment:checking '/home/liam-bouffard/Desktop/rob599_mobile_robotics/Homework_3/pioneer_ws/install/start_robot/lib'
[1.350s] Level 1:colcon.colcon_core.environment:checking '/home/liam-bouffard/Desktop/rob599_mobile_robotics/Homework_3/pioneer_ws/install/start_robot/bin'
[1.350s] Level 1:colcon.colcon_core.environment:checking '/home/liam-bouffard/Desktop/rob599_mobile_robotics/Homework_3/pioneer_ws/install/start_robot/lib/pkgconfig/start_robot.pc'
[1.351s] Level 1:colcon.colcon_core.environment:checking '/home/liam-bouffard/Desktop/rob599_mobile_robotics/Homework_3/pioneer_ws/install/start_robot/lib/python3.12/site-packages'
[1.351s] Level 1:colcon.colcon_core.shell:create_environment_hook('start_robot', 'pythonpath')
[1.351s] INFO:colcon.colcon_core.shell:Creating environment hook '/home/liam-bouffard/Desktop/rob599_mobile_robotics/Homework_3/pioneer_ws/install/start_robot/share/start_robot/hook/pythonpath.ps1'
[1.352s] INFO:colcon.colcon_core.shell:Creating environment descriptor '/home/liam-bouffard/Desktop/rob599_mobile_robotics/Homework_3/pioneer_ws/install/start_robot/share/start_robot/hook/pythonpath.dsv'
[1.355s] DEBUG:colcon.colcon_core.event_handler.log_command:Invoked command in '/home/liam-bouffard/Desktop/rob599_mobile_robotics/Homework_3/pioneer_ws/build/start_robot' returned '0': DEBUGINFOD_URLS=https://debuginfod.ubuntu.com PYTHONPATH=/home/liam-bouffard/Desktop/rob599_mobile_robotics/Homework_3/pioneer_ws/build/start_robot/prefix_override:/usr/lib/python3/dist-packages/colcon_core/task/python/colcon_distutils_commands:/home/liam-bouffard/Desktop/rob599_mobile_robotics/Homework_3/pioneer_ws/install/start_robot/lib/python3.12/site-packages:${PYTHONPATH} /usr/bin/python3 -W ignore:setup.py install is deprecated -W ignore:easy_install command is deprecated setup.py develop --editable --build-directory /home/liam-bouffard/Desktop/rob599_mobile_robotics/Homework_3/pioneer_ws/build/start_robot/build --no-deps symlink_data
[1.355s] INFO:colcon.colcon_core.shell:Creating environment hook '/home/liam-bouffard/Desktop/rob599_mobile_robotics/Homework_3/pioneer_ws/install/start_robot/share/start_robot/hook/pythonpath.sh'
[1.356s] Level 1:colcon.colcon_core.environment:checking '/home/liam-bouffard/Desktop/rob599_mobile_robotics/Homework_3/pioneer_ws/install/start_robot/bin'
[1.356s] Level 1:colcon.colcon_core.environment:create_environment_scripts_only(start_robot)
[1.357s] INFO:colcon.colcon_core.shell:Creating package script '/home/liam-bouffard/Desktop/rob599_mobile_robotics/Homework_3/pioneer_ws/install/start_robot/share/start_robot/package.ps1'
[1.358s] INFO:colcon.colcon_core.shell:Creating package descriptor '/home/liam-bouffard/Desktop/rob599_mobile_robotics/Homework_3/pioneer_ws/install/start_robot/share/start_robot/package.dsv'
[1.358s] INFO:colcon.colcon_core.shell:Creating package script '/home/liam-bouffard/Desktop/rob599_mobile_robotics/Homework_3/pioneer_ws/install/start_robot/share/start_robot/package.sh'
[1.362s] INFO:colcon.colcon_core.shell:Creating package script '/home/liam-bouffard/Desktop/rob599_mobile_robotics/Homework_3/pioneer_ws/install/start_robot/share/start_robot/package.bash'
[1.363s] INFO:colcon.colcon_core.shell:Creating package script '/home/liam-bouffard/Desktop/rob599_mobile_robotics/Homework_3/pioneer_ws/install/start_robot/share/start_robot/package.zsh'
[1.363s] Level 1:colcon.colcon_core.environment:create_file_with_runtime_dependencies(/home/liam-bouffard/Desktop/rob599_mobile_robotics/Homework_3/pioneer_ws/install/start_robot/share/colcon-core/packages/start_robot)
[3.347s] DEBUG:colcon.colcon_core.event_handler.log_command:Invoked command in '/home/liam-bouffard/Desktop/rob599_mobile_robotics/Homework_3/pioneer_ws/build/pioneer_interfaces' returned '0': CMAKE_PREFIX_PATH=${CMAKE_PREFIX_PATH}:/home/liam-bouffard/Desktop/rob599_mobile_robotics/Homework_3/pioneer_ws/install/start_robot:/home/liam-bouffard/Desktop/rob599_mobile_robotics/Homework_3/pioneer_ws/install/pioneer:/opt/ros/kilted DEBUGINFOD_URLS=https://debuginfod.ubuntu.com /usr/bin/cmake /home/liam-bouffard/Desktop/rob599_mobile_robotics/Homework_3/pioneer_ws/src/pioneer_interfaces -DAMENT_CMAKE_SYMLINK_INSTALL=1 -DCMAKE_INSTALL_PREFIX=/home/liam-bouffard/Desktop/rob599_mobile_robotics/Homework_3/pioneer_ws/install/pioneer_interfaces
[3.348s] DEBUG:colcon.colcon_core.event_handler.log_command:Invoking command in '/home/liam-bouffard/Desktop/rob599_mobile_robotics/Homework_3/pioneer_ws/build/pioneer_interfaces': CMAKE_PREFIX_PATH=${CMAKE_PREFIX_PATH}:/home/liam-bouffard/Desktop/rob599_mobile_robotics/Homework_3/pioneer_ws/install/start_robot:/home/liam-bouffard/Desktop/rob599_mobile_robotics/Homework_3/pioneer_ws/install/pioneer:/opt/ros/kilted DEBUGINFOD_URLS=https://debuginfod.ubuntu.com /usr/bin/cmake --build /home/liam-bouffard/Desktop/rob599_mobile_robotics/Homework_3/pioneer_ws/build/pioneer_interfaces -- -j32 -l32
[3.406s] DEBUG:colcon.colcon_core.event_handler.log_command:Invoked command in '/home/liam-bouffard/Desktop/rob599_mobile_robotics/Homework_3/pioneer_ws/build/goal_target' returned '0': CMAKE_PREFIX_PATH=${CMAKE_PREFIX_PATH}:/home/liam-bouffard/Desktop/rob599_mobile_robotics/Homework_3/pioneer_ws/install/start_robot:/home/liam-bouffard/Desktop/rob599_mobile_robotics/Homework_3/pioneer_ws/install/pioneer:/opt/ros/kilted DEBUGINFOD_URLS=https://debuginfod.ubuntu.com /usr/bin/cmake /home/liam-bouffard/Desktop/rob599_mobile_robotics/Homework_3/pioneer_ws/src/goal_target -DAMENT_CMAKE_SYMLINK_INSTALL=1 -DCMAKE_INSTALL_PREFIX=/home/liam-bouffard/Desktop/rob599_mobile_robotics/Homework_3/pioneer_ws/install/goal_target
[3.407s] DEBUG:colcon.colcon_core.event_handler.log_command:Invoking command in '/home/liam-bouffard/Desktop/rob599_mobile_robotics/Homework_3/pioneer_ws/build/goal_target': CMAKE_PREFIX_PATH=${CMAKE_PREFIX_PATH}:/home/liam-bouffard/Desktop/rob599_mobile_robotics/Homework_3/pioneer_ws/install/start_robot:/home/liam-bouffard/Desktop/rob599_mobile_robotics/Homework_3/pioneer_ws/install/pioneer:/opt/ros/kilted DEBUGINFOD_URLS=https://debuginfod.ubuntu.com /usr/bin/cmake --build /home/liam-bouffard/Desktop/rob599_mobile_robotics/Homework_3/pioneer_ws/build/goal_target -- -j32 -l32
[4.229s] DEBUG:colcon.colcon_core.event_handler.log_command:Invoked command in '/home/liam-bouffard/Desktop/rob599_mobile_robotics/Homework_3/pioneer_ws/build/stage' returned '0': DEBUGINFOD_URLS=https://debuginfod.ubuntu.com /usr/bin/cmake --build /home/liam-bouffard/Desktop/rob599_mobile_robotics/Homework_3/pioneer_ws/build/stage -- -j32 -l32
[4.240s] DEBUG:colcon.colcon_core.event_handler.log_command:Invoking command in '/home/liam-bouffard/Desktop/rob599_mobile_robotics/Homework_3/pioneer_ws/build/stage': DEBUGINFOD_URLS=https://debuginfod.ubuntu.com /usr/bin/cmake --install /home/liam-bouffard/Desktop/rob599_mobile_robotics/Homework_3/pioneer_ws/build/stage
[4.266s] DEBUG:colcon.colcon_core.event_handler.log_command:Invoked command in '/home/liam-bouffard/Desktop/rob599_mobile_robotics/Homework_3/pioneer_ws/build/stage' returned '0': DEBUGINFOD_URLS=https://debuginfod.ubuntu.com /usr/bin/cmake --install /home/liam-bouffard/Desktop/rob599_mobile_robotics/Homework_3/pioneer_ws/build/stage
[4.266s] Level 1:colcon.colcon_core.shell:create_environment_hook('stage', 'ros_package_path')
[4.266s] INFO:colcon.colcon_core.shell:Creating environment hook '/home/liam-bouffard/Desktop/rob599_mobile_robotics/Homework_3/pioneer_ws/install/stage/share/stage/hook/ros_package_path.ps1'
[4.267s] INFO:colcon.colcon_core.shell:Creating environment descriptor '/home/liam-bouffard/Desktop/rob599_mobile_robotics/Homework_3/pioneer_ws/install/stage/share/stage/hook/ros_package_path.dsv'
[4.267s] INFO:colcon.colcon_core.shell:Creating environment hook '/home/liam-bouffard/Desktop/rob599_mobile_robotics/Homework_3/pioneer_ws/install/stage/share/stage/hook/ros_package_path.sh'
[4.267s] Level 1:colcon.colcon_core.shell:create_environment_hook('stage', 'pkg_config_path')
[4.267s] INFO:colcon.colcon_core.shell:Creating environment hook '/home/liam-bouffard/Desktop/rob599_mobile_robotics/Homework_3/pioneer_ws/install/stage/share/stage/hook/pkg_config_path.ps1'
[4.268s] INFO:colcon.colcon_core.shell:Creating environment descriptor '/home/liam-bouffard/Desktop/rob599_mobile_robotics/Homework_3/pioneer_ws/install/stage/share/stage/hook/pkg_config_path.dsv'
[4.268s] INFO:colcon.colcon_core.shell:Creating environment hook '/home/liam-bouffard/Desktop/rob599_mobile_robotics/Homework_3/pioneer_ws/install/stage/share/stage/hook/pkg_config_path.sh'
[4.269s] Level 1:colcon.colcon_core.shell:create_environment_hook('stage', 'pkg_config_path_multiarch')
[4.269s] INFO:colcon.colcon_core.shell:Creating environment hook '/home/liam-bouffard/Desktop/rob599_mobile_robotics/Homework_3/pioneer_ws/install/stage/share/stage/hook/pkg_config_path_multiarch.ps1'
[4.269s] INFO:colcon.colcon_core.shell:Creating environment descriptor '/home/liam-bouffard/Desktop/rob599_mobile_robotics/Homework_3/pioneer_ws/install/stage/share/stage/hook/pkg_config_path_multiarch.dsv'
[4.270s] INFO:colcon.colcon_core.shell:Creating environment hook '/home/liam-bouffard/Desktop/rob599_mobile_robotics/Homework_3/pioneer_ws/install/stage/share/stage/hook/pkg_config_path_multiarch.sh'
[4.270s] Level 1:colcon.colcon_core.environment:create_environment_scripts_only(stage)
[4.270s] Level 1:colcon.colcon_core.environment:checking '/home/liam-bouffard/Desktop/rob599_mobile_robotics/Homework_3/pioneer_ws/install/stage' for CMake module files
[4.270s] Level 1:colcon.colcon_core.environment:checking '/home/liam-bouffard/Desktop/rob599_mobile_robotics/Homework_3/pioneer_ws/install/stage' for CMake config files
[4.271s] Level 1:colcon.colcon_core.shell:create_environment_hook('stage', 'cmake_prefix_path')
[4.271s] INFO:colcon.colcon_core.shell:Creating environment hook '/home/liam-bouffard/Desktop/rob599_mobile_robotics/Homework_3/pioneer_ws/install/stage/share/stage/hook/cmake_prefix_path.ps1'
[4.271s] INFO:colcon.colcon_core.shell:Creating environment descriptor '/home/liam-bouffard/Desktop/rob599_mobile_robotics/Homework_3/pioneer_ws/install/stage/share/stage/hook/cmake_prefix_path.dsv'
[4.271s] INFO:colcon.colcon_core.shell:Creating environment hook '/home/liam-bouffard/Desktop/rob599_mobile_robotics/Homework_3/pioneer_ws/install/stage/share/stage/hook/cmake_prefix_path.sh'
[4.271s] Level 1:colcon.colcon_core.environment:checking '/home/liam-bouffard/Desktop/rob599_mobile_robotics/Homework_3/pioneer_ws/install/stage/lib'
[4.271s] Level 1:colcon.colcon_core.shell:create_environment_hook('stage', 'ld_library_path_lib')
[4.271s] INFO:colcon.colcon_core.shell:Creating environment hook '/home/liam-bouffard/Desktop/rob599_mobile_robotics/Homework_3/pioneer_ws/install/stage/share/stage/hook/ld_library_path_lib.ps1'
[4.272s] INFO:colcon.colcon_core.shell:Creating environment descriptor '/home/liam-bouffard/Desktop/rob599_mobile_robotics/Homework_3/pioneer_ws/install/stage/share/stage/hook/ld_library_path_lib.dsv'
[4.272s] INFO:colcon.colcon_core.shell:Creating environment hook '/home/liam-bouffard/Desktop/rob599_mobile_robotics/Homework_3/pioneer_ws/install/stage/share/stage/hook/ld_library_path_lib.sh'
[4.272s] Level 1:colcon.colcon_core.environment:checking '/home/liam-bouffard/Desktop/rob599_mobile_robotics/Homework_3/pioneer_ws/install/stage/bin'
[4.272s] Level 1:colcon.colcon_core.shell:create_environment_hook('stage', 'path')
[4.272s] INFO:colcon.colcon_core.shell:Creating environment hook '/home/liam-bouffard/Desktop/rob599_mobile_robotics/Homework_3/pioneer_ws/install/stage/share/stage/hook/path.ps1'
[4.272s] INFO:colcon.colcon_core.shell:Creating environment descriptor '/home/liam-bouffard/Desktop/rob599_mobile_robotics/Homework_3/pioneer_ws/install/stage/share/stage/hook/path.dsv'
[4.273s] INFO:colcon.colcon_core.shell:Creating environment hook '/home/liam-bouffard/Desktop/rob599_mobile_robotics/Homework_3/pioneer_ws/install/stage/share/stage/hook/path.sh'
[4.273s] Level 1:colcon.colcon_core.environment:checking '/home/liam-bouffard/Desktop/rob599_mobile_robotics/Homework_3/pioneer_ws/install/stage/lib/pkgconfig/stage.pc'
[4.273s] Level 1:colcon.colcon_core.shell:create_environment_hook('stage', 'pkg_config')
[4.273s] INFO:colcon.colcon_core.shell:Creating environment hook '/home/liam-bouffard/Desktop/rob599_mobile_robotics/Homework_3/pioneer_ws/install/stage/share/stage/hook/pkg_config.ps1'
[4.273s] INFO:colcon.colcon_core.shell:Creating environment descriptor '/home/liam-bouffard/Desktop/rob599_mobile_robotics/Homework_3/pioneer_ws/install/stage/share/stage/hook/pkg_config.dsv'
[4.274s] INFO:colcon.colcon_core.shell:Creating environment hook '/home/liam-bouffard/Desktop/rob599_mobile_robotics/Homework_3/pioneer_ws/install/stage/share/stage/hook/pkg_config.sh'
[4.274s] Level 1:colcon.colcon_core.environment:checking '/home/liam-bouffard/Desktop/rob599_mobile_robotics/Homework_3/pioneer_ws/install/stage/lib/python3.12/site-packages'
[4.274s] Level 1:colcon.colcon_core.environment:checking '/home/liam-bouffard/Desktop/rob599_mobile_robotics/Homework_3/pioneer_ws/install/stage/bin'
[4.274s] Level 1:colcon.colcon_core.shell:create_environment_hook('stage', 'pythonscriptspath')
[4.274s] INFO:colcon.colcon_core.shell:Creating environment hook '/home/liam-bouffard/Desktop/rob599_mobile_robotics/Homework_3/pioneer_ws/install/stage/share/stage/hook/pythonscriptspath.ps1'
[4.275s] INFO:colcon.colcon_core.shell:Creating environment descriptor '/home/liam-bouffard/Desktop/rob599_mobile_robotics/Homework_3/pioneer_ws/install/stage/share/stage/hook/pythonscriptspath.dsv'
[4.275s] INFO:colcon.colcon_core.shell:Creating environment hook '/home/liam-bouffard/Desktop/rob599_mobile_robotics/Homework_3/pioneer_ws/install/stage/share/stage/hook/pythonscriptspath.sh'
[4.275s] INFO:colcon.colcon_core.shell:Creating package script '/home/liam-bouffard/Desktop/rob599_mobile_robotics/Homework_3/pioneer_ws/install/stage/share/stage/package.ps1'
[4.276s] INFO:colcon.colcon_core.shell:Creating package descriptor '/home/liam-bouffard/Desktop/rob599_mobile_robotics/Homework_3/pioneer_ws/install/stage/share/stage/package.dsv'
[4.276s] INFO:colcon.colcon_core.shell:Creating package script '/home/liam-bouffard/Desktop/rob599_mobile_robotics/Homework_3/pioneer_ws/install/stage/share/stage/package.sh'
[4.276s] INFO:colcon.colcon_core.shell:Creating package script '/home/liam-bouffard/Desktop/rob599_mobile_robotics/Homework_3/pioneer_ws/install/stage/share/stage/package.bash'
[4.276s] INFO:colcon.colcon_core.shell:Creating package script '/home/liam-bouffard/Desktop/rob599_mobile_robotics/Homework_3/pioneer_ws/install/stage/share/stage/package.zsh'
[4.277s] Level 1:colcon.colcon_core.environment:create_file_with_runtime_dependencies(/home/liam-bouffard/Desktop/rob599_mobile_robotics/Homework_3/pioneer_ws/install/stage/share/colcon-core/packages/stage)
[4.277s] INFO:colcon.colcon_ros.task.ament_cmake.build:Building ROS package in '/home/liam-bouffard/Desktop/rob599_mobile_robotics/Homework_3/pioneer_ws/src/stage_ros2' with build type 'ament_cmake'
[4.277s] INFO:colcon.colcon_cmake.task.cmake.build:Building CMake package in '/home/liam-bouffard/Desktop/rob599_mobile_robotics/Homework_3/pioneer_ws/src/stage_ros2'
[4.277s] INFO:colcon.colcon_core.shell:Skip shell extension 'powershell' for command environment: Not usable outside of PowerShell
[4.277s] DEBUG:colcon.colcon_core.shell:Skip shell extension 'dsv' for command environment
[4.288s] DEBUG:colcon.colcon_core.event_handler.log_command:Invoking command in '/home/liam-bouffard/Desktop/rob599_mobile_robotics/Homework_3/pioneer_ws/build/stage_ros2': CMAKE_PREFIX_PATH=/home/liam-bouffard/Desktop/rob599_mobile_robotics/Homework_3/pioneer_ws/install/start_robot:/home/liam-bouffard/Desktop/rob599_mobile_robotics/Homework_3/pioneer_ws/install/pioneer:/opt/ros/kilted:/home/liam-bouffard/Desktop/rob599_mobile_robotics/Homework_3/pioneer_ws/install/stage:/home/liam-bouffard/Desktop/rob599_mobile_robotics/Homework_3/pioneer_ws/install/stage_ros2:/home/liam-bouffard/Desktop/rob599_mobile_robotics/Homework_3/pioneer_ws/install/pioneer_interfaces:/home/liam-bouffard/Desktop/rob599_mobile_robotics/Homework_3/pioneer_ws/install/goal_target:/opt/ros/kilted/opt/gz_sim_vendor:/opt/ros/kilted/opt/gz_sensors_vendor:/opt/ros/kilted/opt/gz_physics_vendor:/opt/ros/kilted/opt/sdformat_vendor:/opt/ros/kilted/opt/gz_gui_vendor:/opt/ros/kilted/opt/gz_transport_vendor:/opt/ros/kilted/opt/gz_rendering_vendor:/opt/ros/kilted/opt/gz_plugin_vendor:/opt/ros/kilted/opt/gz_fuel_tools_vendor:/opt/ros/kilted/opt/gz_msgs_vendor:/opt/ros/kilted/opt/gz_common_vendor:/opt/ros/kilted/opt/gz_math_vendor:/opt/ros/kilted/opt/gz_utils_vendor:/opt/ros/kilted/opt/gz_tools_vendor:/opt/ros/kilted/opt/gz_ogre_next_vendor:/opt/ros/kilted/opt/gz_dartsim_vendor:/opt/ros/kilted/opt/gz_cmake_vendor DEBUGINFOD_URLS=https://debuginfod.ubuntu.com LD_LIBRARY_PATH=/home/liam-bouffard/Desktop/rob599_mobile_robotics/Homework_3/pioneer_ws/install/stage/lib:/home/liam-bouffard/Desktop/rob599_mobile_robotics/Homework_3/pioneer_ws/install/stage_ros2/lib:/home/liam-bouffard/Desktop/rob599_mobile_robotics/Homework_3/pioneer_ws/install/pioneer_interfaces/lib:/home/liam-bouffard/Desktop/rob599_mobile_robotics/Homework_3/pioneer_ws/install/goal_target/lib:/opt/ros/kilted/opt/zenoh_cpp_vendor/lib:/opt/ros/kilted/opt/gz_sim_vendor/lib:/opt/ros/kilted/opt/gz_sensors_vendor/lib:/opt/ros/kilted/opt/gz_physics_vendor/lib:/opt/ros/kilted/opt/sdformat_vendor/lib:/opt/ros/kilted/opt/gz_gui_vendor/lib:/opt/ros/kilted/opt/gz_transport_vendor/lib:/opt/ros/kilted/opt/gz_rendering_vendor/lib:/opt/ros/kilted/opt/gz_plugin_vendor/lib:/opt/ros/kilted/opt/gz_fuel_tools_vendor/lib:/opt/ros/kilted/opt/gz_msgs_vendor/lib:/opt/ros/kilted/opt/gz_common_vendor/lib:/opt/ros/kilted/opt/gz_math_vendor/lib:/opt/ros/kilted/opt/gz_utils_vendor/lib:/opt/ros/kilted/opt/rviz_ogre_vendor/lib:/opt/ros/kilted/lib/x86_64-linux-gnu:/opt/ros/kilted/opt/gz_tools_vendor/lib:/opt/ros/kilted/opt/gz_ogre_next_vendor/lib:/opt/ros/kilted/opt/gz_dartsim_vendor/lib:/opt/ros/kilted/opt/gz_cmake_vendor/lib:/opt/ros/kilted/lib /usr/bin/cmake /home/liam-bouffard/Desktop/rob599_mobile_robotics/Homework_3/pioneer_ws/src/stage_ros2 -DAMENT_CMAKE_SYMLINK_INSTALL=1 -DCMAKE_INSTALL_PREFIX=/home/liam-bouffard/Desktop/rob599_mobile_robotics/Homework_3/pioneer_ws/install/stage_ros2
[5.363s] DEBUG:colcon.colcon_core.event_handler.log_command:Invoked command in '/home/liam-bouffard/Desktop/rob599_mobile_robotics/Homework_3/pioneer_ws/build/stage_ros2' returned '0': CMAKE_PREFIX_PATH=/home/liam-bouffard/Desktop/rob599_mobile_robotics/Homework_3/pioneer_ws/install/start_robot:/home/liam-bouffard/Desktop/rob599_mobile_robotics/Homework_3/pioneer_ws/install/pioneer:/opt/ros/kilted:/home/liam-bouffard/Desktop/rob599_mobile_robotics/Homework_3/pioneer_ws/install/stage:/home/liam-bouffard/Desktop/rob599_mobile_robotics/Homework_3/pioneer_ws/install/stage_ros2:/home/liam-bouffard/Desktop/rob599_mobile_robotics/Homework_3/pioneer_ws/install/pioneer_interfaces:/home/liam-bouffard/Desktop/rob599_mobile_robotics/Homework_3/pioneer_ws/install/goal_target:/opt/ros/kilted/opt/gz_sim_vendor:/opt/ros/kilted/opt/gz_sensors_vendor:/opt/ros/kilted/opt/gz_physics_vendor:/opt/ros/kilted/opt/sdformat_vendor:/opt/ros/kilted/opt/gz_gui_vendor:/opt/ros/kilted/opt/gz_transport_vendor:/opt/ros/kilted/opt/gz_rendering_vendor:/opt/ros/kilted/opt/gz_plugin_vendor:/opt/ros/kilted/opt/gz_fuel_tools_vendor:/opt/ros/kilted/opt/gz_msgs_vendor:/opt/ros/kilted/opt/gz_common_vendor:/opt/ros/kilted/opt/gz_math_vendor:/opt/ros/kilted/opt/gz_utils_vendor:/opt/ros/kilted/opt/gz_tools_vendor:/opt/ros/kilted/opt/gz_ogre_next_vendor:/opt/ros/kilted/opt/gz_dartsim_vendor:/opt/ros/kilted/opt/gz_cmake_vendor DEBUGINFOD_URLS=https://debuginfod.ubuntu.com LD_LIBRARY_PATH=/home/liam-bouffard/Desktop/rob599_mobile_robotics/Homework_3/pioneer_ws/install/stage/lib:/home/liam-bouffard/Desktop/rob599_mobile_robotics/Homework_3/pioneer_ws/install/stage_ros2/lib:/home/liam-bouffard/Desktop/rob599_mobile_robotics/Homework_3/pioneer_ws/install/pioneer_interfaces/lib:/home/liam-bouffard/Desktop/rob599_mobile_robotics/Homework_3/pioneer_ws/install/goal_target/lib:/opt/ros/kilted/opt/zenoh_cpp_vendor/lib:/opt/ros/kilted/opt/gz_sim_vendor/lib:/opt/ros/kilted/opt/gz_sensors_vendor/lib:/opt/ros/kilted/opt/gz_physics_vendor/lib:/opt/ros/kilted/opt/sdformat_vendor/lib:/opt/ros/kilted/opt/gz_gui_vendor/lib:/opt/ros/kilted/opt/gz_transport_vendor/lib:/opt/ros/kilted/opt/gz_rendering_vendor/lib:/opt/ros/kilted/opt/gz_plugin_vendor/lib:/opt/ros/kilted/opt/gz_fuel_tools_vendor/lib:/opt/ros/kilted/opt/gz_msgs_vendor/lib:/opt/ros/kilted/opt/gz_common_vendor/lib:/opt/ros/kilted/opt/gz_math_vendor/lib:/opt/ros/kilted/opt/gz_utils_vendor/lib:/opt/ros/kilted/opt/rviz_ogre_vendor/lib:/opt/ros/kilted/lib/x86_64-linux-gnu:/opt/ros/kilted/opt/gz_tools_vendor/lib:/opt/ros/kilted/opt/gz_ogre_next_vendor/lib:/opt/ros/kilted/opt/gz_dartsim_vendor/lib:/opt/ros/kilted/opt/gz_cmake_vendor/lib:/opt/ros/kilted/lib /usr/bin/cmake /home/liam-bouffard/Desktop/rob599_mobile_robotics/Homework_3/pioneer_ws/src/stage_ros2 -DAMENT_CMAKE_SYMLINK_INSTALL=1 -DCMAKE_INSTALL_PREFIX=/home/liam-bouffard/Desktop/rob599_mobile_robotics/Homework_3/pioneer_ws/install/stage_ros2
[5.364s] DEBUG:colcon.colcon_core.event_handler.log_command:Invoking command in '/home/liam-bouffard/Desktop/rob599_mobile_robotics/Homework_3/pioneer_ws/build/stage_ros2': CMAKE_PREFIX_PATH=/home/liam-bouffard/Desktop/rob599_mobile_robotics/Homework_3/pioneer_ws/install/start_robot:/home/liam-bouffard/Desktop/rob599_mobile_robotics/Homework_3/pioneer_ws/install/pioneer:/opt/ros/kilted:/home/liam-bouffard/Desktop/rob599_mobile_robotics/Homework_3/pioneer_ws/install/stage:/home/liam-bouffard/Desktop/rob599_mobile_robotics/Homework_3/pioneer_ws/install/stage_ros2:/home/liam-bouffard/Desktop/rob599_mobile_robotics/Homework_3/pioneer_ws/install/pioneer_interfaces:/home/liam-bouffard/Desktop/rob599_mobile_robotics/Homework_3/pioneer_ws/install/goal_target:/opt/ros/kilted/opt/gz_sim_vendor:/opt/ros/kilted/opt/gz_sensors_vendor:/opt/ros/kilted/opt/gz_physics_vendor:/opt/ros/kilted/opt/sdformat_vendor:/opt/ros/kilted/opt/gz_gui_vendor:/opt/ros/kilted/opt/gz_transport_vendor:/opt/ros/kilted/opt/gz_rendering_vendor:/opt/ros/kilted/opt/gz_plugin_vendor:/opt/ros/kilted/opt/gz_fuel_tools_vendor:/opt/ros/kilted/opt/gz_msgs_vendor:/opt/ros/kilted/opt/gz_common_vendor:/opt/ros/kilted/opt/gz_math_vendor:/opt/ros/kilted/opt/gz_utils_vendor:/opt/ros/kilted/opt/gz_tools_vendor:/opt/ros/kilted/opt/gz_ogre_next_vendor:/opt/ros/kilted/opt/gz_dartsim_vendor:/opt/ros/kilted/opt/gz_cmake_vendor DEBUGINFOD_URLS=https://debuginfod.ubuntu.com LD_LIBRARY_PATH=/home/liam-bouffard/Desktop/rob599_mobile_robotics/Homework_3/pioneer_ws/install/stage/lib:/home/liam-bouffard/Desktop/rob599_mobile_robotics/Homework_3/pioneer_ws/install/stage_ros2/lib:/home/liam-bouffard/Desktop/rob599_mobile_robotics/Homework_3/pioneer_ws/install/pioneer_interfaces/lib:/home/liam-bouffard/Desktop/rob599_mobile_robotics/Homework_3/pioneer_ws/install/goal_target/lib:/opt/ros/kilted/opt/zenoh_cpp_vendor/lib:/opt/ros/kilted/opt/gz_sim_vendor/lib:/opt/ros/kilted/opt/gz_sensors_vendor/lib:/opt/ros/kilted/opt/gz_physics_vendor/lib:/opt/ros/kilted/opt/sdformat_vendor/lib:/opt/ros/kilted/opt/gz_gui_vendor/lib:/opt/ros/kilted/opt/gz_transport_vendor/lib:/opt/ros/kilted/opt/gz_rendering_vendor/lib:/opt/ros/kilted/opt/gz_plugin_vendor/lib:/opt/ros/kilted/opt/gz_fuel_tools_vendor/lib:/opt/ros/kilted/opt/gz_msgs_vendor/lib:/opt/ros/kilted/opt/gz_common_vendor/lib:/opt/ros/kilted/opt/gz_math_vendor/lib:/opt/ros/kilted/opt/gz_utils_vendor/lib:/opt/ros/kilted/opt/rviz_ogre_vendor/lib:/opt/ros/kilted/lib/x86_64-linux-gnu:/opt/ros/kilted/opt/gz_tools_vendor/lib:/opt/ros/kilted/opt/gz_ogre_next_vendor/lib:/opt/ros/kilted/opt/gz_dartsim_vendor/lib:/opt/ros/kilted/opt/gz_cmake_vendor/lib:/opt/ros/kilted/lib /usr/bin/cmake --build /home/liam-bouffard/Desktop/rob599_mobile_robotics/Homework_3/pioneer_ws/build/stage_ros2 -- -j32 -l32
[5.610s] DEBUG:colcon.colcon_core.event_handler.log_command:Invoked command in '/home/liam-bouffard/Desktop/rob599_mobile_robotics/Homework_3/pioneer_ws/build/pioneer_interfaces' returned '0': CMAKE_PREFIX_PATH=${CMAKE_PREFIX_PATH}:/home/liam-bouffard/Desktop/rob599_mobile_robotics/Homework_3/pioneer_ws/install/start_robot:/home/liam-bouffard/Desktop/rob599_mobile_robotics/Homework_3/pioneer_ws/install/pioneer:/opt/ros/kilted DEBUGINFOD_URLS=https://debuginfod.ubuntu.com /usr/bin/cmake --build /home/liam-bouffard/Desktop/rob599_mobile_robotics/Homework_3/pioneer_ws/build/pioneer_interfaces -- -j32 -l32
[5.611s] DEBUG:colcon.colcon_core.event_handler.log_command:Invoking command in '/home/liam-bouffard/Desktop/rob599_mobile_robotics/Homework_3/pioneer_ws/build/pioneer_interfaces': CMAKE_PREFIX_PATH=${CMAKE_PREFIX_PATH}:/home/liam-bouffard/Desktop/rob599_mobile_robotics/Homework_3/pioneer_ws/install/start_robot:/home/liam-bouffard/Desktop/rob599_mobile_robotics/Homework_3/pioneer_ws/install/pioneer:/opt/ros/kilted DEBUGINFOD_URLS=https://debuginfod.ubuntu.com /usr/bin/cmake --install /home/liam-bouffard/Desktop/rob599_mobile_robotics/Homework_3/pioneer_ws/build/pioneer_interfaces
[6.118s] DEBUG:colcon.colcon_core.event_handler.log_command:Invoked command in '/home/liam-bouffard/Desktop/rob599_mobile_robotics/Homework_3/pioneer_ws/build/goal_target' returned '0': CMAKE_PREFIX_PATH=${CMAKE_PREFIX_PATH}:/home/liam-bouffard/Desktop/rob599_mobile_robotics/Homework_3/pioneer_ws/install/start_robot:/home/liam-bouffard/Desktop/rob599_mobile_robotics/Homework_3/pioneer_ws/install/pioneer:/opt/ros/kilted DEBUGINFOD_URLS=https://debuginfod.ubuntu.com /usr/bin/cmake --build /home/liam-bouffard/Desktop/rob599_mobile_robotics/Homework_3/pioneer_ws/build/goal_target -- -j32 -l32
[6.119s] DEBUG:colcon.colcon_core.event_handler.log_command:Invoking command in '/home/liam-bouffard/Desktop/rob599_mobile_robotics/Homework_3/pioneer_ws/build/goal_target': CMAKE_PREFIX_PATH=${CMAKE_PREFIX_PATH}:/home/liam-bouffard/Desktop/rob599_mobile_robotics/Homework_3/pioneer_ws/install/start_robot:/home/liam-bouffard/Desktop/rob599_mobile_robotics/Homework_3/pioneer_ws/install/pioneer:/opt/ros/kilted DEBUGINFOD_URLS=https://debuginfod.ubuntu.com /usr/bin/cmake --install /home/liam-bouffard/Desktop/rob599_mobile_robotics/Homework_3/pioneer_ws/build/goal_target
[6.340s] Level 1:colcon.colcon_core.environment:create_environment_scripts_only(pioneer_interfaces)
[6.340s] Level 1:colcon.colcon_core.environment:checking '/home/liam-bouffard/Desktop/rob599_mobile_robotics/Homework_3/pioneer_ws/install/pioneer_interfaces' for CMake module files
[6.340s] DEBUG:colcon.colcon_core.event_handler.log_command:Invoked command in '/home/liam-bouffard/Desktop/rob599_mobile_robotics/Homework_3/pioneer_ws/build/pioneer_interfaces' returned '0': CMAKE_PREFIX_PATH=${CMAKE_PREFIX_PATH}:/home/liam-bouffard/Desktop/rob599_mobile_robotics/Homework_3/pioneer_ws/install/start_robot:/home/liam-bouffard/Desktop/rob599_mobile_robotics/Homework_3/pioneer_ws/install/pioneer:/opt/ros/kilted DEBUGINFOD_URLS=https://debuginfod.ubuntu.com /usr/bin/cmake --install /home/liam-bouffard/Desktop/rob599_mobile_robotics/Homework_3/pioneer_ws/build/pioneer_interfaces
[6.341s] Level 1:colcon.colcon_core.environment:checking '/home/liam-bouffard/Desktop/rob599_mobile_robotics/Homework_3/pioneer_ws/install/pioneer_interfaces' for CMake config files
[6.341s] Level 1:colcon.colcon_core.shell:create_environment_hook('pioneer_interfaces', 'cmake_prefix_path')
[6.341s] INFO:colcon.colcon_core.shell:Creating environment hook '/home/liam-bouffard/Desktop/rob599_mobile_robotics/Homework_3/pioneer_ws/install/pioneer_interfaces/share/pioneer_interfaces/hook/cmake_prefix_path.ps1'
[6.342s] INFO:colcon.colcon_core.shell:Creating environment descriptor '/home/liam-bouffard/Desktop/rob599_mobile_robotics/Homework_3/pioneer_ws/install/pioneer_interfaces/share/pioneer_interfaces/hook/cmake_prefix_path.dsv'
[6.342s] INFO:colcon.colcon_core.shell:Creating environment hook '/home/liam-bouffard/Desktop/rob599_mobile_robotics/Homework_3/pioneer_ws/install/pioneer_interfaces/share/pioneer_interfaces/hook/cmake_prefix_path.sh'
[6.342s] Level 1:colcon.colcon_core.environment:checking '/home/liam-bouffard/Desktop/rob599_mobile_robotics/Homework_3/pioneer_ws/install/pioneer_interfaces/lib'
[6.342s] Level 1:colcon.colcon_core.shell:create_environment_hook('pioneer_interfaces', 'ld_library_path_lib')
[6.342s] INFO:colcon.colcon_core.shell:Creating environment hook '/home/liam-bouffard/Desktop/rob599_mobile_robotics/Homework_3/pioneer_ws/install/pioneer_interfaces/share/pioneer_interfaces/hook/ld_library_path_lib.ps1'
[6.342s] INFO:colcon.colcon_core.shell:Creating environment descriptor '/home/liam-bouffard/Desktop/rob599_mobile_robotics/Homework_3/pioneer_ws/install/pioneer_interfaces/share/pioneer_interfaces/hook/ld_library_path_lib.dsv'
[6.343s] INFO:colcon.colcon_core.shell:Creating environment hook '/home/liam-bouffard/Desktop/rob599_mobile_robotics/Homework_3/pioneer_ws/install/pioneer_interfaces/share/pioneer_interfaces/hook/ld_library_path_lib.sh'
[6.343s] Level 1:colcon.colcon_core.environment:checking '/home/liam-bouffard/Desktop/rob599_mobile_robotics/Homework_3/pioneer_ws/install/pioneer_interfaces/bin'
[6.343s] Level 1:colcon.colcon_core.environment:checking '/home/liam-bouffard/Desktop/rob599_mobile_robotics/Homework_3/pioneer_ws/install/pioneer_interfaces/lib/pkgconfig/pioneer_interfaces.pc'
[6.343s] Level 1:colcon.colcon_core.environment:checking '/home/liam-bouffard/Desktop/rob599_mobile_robotics/Homework_3/pioneer_ws/install/pioneer_interfaces/lib/python3.12/site-packages'
[6.343s] Level 1:colcon.colcon_core.shell:create_environment_hook('pioneer_interfaces', 'pythonpath')
[6.343s] INFO:colcon.colcon_core.shell:Creating environment hook '/home/liam-bouffard/Desktop/rob599_mobile_robotics/Homework_3/pioneer_ws/install/pioneer_interfaces/share/pioneer_interfaces/hook/pythonpath.ps1'
[6.343s] INFO:colcon.colcon_core.shell:Creating environment descriptor '/home/liam-bouffard/Desktop/rob599_mobile_robotics/Homework_3/pioneer_ws/install/pioneer_interfaces/share/pioneer_interfaces/hook/pythonpath.dsv'
[6.343s] INFO:colcon.colcon_core.shell:Creating environment hook '/home/liam-bouffard/Desktop/rob599_mobile_robotics/Homework_3/pioneer_ws/install/pioneer_interfaces/share/pioneer_interfaces/hook/pythonpath.sh'
[6.344s] Level 1:colcon.colcon_core.environment:checking '/home/liam-bouffard/Desktop/rob599_mobile_robotics/Homework_3/pioneer_ws/install/pioneer_interfaces/bin'
[6.344s] INFO:colcon.colcon_core.shell:Creating package script '/home/liam-bouffard/Desktop/rob599_mobile_robotics/Homework_3/pioneer_ws/install/pioneer_interfaces/share/pioneer_interfaces/package.ps1'
[6.344s] INFO:colcon.colcon_core.shell:Creating package descriptor '/home/liam-bouffard/Desktop/rob599_mobile_robotics/Homework_3/pioneer_ws/install/pioneer_interfaces/share/pioneer_interfaces/package.dsv'
[6.345s] INFO:colcon.colcon_core.shell:Creating package script '/home/liam-bouffard/Desktop/rob599_mobile_robotics/Homework_3/pioneer_ws/install/pioneer_interfaces/share/pioneer_interfaces/package.sh'
[6.345s] INFO:colcon.colcon_core.shell:Creating package script '/home/liam-bouffard/Desktop/rob599_mobile_robotics/Homework_3/pioneer_ws/install/pioneer_interfaces/share/pioneer_interfaces/package.bash'
[6.345s] INFO:colcon.colcon_core.shell:Creating package script '/home/liam-bouffard/Desktop/rob599_mobile_robotics/Homework_3/pioneer_ws/install/pioneer_interfaces/share/pioneer_interfaces/package.zsh'
[6.345s] Level 1:colcon.colcon_core.environment:create_file_with_runtime_dependencies(/home/liam-bouffard/Desktop/rob599_mobile_robotics/Homework_3/pioneer_ws/install/pioneer_interfaces/share/colcon-core/packages/pioneer_interfaces)
[6.345s] Level 1:colcon.colcon_core.environment:create_environment_scripts_only(pioneer_interfaces)
[6.345s] Level 1:colcon.colcon_core.environment:checking '/home/liam-bouffard/Desktop/rob599_mobile_robotics/Homework_3/pioneer_ws/install/pioneer_interfaces' for CMake module files
[6.346s] Level 1:colcon.colcon_core.environment:checking '/home/liam-bouffard/Desktop/rob599_mobile_robotics/Homework_3/pioneer_ws/install/pioneer_interfaces' for CMake config files
[6.346s] Level 1:colcon.colcon_core.shell:create_environment_hook('pioneer_interfaces', 'cmake_prefix_path')
[6.346s] INFO:colcon.colcon_core.shell:Creating environment hook '/home/liam-bouffard/Desktop/rob599_mobile_robotics/Homework_3/pioneer_ws/install/pioneer_interfaces/share/pioneer_interfaces/hook/cmake_prefix_path.ps1'
[6.347s] INFO:colcon.colcon_core.shell:Creating environment descriptor '/home/liam-bouffard/Desktop/rob599_mobile_robotics/Homework_3/pioneer_ws/install/pioneer_interfaces/share/pioneer_interfaces/hook/cmake_prefix_path.dsv'
[6.347s] INFO:colcon.colcon_core.shell:Creating environment hook '/home/liam-bouffard/Desktop/rob599_mobile_robotics/Homework_3/pioneer_ws/install/pioneer_interfaces/share/pioneer_interfaces/hook/cmake_prefix_path.sh'
[6.347s] Level 1:colcon.colcon_core.environment:checking '/home/liam-bouffard/Desktop/rob599_mobile_robotics/Homework_3/pioneer_ws/install/pioneer_interfaces/lib'
[6.347s] Level 1:colcon.colcon_core.shell:create_environment_hook('pioneer_interfaces', 'ld_library_path_lib')
[6.348s] INFO:colcon.colcon_core.shell:Creating environment hook '/home/liam-bouffard/Desktop/rob599_mobile_robotics/Homework_3/pioneer_ws/install/pioneer_interfaces/share/pioneer_interfaces/hook/ld_library_path_lib.ps1'
[6.348s] INFO:colcon.colcon_core.shell:Creating environment descriptor '/home/liam-bouffard/Desktop/rob599_mobile_robotics/Homework_3/pioneer_ws/install/pioneer_interfaces/share/pioneer_interfaces/hook/ld_library_path_lib.dsv'
[6.348s] INFO:colcon.colcon_core.shell:Creating environment hook '/home/liam-bouffard/Desktop/rob599_mobile_robotics/Homework_3/pioneer_ws/install/pioneer_interfaces/share/pioneer_interfaces/hook/ld_library_path_lib.sh'
[6.348s] Level 1:colcon.colcon_core.environment:checking '/home/liam-bouffard/Desktop/rob599_mobile_robotics/Homework_3/pioneer_ws/install/pioneer_interfaces/bin'
[6.348s] Level 1:colcon.colcon_core.environment:checking '/home/liam-bouffard/Desktop/rob599_mobile_robotics/Homework_3/pioneer_ws/install/pioneer_interfaces/lib/pkgconfig/pioneer_interfaces.pc'
[6.348s] Level 1:colcon.colcon_core.environment:checking '/home/liam-bouffard/Desktop/rob599_mobile_robotics/Homework_3/pioneer_ws/install/pioneer_interfaces/lib/python3.12/site-packages'
[6.348s] Level 1:colcon.colcon_core.shell:create_environment_hook('pioneer_interfaces', 'pythonpath')
[6.348s] INFO:colcon.colcon_core.shell:Creating environment hook '/home/liam-bouffard/Desktop/rob599_mobile_robotics/Homework_3/pioneer_ws/install/pioneer_interfaces/share/pioneer_interfaces/hook/pythonpath.ps1'
[6.349s] INFO:colcon.colcon_core.shell:Creating environment descriptor '/home/liam-bouffard/Desktop/rob599_mobile_robotics/Homework_3/pioneer_ws/install/pioneer_interfaces/share/pioneer_interfaces/hook/pythonpath.dsv'
[6.349s] INFO:colcon.colcon_core.shell:Creating environment hook '/home/liam-bouffard/Desktop/rob599_mobile_robotics/Homework_3/pioneer_ws/install/pioneer_interfaces/share/pioneer_interfaces/hook/pythonpath.sh'
[6.349s] Level 1:colcon.colcon_core.environment:checking '/home/liam-bouffard/Desktop/rob599_mobile_robotics/Homework_3/pioneer_ws/install/pioneer_interfaces/bin'
[6.349s] INFO:colcon.colcon_core.shell:Creating package script '/home/liam-bouffard/Desktop/rob599_mobile_robotics/Homework_3/pioneer_ws/install/pioneer_interfaces/share/pioneer_interfaces/package.ps1'
[6.350s] INFO:colcon.colcon_core.shell:Creating package descriptor '/home/liam-bouffard/Desktop/rob599_mobile_robotics/Homework_3/pioneer_ws/install/pioneer_interfaces/share/pioneer_interfaces/package.dsv'
[6.350s] INFO:colcon.colcon_core.shell:Creating package script '/home/liam-bouffard/Desktop/rob599_mobile_robotics/Homework_3/pioneer_ws/install/pioneer_interfaces/share/pioneer_interfaces/package.sh'
[6.350s] INFO:colcon.colcon_core.shell:Creating package script '/home/liam-bouffard/Desktop/rob599_mobile_robotics/Homework_3/pioneer_ws/install/pioneer_interfaces/share/pioneer_interfaces/package.bash'
[6.351s] INFO:colcon.colcon_core.shell:Creating package script '/home/liam-bouffard/Desktop/rob599_mobile_robotics/Homework_3/pioneer_ws/install/pioneer_interfaces/share/pioneer_interfaces/package.zsh'
[6.351s] Level 1:colcon.colcon_core.environment:create_file_with_runtime_dependencies(/home/liam-bouffard/Desktop/rob599_mobile_robotics/Homework_3/pioneer_ws/install/pioneer_interfaces/share/colcon-core/packages/pioneer_interfaces)
[6.688s] Level 1:colcon.colcon_core.environment:create_environment_scripts_only(goal_target)
[6.688s] DEBUG:colcon.colcon_core.event_handler.log_command:Invoked command in '/home/liam-bouffard/Desktop/rob599_mobile_robotics/Homework_3/pioneer_ws/build/goal_target' returned '0': CMAKE_PREFIX_PATH=${CMAKE_PREFIX_PATH}:/home/liam-bouffard/Desktop/rob599_mobile_robotics/Homework_3/pioneer_ws/install/start_robot:/home/liam-bouffard/Desktop/rob599_mobile_robotics/Homework_3/pioneer_ws/install/pioneer:/opt/ros/kilted DEBUGINFOD_URLS=https://debuginfod.ubuntu.com /usr/bin/cmake --install /home/liam-bouffard/Desktop/rob599_mobile_robotics/Homework_3/pioneer_ws/build/goal_target
[6.689s] Level 1:colcon.colcon_core.environment:checking '/home/liam-bouffard/Desktop/rob599_mobile_robotics/Homework_3/pioneer_ws/install/goal_target' for CMake module files
[6.690s] Level 1:colcon.colcon_core.environment:checking '/home/liam-bouffard/Desktop/rob599_mobile_robotics/Homework_3/pioneer_ws/install/goal_target' for CMake config files
[6.690s] Level 1:colcon.colcon_core.shell:create_environment_hook('goal_target', 'cmake_prefix_path')
[6.691s] INFO:colcon.colcon_core.shell:Creating environment hook '/home/liam-bouffard/Desktop/rob599_mobile_robotics/Homework_3/pioneer_ws/install/goal_target/share/goal_target/hook/cmake_prefix_path.ps1'
[6.691s] INFO:colcon.colcon_core.shell:Creating environment descriptor '/home/liam-bouffard/Desktop/rob599_mobile_robotics/Homework_3/pioneer_ws/install/goal_target/share/goal_target/hook/cmake_prefix_path.dsv'
[6.691s] INFO:colcon.colcon_core.shell:Creating environment hook '/home/liam-bouffard/Desktop/rob599_mobile_robotics/Homework_3/pioneer_ws/install/goal_target/share/goal_target/hook/cmake_prefix_path.sh'
[6.692s] Level 1:colcon.colcon_core.environment:checking '/home/liam-bouffard/Desktop/rob599_mobile_robotics/Homework_3/pioneer_ws/install/goal_target/lib'
[6.692s] Level 1:colcon.colcon_core.shell:create_environment_hook('goal_target', 'ld_library_path_lib')
[6.692s] INFO:colcon.colcon_core.shell:Creating environment hook '/home/liam-bouffard/Desktop/rob599_mobile_robotics/Homework_3/pioneer_ws/install/goal_target/share/goal_target/hook/ld_library_path_lib.ps1'
[6.693s] INFO:colcon.colcon_core.shell:Creating environment descriptor '/home/liam-bouffard/Desktop/rob599_mobile_robotics/Homework_3/pioneer_ws/install/goal_target/share/goal_target/hook/ld_library_path_lib.dsv'
[6.693s] INFO:colcon.colcon_core.shell:Creating environment hook '/home/liam-bouffard/Desktop/rob599_mobile_robotics/Homework_3/pioneer_ws/install/goal_target/share/goal_target/hook/ld_library_path_lib.sh'
[6.693s] Level 1:colcon.colcon_core.environment:checking '/home/liam-bouffard/Desktop/rob599_mobile_robotics/Homework_3/pioneer_ws/install/goal_target/bin'
[6.693s] Level 1:colcon.colcon_core.environment:checking '/home/liam-bouffard/Desktop/rob599_mobile_robotics/Homework_3/pioneer_ws/install/goal_target/lib/pkgconfig/goal_target.pc'
[6.694s] Level 1:colcon.colcon_core.environment:checking '/home/liam-bouffard/Desktop/rob599_mobile_robotics/Homework_3/pioneer_ws/install/goal_target/lib/python3.12/site-packages'
[6.694s] Level 1:colcon.colcon_core.shell:create_environment_hook('goal_target', 'pythonpath')
[6.694s] INFO:colcon.colcon_core.shell:Creating environment hook '/home/liam-bouffard/Desktop/rob599_mobile_robotics/Homework_3/pioneer_ws/install/goal_target/share/goal_target/hook/pythonpath.ps1'
[6.694s] INFO:colcon.colcon_core.shell:Creating environment descriptor '/home/liam-bouffard/Desktop/rob599_mobile_robotics/Homework_3/pioneer_ws/install/goal_target/share/goal_target/hook/pythonpath.dsv'
[6.694s] INFO:colcon.colcon_core.shell:Creating environment hook '/home/liam-bouffard/Desktop/rob599_mobile_robotics/Homework_3/pioneer_ws/install/goal_target/share/goal_target/hook/pythonpath.sh'
[6.695s] Level 1:colcon.colcon_core.environment:checking '/home/liam-bouffard/Desktop/rob599_mobile_robotics/Homework_3/pioneer_ws/install/goal_target/bin'
[6.695s] INFO:colcon.colcon_core.shell:Creating package script '/home/liam-bouffard/Desktop/rob599_mobile_robotics/Homework_3/pioneer_ws/install/goal_target/share/goal_target/package.ps1'
[6.696s] INFO:colcon.colcon_core.shell:Creating package descriptor '/home/liam-bouffard/Desktop/rob599_mobile_robotics/Homework_3/pioneer_ws/install/goal_target/share/goal_target/package.dsv'
[6.696s] INFO:colcon.colcon_core.shell:Creating package script '/home/liam-bouffard/Desktop/rob599_mobile_robotics/Homework_3/pioneer_ws/install/goal_target/share/goal_target/package.sh'
[6.697s] INFO:colcon.colcon_core.shell:Creating package script '/home/liam-bouffard/Desktop/rob599_mobile_robotics/Homework_3/pioneer_ws/install/goal_target/share/goal_target/package.bash'
[6.697s] INFO:colcon.colcon_core.shell:Creating package script '/home/liam-bouffard/Desktop/rob599_mobile_robotics/Homework_3/pioneer_ws/install/goal_target/share/goal_target/package.zsh'
[6.697s] Level 1:colcon.colcon_core.environment:create_file_with_runtime_dependencies(/home/liam-bouffard/Desktop/rob599_mobile_robotics/Homework_3/pioneer_ws/install/goal_target/share/colcon-core/packages/goal_target)
[6.698s] Level 1:colcon.colcon_core.environment:create_environment_scripts_only(goal_target)
[6.698s] Level 1:colcon.colcon_core.environment:checking '/home/liam-bouffard/Desktop/rob599_mobile_robotics/Homework_3/pioneer_ws/install/goal_target' for CMake module files
[6.699s] Level 1:colcon.colcon_core.environment:checking '/home/liam-bouffard/Desktop/rob599_mobile_robotics/Homework_3/pioneer_ws/install/goal_target' for CMake config files
[6.700s] Level 1:colcon.colcon_core.shell:create_environment_hook('goal_target', 'cmake_prefix_path')
[6.700s] INFO:colcon.colcon_core.shell:Creating environment hook '/home/liam-bouffard/Desktop/rob599_mobile_robotics/Homework_3/pioneer_ws/install/goal_target/share/goal_target/hook/cmake_prefix_path.ps1'
[6.700s] INFO:colcon.colcon_core.shell:Creating environment descriptor '/home/liam-bouffard/Desktop/rob599_mobile_robotics/Homework_3/pioneer_ws/install/goal_target/share/goal_target/hook/cmake_prefix_path.dsv'
[6.700s] INFO:colcon.colcon_core.shell:Creating environment hook '/home/liam-bouffard/Desktop/rob599_mobile_robotics/Homework_3/pioneer_ws/install/goal_target/share/goal_target/hook/cmake_prefix_path.sh'
[6.701s] Level 1:colcon.colcon_core.environment:checking '/home/liam-bouffard/Desktop/rob599_mobile_robotics/Homework_3/pioneer_ws/install/goal_target/lib'
[6.701s] Level 1:colcon.colcon_core.shell:create_environment_hook('goal_target', 'ld_library_path_lib')
[6.701s] INFO:colcon.colcon_core.shell:Creating environment hook '/home/liam-bouffard/Desktop/rob599_mobile_robotics/Homework_3/pioneer_ws/install/goal_target/share/goal_target/hook/ld_library_path_lib.ps1'
[6.701s] INFO:colcon.colcon_core.shell:Creating environment descriptor '/home/liam-bouffard/Desktop/rob599_mobile_robotics/Homework_3/pioneer_ws/install/goal_target/share/goal_target/hook/ld_library_path_lib.dsv'
[6.702s] INFO:colcon.colcon_core.shell:Creating environment hook '/home/liam-bouffard/Desktop/rob599_mobile_robotics/Homework_3/pioneer_ws/install/goal_target/share/goal_target/hook/ld_library_path_lib.sh'
[6.702s] Level 1:colcon.colcon_core.environment:checking '/home/liam-bouffard/Desktop/rob599_mobile_robotics/Homework_3/pioneer_ws/install/goal_target/bin'
[6.702s] Level 1:colcon.colcon_core.environment:checking '/home/liam-bouffard/Desktop/rob599_mobile_robotics/Homework_3/pioneer_ws/install/goal_target/lib/pkgconfig/goal_target.pc'
[6.702s] Level 1:colcon.colcon_core.environment:checking '/home/liam-bouffard/Desktop/rob599_mobile_robotics/Homework_3/pioneer_ws/install/goal_target/lib/python3.12/site-packages'
[6.702s] Level 1:colcon.colcon_core.shell:create_environment_hook('goal_target', 'pythonpath')
[6.702s] INFO:colcon.colcon_core.shell:Creating environment hook '/home/liam-bouffard/Desktop/rob599_mobile_robotics/Homework_3/pioneer_ws/install/goal_target/share/goal_target/hook/pythonpath.ps1'
[6.703s] INFO:colcon.colcon_core.shell:Creating environment descriptor '/home/liam-bouffard/Desktop/rob599_mobile_robotics/Homework_3/pioneer_ws/install/goal_target/share/goal_target/hook/pythonpath.dsv'
[6.703s] INFO:colcon.colcon_core.shell:Creating environment hook '/home/liam-bouffard/Desktop/rob599_mobile_robotics/Homework_3/pioneer_ws/install/goal_target/share/goal_target/hook/pythonpath.sh'
[6.704s] Level 1:colcon.colcon_core.environment:checking '/home/liam-bouffard/Desktop/rob599_mobile_robotics/Homework_3/pioneer_ws/install/goal_target/bin'
[6.704s] INFO:colcon.colcon_core.shell:Creating package script '/home/liam-bouffard/Desktop/rob599_mobile_robotics/Homework_3/pioneer_ws/install/goal_target/share/goal_target/package.ps1'
[6.705s] INFO:colcon.colcon_core.shell:Creating package descriptor '/home/liam-bouffard/Desktop/rob599_mobile_robotics/Homework_3/pioneer_ws/install/goal_target/share/goal_target/package.dsv'
[6.705s] INFO:colcon.colcon_core.shell:Creating package script '/home/liam-bouffard/Desktop/rob599_mobile_robotics/Homework_3/pioneer_ws/install/goal_target/share/goal_target/package.sh'
[6.705s] INFO:colcon.colcon_core.shell:Creating package script '/home/liam-bouffard/Desktop/rob599_mobile_robotics/Homework_3/pioneer_ws/install/goal_target/share/goal_target/package.bash'
[6.706s] INFO:colcon.colcon_core.shell:Creating package script '/home/liam-bouffard/Desktop/rob599_mobile_robotics/Homework_3/pioneer_ws/install/goal_target/share/goal_target/package.zsh'
[6.706s] Level 1:colcon.colcon_core.environment:create_file_with_runtime_dependencies(/home/liam-bouffard/Desktop/rob599_mobile_robotics/Homework_3/pioneer_ws/install/goal_target/share/colcon-core/packages/goal_target)
[6.706s] INFO:colcon.colcon_ros.task.ament_python.build:Building ROS package in '/home/liam-bouffard/Desktop/rob599_mobile_robotics/Homework_3/pioneer_ws/src/pioneer' with build type 'ament_python'
[6.707s] Level 1:colcon.colcon_core.shell:create_environment_hook('pioneer', 'ament_prefix_path')
[6.707s] INFO:colcon.colcon_core.shell:Creating environment hook '/home/liam-bouffard/Desktop/rob599_mobile_robotics/Homework_3/pioneer_ws/install/pioneer/share/pioneer/hook/ament_prefix_path.ps1'
[6.707s] INFO:colcon.colcon_core.shell:Creating environment descriptor '/home/liam-bouffard/Desktop/rob599_mobile_robotics/Homework_3/pioneer_ws/install/pioneer/share/pioneer/hook/ament_prefix_path.dsv'
[6.708s] INFO:colcon.colcon_core.shell:Creating environment hook '/home/liam-bouffard/Desktop/rob599_mobile_robotics/Homework_3/pioneer_ws/install/pioneer/share/pioneer/hook/ament_prefix_path.sh'
[6.708s] INFO:colcon.colcon_core.shell:Skip shell extension 'powershell' for command environment: Not usable outside of PowerShell
[6.708s] DEBUG:colcon.colcon_core.shell:Skip shell extension 'dsv' for command environment
[6.894s] INFO:colcon.colcon_core.task.python.build:Building Python package in '/home/liam-bouffard/Desktop/rob599_mobile_robotics/Homework_3/pioneer_ws/src/pioneer'
[6.894s] INFO:colcon.colcon_core.shell:Skip shell extension 'powershell' for command environment: Not usable outside of PowerShell
[6.894s] DEBUG:colcon.colcon_core.shell:Skip shell extension 'dsv' for command environment
[7.348s] DEBUG:colcon.colcon_core.event_handler.log_command:Invoking command in '/home/liam-bouffard/Desktop/rob599_mobile_robotics/Homework_3/pioneer_ws/build/pioneer': CMAKE_PREFIX_PATH=/home/liam-bouffard/Desktop/rob599_mobile_robotics/Homework_3/pioneer_ws/install/pioneer_interfaces:/home/liam-bouffard/Desktop/rob599_mobile_robotics/Homework_3/pioneer_ws/install/goal_target:/home/liam-bouffard/Desktop/rob599_mobile_robotics/Homework_3/pioneer_ws/install/stage_ros2:/home/liam-bouffard/Desktop/rob599_mobile_robotics/Homework_3/pioneer_ws/install/stage:/opt/ros/kilted/opt/gz_sim_vendor:/opt/ros/kilted/opt/gz_sensors_vendor:/opt/ros/kilted/opt/gz_physics_vendor:/opt/ros/kilted/opt/sdformat_vendor:/opt/ros/kilted/opt/gz_gui_vendor:/opt/ros/kilted/opt/gz_transport_vendor:/opt/ros/kilted/opt/gz_rendering_vendor:/opt/ros/kilted/opt/gz_plugin_vendor:/opt/ros/kilted/opt/gz_fuel_tools_vendor:/opt/ros/kilted/opt/gz_msgs_vendor:/opt/ros/kilted/opt/gz_common_vendor:/opt/ros/kilted/opt/gz_math_vendor:/opt/ros/kilted/opt/gz_utils_vendor:/opt/ros/kilted/opt/gz_tools_vendor:/opt/ros/kilted/opt/gz_ogre_next_vendor:/opt/ros/kilted/opt/gz_dartsim_vendor:/opt/ros/kilted/opt/gz_cmake_vendor DEBUGINFOD_URLS=https://debuginfod.ubuntu.com LD_LIBRARY_PATH=/home/liam-bouffard/Desktop/rob599_mobile_robotics/Homework_3/pioneer_ws/install/pioneer_interfaces/lib:/home/liam-bouffard/Desktop/rob599_mobile_robotics/Homework_3/pioneer_ws/install/goal_target/lib:/home/liam-bouffard/Desktop/rob599_mobile_robotics/Homework_3/pioneer_ws/install/stage_ros2/lib:/home/liam-bouffard/Desktop/rob599_mobile_robotics/Homework_3/pioneer_ws/install/stage/lib:/opt/ros/kilted/opt/zenoh_cpp_vendor/lib:/opt/ros/kilted/opt/gz_sim_vendor/lib:/opt/ros/kilted/opt/gz_sensors_vendor/lib:/opt/ros/kilted/opt/gz_physics_vendor/lib:/opt/ros/kilted/opt/sdformat_vendor/lib:/opt/ros/kilted/opt/gz_gui_vendor/lib:/opt/ros/kilted/opt/gz_transport_vendor/lib:/opt/ros/kilted/opt/gz_rendering_vendor/lib:/opt/ros/kilted/opt/gz_plugin_vendor/lib:/opt/ros/kilted/opt/gz_fuel_tools_vendor/lib:/opt/ros/kilted/opt/gz_msgs_vendor/lib:/opt/ros/kilted/opt/gz_common_vendor/lib:/opt/ros/kilted/opt/gz_math_vendor/lib:/opt/ros/kilted/opt/gz_utils_vendor/lib:/opt/ros/kilted/opt/rviz_ogre_vendor/lib:/opt/ros/kilted/lib/x86_64-linux-gnu:/opt/ros/kilted/opt/gz_tools_vendor/lib:/opt/ros/kilted/opt/gz_ogre_next_vendor/lib:/opt/ros/kilted/opt/gz_dartsim_vendor/lib:/opt/ros/kilted/opt/gz_cmake_vendor/lib:/opt/ros/kilted/lib PYTHONPATH=/home/liam-bouffard/Desktop/rob599_mobile_robotics/Homework_3/pioneer_ws/build/pioneer/prefix_override:/usr/lib/python3/dist-packages/colcon_core/task/python/colcon_distutils_commands:/home/liam-bouffard/Desktop/rob599_mobile_robotics/Homework_3/pioneer_ws/install/pioneer/lib/python3.12/site-packages:/home/liam-bouffard/Desktop/rob599_mobile_robotics/Homework_3/pioneer_ws/install/pioneer_interfaces/lib/python3.12/site-packages:/home/liam-bouffard/Desktop/rob599_mobile_robotics/Homework_3/pioneer_ws/install/goal_target/lib/python3.12/site-packages:/home/liam-bouffard/Desktop/rob599_mobile_robotics/Homework_3/pioneer_ws/build/start_robot:/home/liam-bouffard/Desktop/rob599_mobile_robotics/Homework_3/pioneer_ws/install/start_robot/lib/python3.12/site-packages:/home/liam-bouffard/Desktop/rob599_mobile_robotics/Homework_3/pioneer_ws/build/pioneer:/home/liam-bouffard/Desktop/rob599_mobile_robotics/Homework_3/pioneer_ws/install/pioneer/lib/python3.12/site-packages:/opt/ros/kilted/lib/python3.12/site-packages /usr/bin/python3 -W ignore:setup.py install is deprecated -W ignore:easy_install command is deprecated setup.py develop --editable --build-directory /home/liam-bouffard/Desktop/rob599_mobile_robotics/Homework_3/pioneer_ws/build/pioneer/build --no-deps symlink_data
[7.848s] Level 1:colcon.colcon_core.shell:create_environment_hook('pioneer', 'pythonpath_develop')
[7.849s] INFO:colcon.colcon_core.shell:Creating environment hook '/home/liam-bouffard/Desktop/rob599_mobile_robotics/Homework_3/pioneer_ws/build/pioneer/share/pioneer/hook/pythonpath_develop.ps1'
[7.849s] DEBUG:colcon.colcon_core.event_handler.log_command:Invoked command in '/home/liam-bouffard/Desktop/rob599_mobile_robotics/Homework_3/pioneer_ws/build/pioneer' returned '0': CMAKE_PREFIX_PATH=/home/liam-bouffard/Desktop/rob599_mobile_robotics/Homework_3/pioneer_ws/install/pioneer_interfaces:/home/liam-bouffard/Desktop/rob599_mobile_robotics/Homework_3/pioneer_ws/install/goal_target:/home/liam-bouffard/Desktop/rob599_mobile_robotics/Homework_3/pioneer_ws/install/stage_ros2:/home/liam-bouffard/Desktop/rob599_mobile_robotics/Homework_3/pioneer_ws/install/stage:/opt/ros/kilted/opt/gz_sim_vendor:/opt/ros/kilted/opt/gz_sensors_vendor:/opt/ros/kilted/opt/gz_physics_vendor:/opt/ros/kilted/opt/sdformat_vendor:/opt/ros/kilted/opt/gz_gui_vendor:/opt/ros/kilted/opt/gz_transport_vendor:/opt/ros/kilted/opt/gz_rendering_vendor:/opt/ros/kilted/opt/gz_plugin_vendor:/opt/ros/kilted/opt/gz_fuel_tools_vendor:/opt/ros/kilted/opt/gz_msgs_vendor:/opt/ros/kilted/opt/gz_common_vendor:/opt/ros/kilted/opt/gz_math_vendor:/opt/ros/kilted/opt/gz_utils_vendor:/opt/ros/kilted/opt/gz_tools_vendor:/opt/ros/kilted/opt/gz_ogre_next_vendor:/opt/ros/kilted/opt/gz_dartsim_vendor:/opt/ros/kilted/opt/gz_cmake_vendor DEBUGINFOD_URLS=https://debuginfod.ubuntu.com LD_LIBRARY_PATH=/home/liam-bouffard/Desktop/rob599_mobile_robotics/Homework_3/pioneer_ws/install/pioneer_interfaces/lib:/home/liam-bouffard/Desktop/rob599_mobile_robotics/Homework_3/pioneer_ws/install/goal_target/lib:/home/liam-bouffard/Desktop/rob599_mobile_robotics/Homework_3/pioneer_ws/install/stage_ros2/lib:/home/liam-bouffard/Desktop/rob599_mobile_robotics/Homework_3/pioneer_ws/install/stage/lib:/opt/ros/kilted/opt/zenoh_cpp_vendor/lib:/opt/ros/kilted/opt/gz_sim_vendor/lib:/opt/ros/kilted/opt/gz_sensors_vendor/lib:/opt/ros/kilted/opt/gz_physics_vendor/lib:/opt/ros/kilted/opt/sdformat_vendor/lib:/opt/ros/kilted/opt/gz_gui_vendor/lib:/opt/ros/kilted/opt/gz_transport_vendor/lib:/opt/ros/kilted/opt/gz_rendering_vendor/lib:/opt/ros/kilted/opt/gz_plugin_vendor/lib:/opt/ros/kilted/opt/gz_fuel_tools_vendor/lib:/opt/ros/kilted/opt/gz_msgs_vendor/lib:/opt/ros/kilted/opt/gz_common_vendor/lib:/opt/ros/kilted/opt/gz_math_vendor/lib:/opt/ros/kilted/opt/gz_utils_vendor/lib:/opt/ros/kilted/opt/rviz_ogre_vendor/lib:/opt/ros/kilted/lib/x86_64-linux-gnu:/opt/ros/kilted/opt/gz_tools_vendor/lib:/opt/ros/kilted/opt/gz_ogre_next_vendor/lib:/opt/ros/kilted/opt/gz_dartsim_vendor/lib:/opt/ros/kilted/opt/gz_cmake_vendor/lib:/opt/ros/kilted/lib PYTHONPATH=/home/liam-bouffard/Desktop/rob599_mobile_robotics/Homework_3/pioneer_ws/build/pioneer/prefix_override:/usr/lib/python3/dist-packages/colcon_core/task/python/colcon_distutils_commands:/home/liam-bouffard/Desktop/rob599_mobile_robotics/Homework_3/pioneer_ws/install/pioneer/lib/python3.12/site-packages:/home/liam-bouffard/Desktop/rob599_mobile_robotics/Homework_3/pioneer_ws/install/pioneer_interfaces/lib/python3.12/site-packages:/home/liam-bouffard/Desktop/rob599_mobile_robotics/Homework_3/pioneer_ws/install/goal_target/lib/python3.12/site-packages:/home/liam-bouffard/Desktop/rob599_mobile_robotics/Homework_3/pioneer_ws/build/start_robot:/home/liam-bouffard/Desktop/rob599_mobile_robotics/Homework_3/pioneer_ws/install/start_robot/lib/python3.12/site-packages:/home/liam-bouffard/Desktop/rob599_mobile_robotics/Homework_3/pioneer_ws/build/pioneer:/home/liam-bouffard/Desktop/rob599_mobile_robotics/Homework_3/pioneer_ws/install/pioneer/lib/python3.12/site-packages:/opt/ros/kilted/lib/python3.12/site-packages /usr/bin/python3 -W ignore:setup.py install is deprecated -W ignore:easy_install command is deprecated setup.py develop --editable --build-directory /home/liam-bouffard/Desktop/rob599_mobile_robotics/Homework_3/pioneer_ws/build/pioneer/build --no-deps symlink_data
[7.850s] INFO:colcon.colcon_core.shell:Creating environment descriptor '/home/liam-bouffard/Desktop/rob599_mobile_robotics/Homework_3/pioneer_ws/build/pioneer/share/pioneer/hook/pythonpath_develop.dsv'
[7.850s] INFO:colcon.colcon_core.shell:Creating environment hook '/home/liam-bouffard/Desktop/rob599_mobile_robotics/Homework_3/pioneer_ws/build/pioneer/share/pioneer/hook/pythonpath_develop.sh'
[7.850s] Level 1:colcon.colcon_core.environment:checking '/home/liam-bouffard/Desktop/rob599_mobile_robotics/Homework_3/pioneer_ws/install/pioneer' for CMake module files
[7.851s] Level 1:colcon.colcon_core.environment:checking '/home/liam-bouffard/Desktop/rob599_mobile_robotics/Homework_3/pioneer_ws/install/pioneer' for CMake config files
[7.851s] Level 1:colcon.colcon_core.environment:checking '/home/liam-bouffard/Desktop/rob599_mobile_robotics/Homework_3/pioneer_ws/install/pioneer/lib'
[7.851s] Level 1:colcon.colcon_core.environment:checking '/home/liam-bouffard/Desktop/rob599_mobile_robotics/Homework_3/pioneer_ws/install/pioneer/bin'
[7.851s] Level 1:colcon.colcon_core.environment:checking '/home/liam-bouffard/Desktop/rob599_mobile_robotics/Homework_3/pioneer_ws/install/pioneer/lib/pkgconfig/pioneer.pc'
[7.851s] Level 1:colcon.colcon_core.environment:checking '/home/liam-bouffard/Desktop/rob599_mobile_robotics/Homework_3/pioneer_ws/install/pioneer/lib/python3.12/site-packages'
[7.851s] Level 1:colcon.colcon_core.shell:create_environment_hook('pioneer', 'pythonpath')
[7.851s] INFO:colcon.colcon_core.shell:Creating environment hook '/home/liam-bouffard/Desktop/rob599_mobile_robotics/Homework_3/pioneer_ws/install/pioneer/share/pioneer/hook/pythonpath.ps1'
[7.852s] INFO:colcon.colcon_core.shell:Creating environment descriptor '/home/liam-bouffard/Desktop/rob599_mobile_robotics/Homework_3/pioneer_ws/install/pioneer/share/pioneer/hook/pythonpath.dsv'
[7.852s] INFO:colcon.colcon_core.shell:Creating environment hook '/home/liam-bouffard/Desktop/rob599_mobile_robotics/Homework_3/pioneer_ws/install/pioneer/share/pioneer/hook/pythonpath.sh'
[7.852s] Level 1:colcon.colcon_core.environment:checking '/home/liam-bouffard/Desktop/rob599_mobile_robotics/Homework_3/pioneer_ws/install/pioneer/bin'
[7.852s] Level 1:colcon.colcon_core.environment:create_environment_scripts_only(pioneer)
[7.852s] INFO:colcon.colcon_core.shell:Creating package script '/home/liam-bouffard/Desktop/rob599_mobile_robotics/Homework_3/pioneer_ws/install/pioneer/share/pioneer/package.ps1'
[7.853s] INFO:colcon.colcon_core.shell:Creating package descriptor '/home/liam-bouffard/Desktop/rob599_mobile_robotics/Homework_3/pioneer_ws/install/pioneer/share/pioneer/package.dsv'
[7.853s] INFO:colcon.colcon_core.shell:Creating package script '/home/liam-bouffard/Desktop/rob599_mobile_robotics/Homework_3/pioneer_ws/install/pioneer/share/pioneer/package.sh'
[7.853s] INFO:colcon.colcon_core.shell:Creating package script '/home/liam-bouffard/Desktop/rob599_mobile_robotics/Homework_3/pioneer_ws/install/pioneer/share/pioneer/package.bash'
[7.853s] INFO:colcon.colcon_core.shell:Creating package script '/home/liam-bouffard/Desktop/rob599_mobile_robotics/Homework_3/pioneer_ws/install/pioneer/share/pioneer/package.zsh'
[7.853s] Level 1:colcon.colcon_core.environment:create_file_with_runtime_dependencies(/home/liam-bouffard/Desktop/rob599_mobile_robotics/Homework_3/pioneer_ws/install/pioneer/share/colcon-core/packages/pioneer)
[18.035s] DEBUG:colcon.colcon_core.event_handler.log_command:Invoked command in '/home/liam-bouffard/Desktop/rob599_mobile_robotics/Homework_3/pioneer_ws/build/stage_ros2' returned '0': CMAKE_PREFIX_PATH=/home/liam-bouffard/Desktop/rob599_mobile_robotics/Homework_3/pioneer_ws/install/start_robot:/home/liam-bouffard/Desktop/rob599_mobile_robotics/Homework_3/pioneer_ws/install/pioneer:/opt/ros/kilted:/home/liam-bouffard/Desktop/rob599_mobile_robotics/Homework_3/pioneer_ws/install/stage:/home/liam-bouffard/Desktop/rob599_mobile_robotics/Homework_3/pioneer_ws/install/stage_ros2:/home/liam-bouffard/Desktop/rob599_mobile_robotics/Homework_3/pioneer_ws/install/pioneer_interfaces:/home/liam-bouffard/Desktop/rob599_mobile_robotics/Homework_3/pioneer_ws/install/goal_target:/opt/ros/kilted/opt/gz_sim_vendor:/opt/ros/kilted/opt/gz_sensors_vendor:/opt/ros/kilted/opt/gz_physics_vendor:/opt/ros/kilted/opt/sdformat_vendor:/opt/ros/kilted/opt/gz_gui_vendor:/opt/ros/kilted/opt/gz_transport_vendor:/opt/ros/kilted/opt/gz_rendering_vendor:/opt/ros/kilted/opt/gz_plugin_vendor:/opt/ros/kilted/opt/gz_fuel_tools_vendor:/opt/ros/kilted/opt/gz_msgs_vendor:/opt/ros/kilted/opt/gz_common_vendor:/opt/ros/kilted/opt/gz_math_vendor:/opt/ros/kilted/opt/gz_utils_vendor:/opt/ros/kilted/opt/gz_tools_vendor:/opt/ros/kilted/opt/gz_ogre_next_vendor:/opt/ros/kilted/opt/gz_dartsim_vendor:/opt/ros/kilted/opt/gz_cmake_vendor DEBUGINFOD_URLS=https://debuginfod.ubuntu.com LD_LIBRARY_PATH=/home/liam-bouffard/Desktop/rob599_mobile_robotics/Homework_3/pioneer_ws/install/stage/lib:/home/liam-bouffard/Desktop/rob599_mobile_robotics/Homework_3/pioneer_ws/install/stage_ros2/lib:/home/liam-bouffard/Desktop/rob599_mobile_robotics/Homework_3/pioneer_ws/install/pioneer_interfaces/lib:/home/liam-bouffard/Desktop/rob599_mobile_robotics/Homework_3/pioneer_ws/install/goal_target/lib:/opt/ros/kilted/opt/zenoh_cpp_vendor/lib:/opt/ros/kilted/opt/gz_sim_vendor/lib:/opt/ros/kilted/opt/gz_sensors_vendor/lib:/opt/ros/kilted/opt/gz_physics_vendor/lib:/opt/ros/kilted/opt/sdformat_vendor/lib:/opt/ros/kilted/opt/gz_gui_vendor/lib:/opt/ros/kilted/opt/gz_transport_vendor/lib:/opt/ros/kilted/opt/gz_rendering_vendor/lib:/opt/ros/kilted/opt/gz_plugin_vendor/lib:/opt/ros/kilted/opt/gz_fuel_tools_vendor/lib:/opt/ros/kilted/opt/gz_msgs_vendor/lib:/opt/ros/kilted/opt/gz_common_vendor/lib:/opt/ros/kilted/opt/gz_math_vendor/lib:/opt/ros/kilted/opt/gz_utils_vendor/lib:/opt/ros/kilted/opt/rviz_ogre_vendor/lib:/opt/ros/kilted/lib/x86_64-linux-gnu:/opt/ros/kilted/opt/gz_tools_vendor/lib:/opt/ros/kilted/opt/gz_ogre_next_vendor/lib:/opt/ros/kilted/opt/gz_dartsim_vendor/lib:/opt/ros/kilted/opt/gz_cmake_vendor/lib:/opt/ros/kilted/lib /usr/bin/cmake --build /home/liam-bouffard/Desktop/rob599_mobile_robotics/Homework_3/pioneer_ws/build/stage_ros2 -- -j32 -l32
[18.035s] DEBUG:colcon.colcon_core.event_handler.log_command:Invoking command in '/home/liam-bouffard/Desktop/rob599_mobile_robotics/Homework_3/pioneer_ws/build/stage_ros2': CMAKE_PREFIX_PATH=/home/liam-bouffard/Desktop/rob599_mobile_robotics/Homework_3/pioneer_ws/install/start_robot:/home/liam-bouffard/Desktop/rob599_mobile_robotics/Homework_3/pioneer_ws/install/pioneer:/opt/ros/kilted:/home/liam-bouffard/Desktop/rob599_mobile_robotics/Homework_3/pioneer_ws/install/stage:/home/liam-bouffard/Desktop/rob599_mobile_robotics/Homework_3/pioneer_ws/install/stage_ros2:/home/liam-bouffard/Desktop/rob599_mobile_robotics/Homework_3/pioneer_ws/install/pioneer_interfaces:/home/liam-bouffard/Desktop/rob599_mobile_robotics/Homework_3/pioneer_ws/install/goal_target:/opt/ros/kilted/opt/gz_sim_vendor:/opt/ros/kilted/opt/gz_sensors_vendor:/opt/ros/kilted/opt/gz_physics_vendor:/opt/ros/kilted/opt/sdformat_vendor:/opt/ros/kilted/opt/gz_gui_vendor:/opt/ros/kilted/opt/gz_transport_vendor:/opt/ros/kilted/opt/gz_rendering_vendor:/opt/ros/kilted/opt/gz_plugin_vendor:/opt/ros/kilted/opt/gz_fuel_tools_vendor:/opt/ros/kilted/opt/gz_msgs_vendor:/opt/ros/kilted/opt/gz_common_vendor:/opt/ros/kilted/opt/gz_math_vendor:/opt/ros/kilted/opt/gz_utils_vendor:/opt/ros/kilted/opt/gz_tools_vendor:/opt/ros/kilted/opt/gz_ogre_next_vendor:/opt/ros/kilted/opt/gz_dartsim_vendor:/opt/ros/kilted/opt/gz_cmake_vendor DEBUGINFOD_URLS=https://debuginfod.ubuntu.com LD_LIBRARY_PATH=/home/liam-bouffard/Desktop/rob599_mobile_robotics/Homework_3/pioneer_ws/install/stage/lib:/home/liam-bouffard/Desktop/rob599_mobile_robotics/Homework_3/pioneer_ws/install/stage_ros2/lib:/home/liam-bouffard/Desktop/rob599_mobile_robotics/Homework_3/pioneer_ws/install/pioneer_interfaces/lib:/home/liam-bouffard/Desktop/rob599_mobile_robotics/Homework_3/pioneer_ws/install/goal_target/lib:/opt/ros/kilted/opt/zenoh_cpp_vendor/lib:/opt/ros/kilted/opt/gz_sim_vendor/lib:/opt/ros/kilted/opt/gz_sensors_vendor/lib:/opt/ros/kilted/opt/gz_physics_vendor/lib:/opt/ros/kilted/opt/sdformat_vendor/lib:/opt/ros/kilted/opt/gz_gui_vendor/lib:/opt/ros/kilted/opt/gz_transport_vendor/lib:/opt/ros/kilted/opt/gz_rendering_vendor/lib:/opt/ros/kilted/opt/gz_plugin_vendor/lib:/opt/ros/kilted/opt/gz_fuel_tools_vendor/lib:/opt/ros/kilted/opt/gz_msgs_vendor/lib:/opt/ros/kilted/opt/gz_common_vendor/lib:/opt/ros/kilted/opt/gz_math_vendor/lib:/opt/ros/kilted/opt/gz_utils_vendor/lib:/opt/ros/kilted/opt/rviz_ogre_vendor/lib:/opt/ros/kilted/lib/x86_64-linux-gnu:/opt/ros/kilted/opt/gz_tools_vendor/lib:/opt/ros/kilted/opt/gz_ogre_next_vendor/lib:/opt/ros/kilted/opt/gz_dartsim_vendor/lib:/opt/ros/kilted/opt/gz_cmake_vendor/lib:/opt/ros/kilted/lib /usr/bin/cmake --install /home/liam-bouffard/Desktop/rob599_mobile_robotics/Homework_3/pioneer_ws/build/stage_ros2
[18.489s] Level 1:colcon.colcon_core.environment:create_environment_scripts_only(stage_ros2)
[18.490s] Level 1:colcon.colcon_core.environment:checking '/home/liam-bouffard/Desktop/rob599_mobile_robotics/Homework_3/pioneer_ws/install/stage_ros2' for CMake module files
[18.490s] DEBUG:colcon.colcon_core.event_handler.log_command:Invoked command in '/home/liam-bouffard/Desktop/rob599_mobile_robotics/Homework_3/pioneer_ws/build/stage_ros2' returned '0': CMAKE_PREFIX_PATH=/home/liam-bouffard/Desktop/rob599_mobile_robotics/Homework_3/pioneer_ws/install/start_robot:/home/liam-bouffard/Desktop/rob599_mobile_robotics/Homework_3/pioneer_ws/install/pioneer:/opt/ros/kilted:/home/liam-bouffard/Desktop/rob599_mobile_robotics/Homework_3/pioneer_ws/install/stage:/home/liam-bouffard/Desktop/rob599_mobile_robotics/Homework_3/pioneer_ws/install/stage_ros2:/home/liam-bouffard/Desktop/rob599_mobile_robotics/Homework_3/pioneer_ws/install/pioneer_interfaces:/home/liam-bouffard/Desktop/rob599_mobile_robotics/Homework_3/pioneer_ws/install/goal_target:/opt/ros/kilted/opt/gz_sim_vendor:/opt/ros/kilted/opt/gz_sensors_vendor:/opt/ros/kilted/opt/gz_physics_vendor:/opt/ros/kilted/opt/sdformat_vendor:/opt/ros/kilted/opt/gz_gui_vendor:/opt/ros/kilted/opt/gz_transport_vendor:/opt/ros/kilted/opt/gz_rendering_vendor:/opt/ros/kilted/opt/gz_plugin_vendor:/opt/ros/kilted/opt/gz_fuel_tools_vendor:/opt/ros/kilted/opt/gz_msgs_vendor:/opt/ros/kilted/opt/gz_common_vendor:/opt/ros/kilted/opt/gz_math_vendor:/opt/ros/kilted/opt/gz_utils_vendor:/opt/ros/kilted/opt/gz_tools_vendor:/opt/ros/kilted/opt/gz_ogre_next_vendor:/opt/ros/kilted/opt/gz_dartsim_vendor:/opt/ros/kilted/opt/gz_cmake_vendor DEBUGINFOD_URLS=https://debuginfod.ubuntu.com LD_LIBRARY_PATH=/home/liam-bouffard/Desktop/rob599_mobile_robotics/Homework_3/pioneer_ws/install/stage/lib:/home/liam-bouffard/Desktop/rob599_mobile_robotics/Homework_3/pioneer_ws/install/stage_ros2/lib:/home/liam-bouffard/Desktop/rob599_mobile_robotics/Homework_3/pioneer_ws/install/pioneer_interfaces/lib:/home/liam-bouffard/Desktop/rob599_mobile_robotics/Homework_3/pioneer_ws/install/goal_target/lib:/opt/ros/kilted/opt/zenoh_cpp_vendor/lib:/opt/ros/kilted/opt/gz_sim_vendor/lib:/opt/ros/kilted/opt/gz_sensors_vendor/lib:/opt/ros/kilted/opt/gz_physics_vendor/lib:/opt/ros/kilted/opt/sdformat_vendor/lib:/opt/ros/kilted/opt/gz_gui_vendor/lib:/opt/ros/kilted/opt/gz_transport_vendor/lib:/opt/ros/kilted/opt/gz_rendering_vendor/lib:/opt/ros/kilted/opt/gz_plugin_vendor/lib:/opt/ros/kilted/opt/gz_fuel_tools_vendor/lib:/opt/ros/kilted/opt/gz_msgs_vendor/lib:/opt/ros/kilted/opt/gz_common_vendor/lib:/opt/ros/kilted/opt/gz_math_vendor/lib:/opt/ros/kilted/opt/gz_utils_vendor/lib:/opt/ros/kilted/opt/rviz_ogre_vendor/lib:/opt/ros/kilted/lib/x86_64-linux-gnu:/opt/ros/kilted/opt/gz_tools_vendor/lib:/opt/ros/kilted/opt/gz_ogre_next_vendor/lib:/opt/ros/kilted/opt/gz_dartsim_vendor/lib:/opt/ros/kilted/opt/gz_cmake_vendor/lib:/opt/ros/kilted/lib /usr/bin/cmake --install /home/liam-bouffard/Desktop/rob599_mobile_robotics/Homework_3/pioneer_ws/build/stage_ros2
[18.491s] Level 1:colcon.colcon_core.environment:checking '/home/liam-bouffard/Desktop/rob599_mobile_robotics/Homework_3/pioneer_ws/install/stage_ros2' for CMake config files
[18.491s] Level 1:colcon.colcon_core.shell:create_environment_hook('stage_ros2', 'cmake_prefix_path')
[18.491s] INFO:colcon.colcon_core.shell:Creating environment hook '/home/liam-bouffard/Desktop/rob599_mobile_robotics/Homework_3/pioneer_ws/install/stage_ros2/share/stage_ros2/hook/cmake_prefix_path.ps1'
[18.491s] INFO:colcon.colcon_core.shell:Creating environment descriptor '/home/liam-bouffard/Desktop/rob599_mobile_robotics/Homework_3/pioneer_ws/install/stage_ros2/share/stage_ros2/hook/cmake_prefix_path.dsv'
[18.492s] INFO:colcon.colcon_core.shell:Creating environment hook '/home/liam-bouffard/Desktop/rob599_mobile_robotics/Homework_3/pioneer_ws/install/stage_ros2/share/stage_ros2/hook/cmake_prefix_path.sh'
[18.492s] Level 1:colcon.colcon_core.environment:checking '/home/liam-bouffard/Desktop/rob599_mobile_robotics/Homework_3/pioneer_ws/install/stage_ros2/lib'
[18.492s] Level 1:colcon.colcon_core.shell:create_environment_hook('stage_ros2', 'ld_library_path_lib')
[18.492s] INFO:colcon.colcon_core.shell:Creating environment hook '/home/liam-bouffard/Desktop/rob599_mobile_robotics/Homework_3/pioneer_ws/install/stage_ros2/share/stage_ros2/hook/ld_library_path_lib.ps1'
[18.493s] INFO:colcon.colcon_core.shell:Creating environment descriptor '/home/liam-bouffard/Desktop/rob599_mobile_robotics/Homework_3/pioneer_ws/install/stage_ros2/share/stage_ros2/hook/ld_library_path_lib.dsv'
[18.493s] INFO:colcon.colcon_core.shell:Creating environment hook '/home/liam-bouffard/Desktop/rob599_mobile_robotics/Homework_3/pioneer_ws/install/stage_ros2/share/stage_ros2/hook/ld_library_path_lib.sh'
[18.493s] Level 1:colcon.colcon_core.environment:checking '/home/liam-bouffard/Desktop/rob599_mobile_robotics/Homework_3/pioneer_ws/install/stage_ros2/bin'
[18.493s] Level 1:colcon.colcon_core.environment:checking '/home/liam-bouffard/Desktop/rob599_mobile_robotics/Homework_3/pioneer_ws/install/stage_ros2/lib/pkgconfig/stage_ros2.pc'
[18.494s] Level 1:colcon.colcon_core.environment:checking '/home/liam-bouffard/Desktop/rob599_mobile_robotics/Homework_3/pioneer_ws/install/stage_ros2/lib/python3.12/site-packages'
[18.494s] Level 1:colcon.colcon_core.environment:checking '/home/liam-bouffard/Desktop/rob599_mobile_robotics/Homework_3/pioneer_ws/install/stage_ros2/bin'
[18.494s] INFO:colcon.colcon_core.shell:Creating package script '/home/liam-bouffard/Desktop/rob599_mobile_robotics/Homework_3/pioneer_ws/install/stage_ros2/share/stage_ros2/package.ps1'
[18.495s] INFO:colcon.colcon_core.shell:Creating package descriptor '/home/liam-bouffard/Desktop/rob599_mobile_robotics/Homework_3/pioneer_ws/install/stage_ros2/share/stage_ros2/package.dsv'
[18.495s] INFO:colcon.colcon_core.shell:Creating package script '/home/liam-bouffard/Desktop/rob599_mobile_robotics/Homework_3/pioneer_ws/install/stage_ros2/share/stage_ros2/package.sh'
[18.495s] INFO:colcon.colcon_core.shell:Creating package script '/home/liam-bouffard/Desktop/rob599_mobile_robotics/Homework_3/pioneer_ws/install/stage_ros2/share/stage_ros2/package.bash'
[18.495s] INFO:colcon.colcon_core.shell:Creating package script '/home/liam-bouffard/Desktop/rob599_mobile_robotics/Homework_3/pioneer_ws/install/stage_ros2/share/stage_ros2/package.zsh'
[18.496s] Level 1:colcon.colcon_core.environment:create_file_with_runtime_dependencies(/home/liam-bouffard/Desktop/rob599_mobile_robotics/Homework_3/pioneer_ws/install/stage_ros2/share/colcon-core/packages/stage_ros2)
[18.496s] Level 1:colcon.colcon_core.environment:create_environment_scripts_only(stage_ros2)
[18.496s] Level 1:colcon.colcon_core.environment:checking '/home/liam-bouffard/Desktop/rob599_mobile_robotics/Homework_3/pioneer_ws/install/stage_ros2' for CMake module files
[18.497s] Level 1:colcon.colcon_core.environment:checking '/home/liam-bouffard/Desktop/rob599_mobile_robotics/Homework_3/pioneer_ws/install/stage_ros2' for CMake config files
[18.497s] Level 1:colcon.colcon_core.shell:create_environment_hook('stage_ros2', 'cmake_prefix_path')
[18.497s] INFO:colcon.colcon_core.shell:Creating environment hook '/home/liam-bouffard/Desktop/rob599_mobile_robotics/Homework_3/pioneer_ws/install/stage_ros2/share/stage_ros2/hook/cmake_prefix_path.ps1'
[18.497s] INFO:colcon.colcon_core.shell:Creating environment descriptor '/home/liam-bouffard/Desktop/rob599_mobile_robotics/Homework_3/pioneer_ws/install/stage_ros2/share/stage_ros2/hook/cmake_prefix_path.dsv'
[18.498s] INFO:colcon.colcon_core.shell:Creating environment hook '/home/liam-bouffard/Desktop/rob599_mobile_robotics/Homework_3/pioneer_ws/install/stage_ros2/share/stage_ros2/hook/cmake_prefix_path.sh'
[18.498s] Level 1:colcon.colcon_core.environment:checking '/home/liam-bouffard/Desktop/rob599_mobile_robotics/Homework_3/pioneer_ws/install/stage_ros2/lib'
[18.498s] Level 1:colcon.colcon_core.shell:create_environment_hook('stage_ros2', 'ld_library_path_lib')
[18.498s] INFO:colcon.colcon_core.shell:Creating environment hook '/home/liam-bouffard/Desktop/rob599_mobile_robotics/Homework_3/pioneer_ws/install/stage_ros2/share/stage_ros2/hook/ld_library_path_lib.ps1'
[18.499s] INFO:colcon.colcon_core.shell:Creating environment descriptor '/home/liam-bouffard/Desktop/rob599_mobile_robotics/Homework_3/pioneer_ws/install/stage_ros2/share/stage_ros2/hook/ld_library_path_lib.dsv'
[18.499s] INFO:colcon.colcon_core.shell:Creating environment hook '/home/liam-bouffard/Desktop/rob599_mobile_robotics/Homework_3/pioneer_ws/install/stage_ros2/share/stage_ros2/hook/ld_library_path_lib.sh'
[18.499s] Level 1:colcon.colcon_core.environment:checking '/home/liam-bouffard/Desktop/rob599_mobile_robotics/Homework_3/pioneer_ws/install/stage_ros2/bin'
[18.499s] Level 1:colcon.colcon_core.environment:checking '/home/liam-bouffard/Desktop/rob599_mobile_robotics/Homework_3/pioneer_ws/install/stage_ros2/lib/pkgconfig/stage_ros2.pc'
[18.499s] Level 1:colcon.colcon_core.environment:checking '/home/liam-bouffard/Desktop/rob599_mobile_robotics/Homework_3/pioneer_ws/install/stage_ros2/lib/python3.12/site-packages'
[18.500s] Level 1:colcon.colcon_core.environment:checking '/home/liam-bouffard/Desktop/rob599_mobile_robotics/Homework_3/pioneer_ws/install/stage_ros2/bin'
[18.500s] INFO:colcon.colcon_core.shell:Creating package script '/home/liam-bouffard/Desktop/rob599_mobile_robotics/Homework_3/pioneer_ws/install/stage_ros2/share/stage_ros2/package.ps1'
[18.500s] INFO:colcon.colcon_core.shell:Creating package descriptor '/home/liam-bouffard/Desktop/rob599_mobile_robotics/Homework_3/pioneer_ws/install/stage_ros2/share/stage_ros2/package.dsv'
[18.501s] INFO:colcon.colcon_core.shell:Creating package script '/home/liam-bouffard/Desktop/rob599_mobile_robotics/Homework_3/pioneer_ws/install/stage_ros2/share/stage_ros2/package.sh'
[18.501s] INFO:colcon.colcon_core.shell:Creating package script '/home/liam-bouffard/Desktop/rob599_mobile_robotics/Homework_3/pioneer_ws/install/stage_ros2/share/stage_ros2/package.bash'
[18.501s] INFO:colcon.colcon_core.shell:Creating package script '/home/liam-bouffard/Desktop/rob599_mobile_robotics/Homework_3/pioneer_ws/install/stage_ros2/share/stage_ros2/package.zsh'
[18.502s] Level 1:colcon.colcon_core.environment:create_file_with_runtime_dependencies(/home/liam-bouffard/Desktop/rob599_mobile_robotics/Homework_3/pioneer_ws/install/stage_ros2/share/colcon-core/packages/stage_ros2)
[18.502s] DEBUG:colcon.colcon_parallel_executor.executor.parallel:closing loop
[18.502s] DEBUG:colcon.colcon_parallel_executor.executor.parallel:loop closed
[18.502s] DEBUG:colcon.colcon_parallel_executor.executor.parallel:run_until_complete finished with '0'
[18.502s] DEBUG:colcon.colcon_core.event_reactor:joining thread
[18.507s] INFO:colcon.colcon_core.plugin_system:Skipping extension 'colcon_notification.desktop_notification.terminal_notifier': Not used on non-Darwin systems
[18.508s] INFO:colcon.colcon_core.plugin_system:Skipping extension 'colcon_notification.desktop_notification.win32': Not used on non-Windows systems
[18.508s] INFO:colcon.colcon_notification.desktop_notification:Sending desktop notification using 'notify2'
[18.525s] DEBUG:colcon.colcon_core.event_reactor:joined thread
[18.525s] INFO:colcon.colcon_core.shell:Creating prefix script '/home/liam-bouffard/Desktop/rob599_mobile_robotics/Homework_3/pioneer_ws/install/local_setup.ps1'
[18.526s] INFO:colcon.colcon_core.shell:Creating prefix util module '/home/liam-bouffard/Desktop/rob599_mobile_robotics/Homework_3/pioneer_ws/install/_local_setup_util_ps1.py'
[18.527s] INFO:colcon.colcon_core.shell:Creating prefix chain script '/home/liam-bouffard/Desktop/rob599_mobile_robotics/Homework_3/pioneer_ws/install/setup.ps1'
[18.528s] INFO:colcon.colcon_core.shell:Creating prefix script '/home/liam-bouffard/Desktop/rob599_mobile_robotics/Homework_3/pioneer_ws/install/local_setup.sh'
[18.529s] INFO:colcon.colcon_core.shell:Creating prefix util module '/home/liam-bouffard/Desktop/rob599_mobile_robotics/Homework_3/pioneer_ws/install/_local_setup_util_sh.py'
[18.529s] INFO:colcon.colcon_core.shell:Creating prefix chain script '/home/liam-bouffard/Desktop/rob599_mobile_robotics/Homework_3/pioneer_ws/install/setup.sh'
[18.530s] INFO:colcon.colcon_core.shell:Creating prefix script '/home/liam-bouffard/Desktop/rob599_mobile_robotics/Homework_3/pioneer_ws/install/local_setup.bash'
[18.530s] INFO:colcon.colcon_core.shell:Creating prefix chain script '/home/liam-bouffard/Desktop/rob599_mobile_robotics/Homework_3/pioneer_ws/install/setup.bash'
[18.531s] INFO:colcon.colcon_core.shell:Creating prefix script '/home/liam-bouffard/Desktop/rob599_mobile_robotics/Homework_3/pioneer_ws/install/local_setup.zsh'
[18.532s] INFO:colcon.colcon_core.shell:Creating prefix chain script '/home/liam-bouffard/Desktop/rob599_mobile_robotics/Homework_3/pioneer_ws/install/setup.zsh'
